Date,Adj Close,Close,High,Low,Open,Volume
2019-01-02,19.559999465942383,19.559999465942383,20.170000076293945,18.770000457763672,19.510000228881836,16100
2019-01-03,18.979999542236328,18.979999542236328,19.780000686645508,18.5,19.5,21100
2019-01-04,19.399999618530273,19.399999618530273,20.190000534057617,19.0,19.200000762939453,20400
2019-01-07,19.200000762939453,19.200000762939453,19.809999465942383,19.0,19.420000076293945,12400
2019-01-08,19.149999618530273,19.149999618530273,19.520000457763672,18.739999771118164,19.389999389648438,9300
2019-01-09,19.229999542236328,19.229999542236328,19.260000228881836,18.75,19.200000762939453,14900
2019-01-10,18.3799991607666,18.3799991607666,19.170000076293945,18.200000762939453,19.010000228881836,22700
2019-01-11,18.110000610351562,18.110000610351562,18.530000686645508,18.079999923706055,18.3799991607666,21700
2019-01-14,18.1299991607666,18.1299991607666,18.219999313354492,17.799999237060547,17.969999313354492,10500
2019-01-15,18.549999237060547,18.549999237060547,19.040000915527344,17.969999313354492,18.190000534057617,23400
2019-01-16,18.950000762939453,18.950000762939453,19.18000030517578,18.43000030517578,18.56999969482422,12400
2019-01-17,18.790000915527344,18.790000915527344,18.950000762939453,18.440000534057617,18.90999984741211,22100
2019-01-18,19.579999923706055,19.579999923706055,19.799999237060547,18.34000015258789,18.8700008392334,16000
2019-01-22,18.110000610351562,18.110000610351562,19.649999618530273,18.100000381469727,19.6200008392334,24200
2019-01-23,18.459999084472656,18.459999084472656,19.530000686645508,18.200000762939453,18.31999969482422,5200
2019-01-24,19.010000228881836,19.010000228881836,19.049999237060547,18.139999389648438,18.489999771118164,6800
2019-01-25,18.809999465942383,18.809999465942383,19.139999389648438,18.420000076293945,19.139999389648438,7500
2019-01-28,18.950000762939453,18.950000762939453,19.360000610351562,18.600000381469727,18.600000381469727,10500
2019-01-29,18.760000228881836,18.760000228881836,19.25,18.75,19.049999237060547,8400
2019-01-30,18.989999771118164,18.989999771118164,19.229999542236328,18.600000381469727,19.09000015258789,34700
2019-01-31,19.530000686645508,19.530000686645508,20.34000015258789,19.0,19.0,36000
2019-02-01,19.5,19.5,20.200000762939453,19.420000076293945,19.479999542236328,9200
2019-02-04,19.549999237060547,19.549999237060547,20.0,19.170000076293945,20.0,9400
2019-02-05,19.520000457763672,19.520000457763672,19.670000076293945,18.8799991607666,19.200000762939453,17100
2019-02-06,20.1299991607666,20.1299991607666,20.25,19.360000610351562,19.639999389648438,12200
2019-02-07,19.950000762939453,19.950000762939453,20.18000030517578,19.829999923706055,19.979999542236328,7200
2019-02-08,19.6200008392334,19.6200008392334,19.8799991607666,19.420000076293945,19.8799991607666,6500
2019-02-11,19.520000457763672,19.520000457763672,19.950000762939453,19.399999618530273,19.600000381469727,9600
2019-02-12,19.770000457763672,19.770000457763672,20.25,19.5,19.959999084472656,15800
2019-02-13,19.43000030517578,19.43000030517578,20.049999237060547,18.940000534057617,19.5,17500
2019-02-14,19.09000015258789,19.09000015258789,19.799999237060547,19.010000228881836,19.760000228881836,20000
2019-02-15,20.489999771118164,20.489999771118164,20.5,19.43000030517578,19.43000030517578,26700
2019-02-19,20.0,20.0,20.489999771118164,19.540000915527344,20.489999771118164,32400
2019-02-20,19.59000015258789,19.59000015258789,20.139999389648438,19.260000228881836,19.510000228881836,33500
2019-02-21,19.450000762939453,19.450000762939453,19.709999084472656,19.06999969482422,19.6299991607666,4800
2019-02-22,19.989999771118164,19.989999771118164,20.0,19.149999618530273,19.149999618530273,7600
2019-02-25,20.020000457763672,20.020000457763672,20.440000534057617,19.81999969482422,20.059999465942383,26100
2019-02-26,19.200000762939453,19.200000762939453,19.979999542236328,19.079999923706055,19.979999542236328,10600
2019-02-27,19.260000228881836,19.260000228881836,19.3700008392334,19.030000686645508,19.200000762939453,11300
2019-02-28,19.540000915527344,19.540000915527344,19.889999389648438,19.270000457763672,19.280000686645508,14800
2019-03-01,19.25,19.25,19.979999542236328,19.25,19.719999313354492,12000
2019-03-04,19.59000015258789,19.59000015258789,19.889999389648438,19.149999618530273,19.889999389648438,10200
2019-03-05,19.389999389648438,19.389999389648438,19.540000915527344,19.219999313354492,19.540000915527344,3800
2019-03-06,19.469999313354492,19.469999313354492,19.68000030517578,18.68000030517578,19.399999618530273,18600
2019-03-07,19.309999465942383,19.309999465942383,19.610000610351562,19.0,19.270000457763672,17300
2019-03-08,19.1200008392334,19.1200008392334,19.299999237060547,19.1200008392334,19.299999237060547,7700
2019-03-11,19.229999542236328,19.229999542236328,19.3799991607666,19.0,19.229999542236328,16400
2019-03-12,19.110000610351562,19.110000610351562,19.860000610351562,19.049999237060547,19.18000030517578,4600
2019-03-13,19.59000015258789,19.59000015258789,19.639999389648438,19.270000457763672,19.270000457763672,5800
2019-03-14,19.18000030517578,19.18000030517578,19.65999984741211,19.18000030517578,19.56999969482422,5500
2019-03-15,20.440000534057617,20.440000534057617,20.440000534057617,18.979999542236328,19.420000076293945,59000
2019-03-18,19.09000015258789,19.09000015258789,20.309999465942383,19.09000015258789,20.309999465942383,26200
2019-03-19,19.139999389648438,19.139999389648438,19.969999313354492,18.399999618530273,19.040000915527344,60900
2019-03-20,19.030000686645508,19.030000686645508,19.290000915527344,19.0,19.229999542236328,13700
2019-03-21,19.09000015258789,19.09000015258789,19.290000915527344,18.65999984741211,19.290000915527344,103200
2019-03-22,18.739999771118164,18.739999771118164,18.989999771118164,18.5,18.899999618530273,26200
2019-03-25,18.559999465942383,18.559999465942383,18.75,18.559999465942383,18.700000762939453,22600
2019-03-26,18.149999618530273,18.149999618530273,18.68000030517578,18.010000228881836,18.59000015258789,34000
2019-03-27,18.100000381469727,18.100000381469727,18.260000228881836,17.68000030517578,18.149999618530273,29900
2019-03-28,18.0,18.0,18.200000762939453,17.559999465942383,17.940000534057617,27300
2019-03-29,18.31999969482422,18.31999969482422,18.649999618530273,18.1299991607666,18.260000228881836,46200
2019-04-01,19.010000228881836,19.010000228881836,19.5,18.520000457763672,18.520000457763672,63900
2019-04-02,19.700000762939453,19.700000762939453,19.850000381469727,19.049999237060547,19.229999542236328,41300
2019-04-03,19.540000915527344,19.540000915527344,19.950000762939453,19.360000610351562,19.850000381469727,26900
2019-04-04,19.610000610351562,19.610000610351562,19.8799991607666,19.229999542236328,19.239999771118164,16900
2019-04-05,19.549999237060547,19.549999237060547,20.0,19.43000030517578,19.43000030517578,77600
2019-04-08,19.93000030517578,19.93000030517578,19.950000762939453,19.639999389648438,19.639999389648438,21700
2019-04-09,19.270000457763672,19.270000457763672,19.979999542236328,19.209999084472656,19.75,28500
2019-04-10,19.360000610351562,19.360000610351562,19.68000030517578,19.18000030517578,19.399999618530273,10700
2019-04-11,19.440000534057617,19.440000534057617,19.729999542236328,19.399999618530273,19.399999618530273,7900
2019-04-12,18.799999237060547,18.799999237060547,19.260000228881836,18.610000610351562,19.260000228881836,29400
2019-04-15,18.850000381469727,18.850000381469727,19.440000534057617,18.719999313354492,18.899999618530273,22800
2019-04-16,18.84000015258789,18.84000015258789,18.979999542236328,18.719999313354492,18.93000030517578,8100
2019-04-17,19.030000686645508,19.030000686645508,19.100000381469727,18.5,18.860000610351562,32000
2019-04-18,19.100000381469727,19.100000381469727,19.100000381469727,18.56999969482422,18.84000015258789,27100
2019-04-22,18.940000534057617,18.940000534057617,19.280000686645508,18.709999084472656,19.0,14300
2019-04-23,19.399999618530273,19.399999618530273,19.780000686645508,18.809999465942383,18.979999542236328,31100
2019-04-24,19.520000457763672,19.520000457763672,19.729999542236328,19.329999923706055,19.389999389648438,12300
2019-04-25,19.700000762939453,19.700000762939453,19.700000762939453,19.299999237060547,19.6299991607666,15700
2019-04-26,19.59000015258789,19.59000015258789,19.700000762939453,19.459999084472656,19.549999237060547,6000
2019-04-29,19.700000762939453,19.700000762939453,19.700000762939453,19.59000015258789,19.59000015258789,3900
2019-04-30,19.350000381469727,19.350000381469727,19.690000534057617,18.809999465942383,19.690000534057617,32300
2019-05-01,18.959999084472656,18.959999084472656,19.25,18.75,19.25,21500
2019-05-02,19.520000457763672,19.520000457763672,19.700000762939453,18.959999084472656,19.100000381469727,19500
2019-05-03,19.93000030517578,19.93000030517578,19.989999771118164,19.270000457763672,19.579999923706055,28800
2019-05-06,19.899999618530273,19.899999618530273,20.25,19.6299991607666,19.6299991607666,36100
2019-05-07,19.770000457763672,19.770000457763672,20.25,19.700000762939453,20.059999465942383,32400
2019-05-08,20.040000915527344,20.040000915527344,20.25,19.68000030517578,19.81999969482422,59500
2019-05-09,20.25,20.25,20.399999618530273,19.700000762939453,20.0,41100
2019-05-10,19.979999542236328,19.979999542236328,20.229999542236328,19.739999771118164,20.229999542236328,101200
2019-05-13,20.0,20.0,20.0,19.360000610351562,19.649999618530273,33700
2019-05-14,19.360000610351562,19.360000610351562,19.920000076293945,19.170000076293945,19.65999984741211,63400
2019-05-15,19.3700008392334,19.3700008392334,19.959999084472656,19.040000915527344,19.040000915527344,61800
2019-05-16,19.290000915527344,19.290000915527344,19.950000762939453,19.149999618530273,19.479999542236328,33800
2019-05-17,19.079999923706055,19.079999923706055,19.360000610351562,19.049999237060547,19.170000076293945,46300
2019-05-20,18.739999771118164,18.739999771118164,19.299999237060547,18.520000457763672,18.899999618530273,67300
2019-05-21,19.25,19.25,19.489999771118164,18.65999984741211,18.799999237060547,43300
2019-05-22,19.59000015258789,19.59000015258789,19.709999084472656,19.25,19.489999771118164,107000
2019-05-23,19.5,19.5,19.56999969482422,19.200000762939453,19.540000915527344,26600
2019-05-24,18.959999084472656,18.959999084472656,19.780000686645508,18.780000686645508,19.549999237060547,71800
2019-05-28,19.25,19.25,19.700000762939453,19.049999237060547,19.049999237060547,120300
2019-05-29,19.3700008392334,19.3700008392334,19.469999313354492,18.68000030517578,19.06999969482422,79600
2019-05-30,18.5,18.5,19.459999084472656,18.389999389648438,19.280000686645508,45900
2019-05-31,17.84000015258789,17.84000015258789,18.549999237060547,17.530000686645508,18.549999237060547,92500
2019-06-03,16.139999389648438,16.139999389648438,17.959999084472656,15.90999984741211,17.719999313354492,214600
2019-06-04,15.819999694824219,15.819999694824219,16.75,15.75,16.299999237060547,108400
2019-06-05,15.770000457763672,15.770000457763672,16.25,14.859999656677246,16.25,198400
2019-06-06,14.40999984741211,14.40999984741211,16.010000228881836,14.140000343322754,16.0,160800
2019-06-07,14.239999771118164,14.239999771118164,15.390000343322754,13.949999809265137,14.609999656677246,247900
2019-06-10,13.75,13.75,14.65999984741211,13.619999885559082,14.210000038146973,146900
2019-06-11,14.520000457763672,14.520000457763672,14.890000343322754,13.359999656677246,13.800000190734863,227900
2019-06-12,14.710000038146973,14.710000038146973,14.84000015258789,13.930000305175781,14.5,108400
2019-06-13,15.029999732971191,15.029999732971191,15.130000114440918,14.020000457763672,14.739999771118164,124200
2019-06-14,16.110000610351562,16.110000610351562,16.75,15.069999694824219,15.279999732971191,194000
2019-06-17,16.34000015258789,16.34000015258789,16.610000610351562,16.049999237060547,16.219999313354492,108200
2019-06-18,15.430000305175781,15.430000305175781,16.43000030517578,15.359999656677246,16.43000030517578,70300
2019-06-19,15.949999809265137,15.949999809265137,16.010000228881836,15.130000114440918,15.569999694824219,51500
2019-06-20,16.31999969482422,16.31999969482422,16.799999237060547,15.9399995803833,16.049999237060547,67800
2019-06-21,16.040000915527344,16.040000915527344,16.809999465942383,15.15999984741211,16.229999542236328,215700
2019-06-24,16.010000228881836,16.010000228881836,16.579999923706055,15.6899995803833,15.899999618530273,68700
2019-06-25,15.8100004196167,15.8100004196167,16.059999465942383,15.75,16.059999465942383,35900
2019-06-26,15.739999771118164,15.739999771118164,15.979999542236328,15.59000015258789,15.630000114440918,39200
2019-06-27,16.200000762939453,16.200000762939453,16.360000610351562,15.520000457763672,15.739999771118164,70800
2019-06-28,16.709999084472656,16.709999084472656,17.190000534057617,16.06999969482422,16.420000076293945,393400
2019-07-01,15.899999618530273,15.899999618530273,16.829999923706055,15.75,16.809999465942383,93500
2019-07-02,15.880000114440918,15.880000114440918,16.059999465942383,15.75,15.899999618530273,116400
2019-07-03,15.819999694824219,15.819999694824219,15.970000267028809,15.5600004196167,15.970000267028809,75600
2019-07-05,15.84000015258789,15.84000015258789,16.40999984741211,15.029999732971191,15.819999694824219,71700
2019-07-08,15.1899995803833,15.1899995803833,15.899999618530273,14.819999694824219,15.829999923706055,66100
2019-07-09,14.899999618530273,14.899999618530273,15.34000015258789,14.630000114440918,15.15999984741211,83400
2019-07-10,14.829999923706055,14.829999923706055,15.300000190734863,14.600000381469727,15.010000228881836,67800
2019-07-11,15.09000015258789,15.09000015258789,15.600000381469727,14.550000190734863,14.739999771118164,43500
2019-07-12,15.15999984741211,15.15999984741211,15.569999694824219,15.079999923706055,15.149999618530273,36800
2019-07-15,14.84000015258789,14.84000015258789,15.109999656677246,14.550000190734863,15.109999656677246,77000
2019-07-16,15.199999809265137,15.199999809265137,15.550000190734863,14.869999885559082,14.869999885559082,44800
2019-07-17,15.3100004196167,15.3100004196167,15.4399995803833,15.029999732971191,15.399999618530273,21600
2019-07-18,15.319999694824219,15.319999694824219,15.670000076293945,15.140000343322754,15.350000381469727,24500
2019-07-19,15.329999923706055,15.329999923706055,15.479999542236328,14.880000114440918,15.25,26900
2019-07-22,15.279999732971191,15.279999732971191,15.489999771118164,15.09000015258789,15.420000076293945,21800
2019-07-23,15.0,15.0,15.390000343322754,14.819999694824219,15.390000343322754,27100
2019-07-24,15.039999961853027,15.039999961853027,15.369999885559082,14.880000114440918,15.069999694824219,92500
2019-07-25,14.899999618530273,14.899999618530273,15.199999809265137,14.819999694824219,15.109999656677246,56400
2019-07-26,14.760000228881836,14.760000228881836,15.220000267028809,14.739999771118164,15.09000015258789,40400
2019-07-29,15.119999885559082,15.119999885559082,15.289999961853027,14.680000305175781,14.829999923706055,42000
2019-07-30,15.300000190734863,15.300000190734863,15.479999542236328,14.90999984741211,15.100000381469727,36200
2019-07-31,15.300000190734863,15.300000190734863,16.1200008392334,15.180000305175781,15.289999961853027,51200
2019-08-01,15.270000457763672,15.270000457763672,15.84000015258789,15.039999961853027,15.369999885559082,43200
2019-08-02,14.859999656677246,14.859999656677246,15.239999771118164,14.819999694824219,15.239999771118164,25300
2019-08-05,14.520000457763672,14.520000457763672,14.930000305175781,14.350000381469727,14.729999542236328,36100
2019-08-06,14.529999732971191,14.529999732971191,14.569999694824219,14.170000076293945,14.5600004196167,18200
2019-08-07,14.84000015258789,14.84000015258789,15.229999542236328,14.390000343322754,14.390000343322754,15800
2019-08-08,15.420000076293945,15.420000076293945,15.539999961853027,14.739999771118164,14.779999732971191,46200
2019-08-09,15.050000190734863,15.050000190734863,15.579999923706055,15.010000228881836,15.34000015258789,32800
2019-08-12,14.649999618530273,14.649999618530273,15.609999656677246,14.5600004196167,15.270000457763672,57300
2019-08-13,14.770000457763672,14.770000457763672,15.380000114440918,14.529999732971191,14.8100004196167,61800
2019-08-14,16.15999984741211,16.15999984741211,17.860000610351562,15.010000228881836,15.010000228881836,249800
2019-08-15,16.360000610351562,16.360000610351562,16.489999771118164,15.229999542236328,16.200000762939453,81800
2019-08-16,16.209999084472656,16.209999084472656,16.610000610351562,15.819999694824219,16.360000610351562,65900
2019-08-19,15.75,15.75,16.31999969482422,15.65999984741211,16.31999969482422,33600
2019-08-20,15.75,15.75,16.280000686645508,15.529999732971191,15.75,41200
2019-08-21,15.779999732971191,15.779999732971191,16.360000610351562,15.479999542236328,15.850000381469727,51200
2019-08-22,16.59000015258789,16.59000015258789,16.709999084472656,15.539999961853027,15.779999732971191,67800
2019-08-23,16.770000457763672,16.770000457763672,17.010000228881836,16.020000457763672,16.510000228881836,69700
2019-08-26,19.399999618530273,19.399999618530273,19.6200008392334,16.639999389648438,16.639999389648438,590900
2019-08-27,19.850000381469727,19.850000381469727,21.010000228881836,18.920000076293945,19.020000457763672,489400
2019-08-28,20.40999984741211,20.40999984741211,20.5,19.299999237060547,19.489999771118164,176500
2019-08-29,20.3799991607666,20.3799991607666,20.899999618530273,19.850000381469727,20.440000534057617,206200
2019-08-30,19.579999923706055,19.579999923706055,20.889999389648438,19.510000228881836,20.350000381469727,156200
2019-09-03,19.510000228881836,19.510000228881836,20.0,19.06999969482422,19.610000610351562,147900
2019-09-04,19.1299991607666,19.1299991607666,20.450000762939453,19.110000610351562,19.450000762939453,147900
2019-09-05,20.290000915527344,20.290000915527344,20.469999313354492,19.139999389648438,19.190000534057617,181800
2019-09-06,20.219999313354492,20.219999313354492,21.15999984741211,20.0,20.0,171200
2019-09-09,20.170000076293945,20.170000076293945,21.18000030517578,19.489999771118164,20.219999313354492,165300
2019-09-10,20.549999237060547,20.549999237060547,21.049999237060547,20.030000686645508,20.280000686645508,132500
2019-09-11,20.0,20.0,21.479999542236328,19.8700008392334,20.540000915527344,169400
2019-09-12,19.969999313354492,19.969999313354492,20.68000030517578,19.540000915527344,20.40999984741211,99300
2019-09-13,19.469999313354492,19.469999313354492,20.530000686645508,19.3700008392334,20.06999969482422,99400
2019-09-16,20.25,20.25,20.469999313354492,19.469999313354492,19.469999313354492,182600
2019-09-17,20.780000686645508,20.780000686645508,21.25,19.829999923706055,20.350000381469727,199600
2019-09-18,20.770000457763672,20.770000457763672,21.40999984741211,20.520000457763672,20.790000915527344,158700
2019-09-19,20.209999084472656,20.209999084472656,21.389999389648438,20.09000015258789,20.829999923706055,117100
2019-09-20,21.40999984741211,21.40999984741211,21.5,20.049999237060547,20.15999984741211,2668200
2019-09-23,21.0,21.0,23.260000228881836,20.850000381469727,21.200000762939453,364300
2019-09-24,19.610000610351562,19.610000610351562,21.059999465942383,19.299999237060547,21.040000915527344,230300
2019-09-25,19.540000915527344,19.540000915527344,20.049999237060547,19.3700008392334,19.579999923706055,142200
2019-09-26,18.690000534057617,18.690000534057617,19.610000610351562,18.239999771118164,19.510000228881836,157500
2019-09-27,17.65999984741211,17.65999984741211,18.790000915527344,17.290000915527344,18.75,254000
2019-09-30,17.6200008392334,17.6200008392334,17.8799991607666,17.25,17.600000381469727,129300
2019-10-01,17.170000076293945,17.170000076293945,17.84000015258789,17.030000686645508,17.719999313354492,73200
2019-10-02,16.489999771118164,16.489999771118164,16.899999618530273,16.229999542236328,16.899999618530273,105000
2019-10-03,16.450000762939453,16.450000762939453,16.6200008392334,15.899999618530273,16.459999084472656,111700
2019-10-04,16.5,16.5,16.690000534057617,16.34000015258789,16.5,139100
2019-10-07,15.829999923706055,15.829999923706055,16.520000457763672,15.75,16.520000457763672,112700
2019-10-08,14.470000267028809,14.470000267028809,15.949999809265137,13.020000457763672,15.779999732971191,3650600
2019-10-09,15.0,15.0,15.420000076293945,14.140000343322754,14.569999694824219,454200
2019-10-10,15.40999984741211,15.40999984741211,15.9399995803833,14.899999618530273,15.119999885559082,181500
2019-10-11,15.350000381469727,15.350000381469727,16.149999618530273,15.119999885559082,15.609999656677246,211400
2019-10-14,15.170000076293945,15.170000076293945,15.489999771118164,14.739999771118164,15.350000381469727,78100
2019-10-15,15.369999885559082,15.369999885559082,15.960000038146973,15.220000267028809,15.300000190734863,129300
2019-10-16,15.130000114440918,15.130000114440918,15.529999732971191,15.010000228881836,15.390000343322754,90100
2019-10-17,15.020000457763672,15.020000457763672,15.300000190734863,14.8100004196167,15.210000038146973,105100
2019-10-18,14.800000190734863,14.800000190734863,14.979999542236328,14.5600004196167,14.979999542236328,82000
2019-10-21,14.9399995803833,14.9399995803833,15.140000343322754,14.619999885559082,14.850000381469727,113200
2019-10-22,14.680000305175781,14.680000305175781,15.369999885559082,14.640000343322754,14.970000267028809,92400
2019-10-23,14.600000381469727,14.600000381469727,15.029999732971191,14.569999694824219,14.65999984741211,53300
2019-10-24,14.550000190734863,14.550000190734863,14.65999984741211,14.279999732971191,14.609999656677246,80300
2019-10-25,14.600000381469727,14.600000381469727,14.859999656677246,14.350000381469727,14.489999771118164,47100
2019-10-28,14.960000038146973,14.960000038146973,15.15999984741211,14.600000381469727,14.710000038146973,77000
2019-10-29,15.109999656677246,15.109999656677246,15.130000114440918,14.760000228881836,14.930000305175781,54400
2019-10-30,15.0600004196167,15.0600004196167,15.40999984741211,14.869999885559082,15.149999618530273,109100
2019-10-31,14.970000267028809,14.970000267028809,15.34000015258789,14.729999542236328,15.039999961853027,124200
2019-11-01,15.079999923706055,15.079999923706055,15.4399995803833,14.989999771118164,15.029999732971191,58300
2019-11-04,15.100000381469727,15.100000381469727,15.539999961853027,15.0,15.210000038146973,79900
2019-11-05,14.829999923706055,14.829999923706055,15.25,14.789999961853027,15.140000343322754,60700
2019-11-06,15.479999542236328,15.479999542236328,15.789999961853027,14.720000267028809,14.880000114440918,184700
2019-11-07,15.210000038146973,15.210000038146973,16.09000015258789,14.9399995803833,15.289999961853027,147500
2019-11-08,15.569999694824219,15.569999694824219,15.729999542236328,14.890000343322754,15.100000381469727,131300
2019-11-11,14.770000457763672,14.770000457763672,15.899999618530273,14.75,15.399999618530273,144200
2019-11-12,15.260000228881836,15.260000228881836,15.319999694824219,14.630000114440918,14.75,116900
2019-11-13,15.069999694824219,15.069999694824219,15.59000015258789,14.979999542236328,15.079999923706055,110200
2019-11-14,14.720000267028809,14.720000267028809,15.130000114440918,14.5,15.0,131300
2019-11-15,15.3100004196167,15.3100004196167,15.40999984741211,14.520000457763672,14.84000015258789,121000
2019-11-18,16.299999237060547,16.299999237060547,16.299999237060547,15.390000343322754,15.470000267028809,138600
2019-11-19,16.170000076293945,16.170000076293945,16.540000915527344,15.850000381469727,16.280000686645508,144700
2019-11-20,17.540000915527344,17.540000915527344,17.809999465942383,15.899999618530273,16.1299991607666,390600
2019-11-21,18.3700008392334,18.3700008392334,18.469999313354492,17.5,17.6200008392334,177000
2019-11-22,17.170000076293945,17.170000076293945,18.579999923706055,17.09000015258789,18.399999618530273,175200
2019-11-25,17.56999969482422,17.56999969482422,17.68000030517578,16.809999465942383,17.309999465942383,157800
2019-11-26,17.950000762939453,17.950000762939453,18.350000381469727,17.520000457763672,17.520000457763672,149700
2019-11-27,18.3700008392334,18.3700008392334,18.440000534057617,17.90999984741211,17.90999984741211,132600
2019-11-29,18.270000457763672,18.270000457763672,18.690000534057617,18.260000228881836,18.489999771118164,97400
2019-12-02,18.040000915527344,18.040000915527344,18.280000686645508,17.719999313354492,18.280000686645508,114200
2019-12-03,18.3700008392334,18.3700008392334,18.639999389648438,17.700000762939453,17.700000762939453,153400
2019-12-04,18.360000610351562,18.360000610351562,18.600000381469727,18.18000030517578,18.540000915527344,133200
2019-12-05,18.579999923706055,18.579999923706055,18.84000015258789,18.399999618530273,18.399999618530273,113200
2019-12-06,19.010000228881836,19.010000228881836,19.139999389648438,18.6299991607666,18.6299991607666,234300
2019-12-09,16.829999923706055,16.829999923706055,19.0,16.670000076293945,19.0,318200
2019-12-10,17.190000534057617,17.190000534057617,17.31999969482422,16.280000686645508,16.860000610351562,197100
2019-12-11,17.639999389648438,17.639999389648438,17.739999771118164,16.959999084472656,17.200000762939453,133400
2019-12-12,18.040000915527344,18.040000915527344,18.40999984741211,17.510000228881836,17.610000610351562,174300
2019-12-13,18.290000915527344,18.290000915527344,18.610000610351562,17.899999618530273,18.020000457763672,214300
2019-12-16,18.700000762939453,18.700000762939453,19.100000381469727,18.299999237060547,18.34000015258789,290100
2019-12-17,18.31999969482422,18.31999969482422,18.979999542236328,18.149999618530273,18.770000457763672,206800
2019-12-18,18.350000381469727,18.350000381469727,18.790000915527344,18.139999389648438,18.260000228881836,228800
2019-12-19,18.8700008392334,18.8700008392334,18.989999771118164,18.059999465942383,18.280000686645508,161600
2019-12-20,18.729999542236328,18.729999542236328,19.139999389648438,18.549999237060547,18.93000030517578,351900
2019-12-23,18.81999969482422,18.81999969482422,19.06999969482422,18.25,18.600000381469727,119900
2019-12-24,19.149999618530273,19.149999618530273,19.25,18.59000015258789,18.799999237060547,126800
2019-12-26,18.90999984741211,18.90999984741211,19.299999237060547,18.760000228881836,19.15999984741211,61800
2019-12-27,18.649999618530273,18.649999618530273,18.90999984741211,18.270000457763672,18.90999984741211,76300
2019-12-30,18.479999542236328,18.479999542236328,18.700000762939453,18.1200008392334,18.700000762939453,68700
2019-12-31,18.40999984741211,18.40999984741211,18.700000762939453,18.3700008392334,18.3700008392334,70000
2020-01-02,18.219999313354492,18.219999313354492,18.520000457763672,17.790000915527344,18.510000228881836,80400
2020-01-03,17.979999542236328,17.979999542236328,18.25,17.8700008392334,18.020000457763672,51200
2020-01-06,18.0,18.0,18.06999969482422,17.670000076293945,17.790000915527344,73400
2020-01-07,17.540000915527344,17.540000915527344,18.110000610351562,17.510000228881836,17.979999542236328,60500
2020-01-08,17.209999084472656,17.209999084472656,17.6299991607666,17.18000030517578,17.549999237060547,69200
2020-01-09,17.260000228881836,17.260000228881836,17.540000915527344,17.15999984741211,17.190000534057617,48100
2020-01-10,17.43000030517578,17.43000030517578,17.469999313354492,17.06999969482422,17.34000015258789,47300
2020-01-13,17.510000228881836,17.510000228881836,17.549999237060547,16.780000686645508,17.299999237060547,106900
2020-01-14,17.920000076293945,17.920000076293945,18.049999237060547,17.520000457763672,17.530000686645508,64300
2020-01-15,18.25,18.25,18.6200008392334,18.049999237060547,18.049999237060547,74400
2020-01-16,18.559999465942383,18.559999465942383,18.700000762939453,18.40999984741211,18.5,42800
2020-01-17,18.799999237060547,18.799999237060547,19.040000915527344,18.440000534057617,18.56999969482422,115600
2020-01-21,18.389999389648438,18.389999389648438,18.81999969482422,18.200000762939453,18.610000610351562,63400
2020-01-22,18.8799991607666,18.8799991607666,18.93000030517578,18.290000915527344,18.389999389648438,42500
2020-01-23,18.3700008392334,18.3700008392334,18.860000610351562,18.239999771118164,18.860000610351562,58300
2020-01-24,18.149999618530273,18.149999618530273,18.489999771118164,17.889999389648438,18.450000762939453,52300
2020-01-27,18.0,18.0,18.219999313354492,17.790000915527344,17.93000030517578,55400
2020-01-28,18.34000015258789,18.34000015258789,18.479999542236328,18.079999923706055,18.079999923706055,73300
2020-01-29,18.100000381469727,18.100000381469727,18.360000610351562,18.0,18.360000610351562,34000
2020-01-30,18.190000534057617,18.190000534057617,18.229999542236328,17.649999618530273,17.829999923706055,62400
2020-01-31,17.920000076293945,17.920000076293945,18.09000015258789,17.520000457763672,18.09000015258789,48500
2020-02-03,18.280000686645508,18.280000686645508,18.34000015258789,17.790000915527344,18.09000015258789,50600
2020-02-04,18.0,18.0,18.65999984741211,17.940000534057617,18.469999313354492,47900
2020-02-05,18.40999984741211,18.40999984741211,18.440000534057617,17.860000610351562,18.229999542236328,36800
2020-02-06,18.34000015258789,18.34000015258789,18.489999771118164,18.239999771118164,18.40999984741211,22700
2020-02-07,18.579999923706055,18.579999923706055,18.860000610351562,18.100000381469727,18.260000228881836,42300
2020-02-10,18.59000015258789,18.59000015258789,18.639999389648438,18.360000610351562,18.510000228881836,20800
2020-02-11,18.84000015258789,18.84000015258789,18.940000534057617,18.459999084472656,18.649999618530273,41800
2020-02-12,17.979999542236328,17.979999542236328,19.100000381469727,17.899999618530273,18.940000534057617,142100
2020-02-13,17.479999542236328,17.479999542236328,17.75,16.670000076293945,17.6200008392334,86200
2020-02-14,17.149999618530273,17.149999618530273,17.790000915527344,17.0,17.469999313354492,38700
2020-02-18,17.3799991607666,17.3799991607666,17.399999618530273,17.149999618530273,17.149999618530273,14100
2020-02-19,17.790000915527344,17.790000915527344,17.920000076293945,17.31999969482422,17.420000076293945,32900
2020-02-20,17.549999237060547,17.549999237060547,17.799999237060547,17.3700008392334,17.75,20700
2020-02-21,17.489999771118164,17.489999771118164,17.610000610351562,17.149999618530273,17.56999969482422,16100
2020-02-24,17.059999465942383,17.059999465942383,17.229999542236328,16.889999389648438,17.010000228881836,25400
2020-02-25,17.270000457763672,17.270000457763672,17.56999969482422,16.709999084472656,16.709999084472656,46000
2020-02-26,17.950000762939453,17.950000762939453,18.31999969482422,17.18000030517578,17.31999969482422,114500
2020-02-27,17.540000915527344,17.540000915527344,17.889999389648438,17.1299991607666,17.729999542236328,81400
2020-02-28,17.469999313354492,17.469999313354492,17.510000228881836,16.239999771118164,17.139999389648438,78700
2020-03-02,17.540000915527344,17.540000915527344,17.989999771118164,17.170000076293945,17.549999237060547,114100
2020-03-03,16.469999313354492,16.469999313354492,17.600000381469727,16.3700008392334,17.600000381469727,81100
2020-03-04,16.770000457763672,16.770000457763672,17.18000030517578,16.34000015258789,16.850000381469727,52300
2020-03-05,15.930000305175781,15.930000305175781,16.600000381469727,15.800000190734863,16.549999237060547,80600
2020-03-06,15.920000076293945,15.920000076293945,16.079999923706055,15.470000267028809,15.550000190734863,64100
2020-03-09,14.930000305175781,14.930000305175781,15.460000038146973,14.800000190734863,15.25,63200
2020-03-10,14.829999923706055,14.829999923706055,15.369999885559082,14.109999656677246,15.140000343322754,79500
2020-03-11,14.069999694824219,14.069999694824219,14.739999771118164,13.880000114440918,14.550000190734863,83900
2020-03-12,12.550000190734863,12.550000190734863,14.59000015258789,12.020000457763672,13.899999618530273,142800
2020-03-13,12.260000228881836,12.260000228881836,13.520000457763672,11.720000267028809,12.920000076293945,115300
2020-03-16,9.550000190734863,9.550000190734863,11.109999656677246,9.489999771118164,11.109999656677246,96600
2020-03-17,10.6899995803833,10.6899995803833,10.739999771118164,9.649999618530273,9.649999618530273,83800
2020-03-18,11.050000190734863,11.050000190734863,11.59000015258789,9.270000457763672,10.100000381469727,71100
2020-03-19,11.989999771118164,11.989999771118164,11.989999771118164,10.640000343322754,10.649999618530273,63600
2020-03-20,11.119999885559082,11.119999885559082,13.399999618530273,10.760000228881836,12.0,341000
2020-03-23,10.970000267028809,10.970000267028809,12.4399995803833,9.75,10.819999694824219,52400
2020-03-24,12.0,12.0,12.0,11.119999885559082,11.460000038146973,74000
2020-03-25,12.079999923706055,12.079999923706055,12.760000228881836,11.420000076293945,12.0,76800
2020-03-26,12.9399995803833,12.9399995803833,13.119999885559082,12.180000305175781,12.180000305175781,48500
2020-03-27,13.09000015258789,13.09000015258789,13.229999542236328,12.569999694824219,12.569999694824219,91200
2020-03-30,13.739999771118164,13.739999771118164,13.989999771118164,13.220000267028809,13.220000267028809,32100
2020-03-31,12.920000076293945,12.920000076293945,13.979999542236328,12.010000228881836,13.8100004196167,87700
2020-04-01,12.3100004196167,12.3100004196167,12.630000114440918,12.0,12.15999984741211,43000
2020-04-02,12.399999618530273,12.399999618530273,12.680000305175781,11.90999984741211,12.119999885559082,44700
2020-04-03,12.140000343322754,12.140000343322754,12.430000305175781,11.569999694824219,12.300000190734863,33100
2020-04-06,13.739999771118164,13.739999771118164,13.739999771118164,12.569999694824219,12.569999694824219,61200
2020-04-07,13.75,13.75,13.979999542236328,13.050000190734863,13.800000190734863,72600
2020-04-08,14.210000038146973,14.210000038146973,14.390000343322754,13.359999656677246,13.760000228881836,58500
2020-04-09,15.0600004196167,15.0600004196167,15.0600004196167,14.050000190734863,14.210000038146973,53400
2020-04-13,14.350000381469727,14.350000381469727,14.979999542236328,14.119999885559082,14.979999542236328,47600
2020-04-14,14.829999923706055,14.829999923706055,14.880000114440918,13.9399995803833,13.970000267028809,50700
2020-04-15,14.050000190734863,14.050000190734863,14.699999809265137,13.920000076293945,14.699999809265137,37800
2020-04-16,14.050000190734863,14.050000190734863,14.260000228881836,13.329999923706055,14.09000015258789,45900
2020-04-17,13.460000038146973,13.460000038146973,14.399999618530273,13.300000190734863,14.399999618530273,65200
2020-04-20,13.869999885559082,13.869999885559082,14.3100004196167,13.329999923706055,13.329999923706055,20800
2020-04-21,13.279999732971191,13.279999732971191,13.779999732971191,13.210000038146973,13.550000190734863,32800
2020-04-22,13.59000015258789,13.59000015258789,13.8100004196167,13.399999618530273,13.529999732971191,25700
2020-04-23,14.069999694824219,14.069999694824219,14.59000015258789,13.630000114440918,13.630000114440918,51000
2020-04-24,14.34000015258789,14.34000015258789,14.40999984741211,13.800000190734863,14.020000457763672,15700
2020-04-27,14.970000267028809,14.970000267028809,15.170000076293945,14.0,14.539999961853027,46300
2020-04-28,15.130000114440918,15.130000114440918,15.720000267028809,14.890000343322754,15.1899995803833,44900
2020-04-29,15.949999809265137,15.949999809265137,16.25,15.489999771118164,15.720000267028809,67300
2020-04-30,15.539999961853027,15.539999961853027,16.040000915527344,15.300000190734863,15.630000114440918,29200
2020-05-01,15.220000267028809,15.220000267028809,15.239999771118164,14.579999923706055,15.109999656677246,46500
2020-05-04,14.710000038146973,14.710000038146973,15.09000015258789,14.399999618530273,15.09000015258789,32600
2020-05-05,15.449999809265137,15.449999809265137,15.729999542236328,14.779999732971191,14.970000267028809,38400
2020-05-06,15.550000190734863,15.550000190734863,15.869999885559082,14.930000305175781,15.479999542236328,26000
2020-05-07,15.430000305175781,15.430000305175781,15.779999732971191,15.170000076293945,15.670000076293945,32900
2020-05-08,15.819999694824219,15.819999694824219,16.239999771118164,15.680000305175781,15.680000305175781,46400
2020-05-11,15.680000305175781,15.680000305175781,16.100000381469727,14.109999656677246,15.670000076293945,41000
2020-05-12,15.510000228881836,15.510000228881836,16.15999984741211,15.369999885559082,15.770000457763672,30100
2020-05-13,15.460000038146973,15.460000038146973,15.520000457763672,14.859999656677246,15.300000190734863,38500
2020-05-14,15.479999542236328,15.479999542236328,15.5,14.420000076293945,15.300000190734863,46500
2020-05-15,16.239999771118164,16.239999771118164,16.510000228881836,15.460000038146973,15.460000038146973,51100
2020-05-18,16.43000030517578,16.43000030517578,16.43000030517578,16.06999969482422,16.299999237060547,67700
2020-05-19,16.75,16.75,16.90999984741211,15.619999885559082,16.229999542236328,67600
2020-05-20,17.31999969482422,17.31999969482422,17.329999923706055,16.110000610351562,16.899999618530273,85600
2020-05-21,17.540000915527344,17.540000915527344,17.81999969482422,16.950000762939453,17.139999389648438,99200
2020-05-22,17.15999984741211,17.15999984741211,17.68000030517578,17.06999969482422,17.56999969482422,68200
2020-05-26,17.850000381469727,17.850000381469727,18.219999313354492,17.6200008392334,17.8700008392334,122800
2020-05-27,18.280000686645508,18.280000686645508,18.5,17.700000762939453,18.219999313354492,87600
2020-05-28,18.399999618530273,18.399999618530273,19.15999984741211,18.170000076293945,18.450000762939453,106200
2020-05-29,18.889999389648438,18.889999389648438,19.0,18.059999465942383,18.25,148600
2020-06-01,18.739999771118164,18.739999771118164,19.030000686645508,18.6200008392334,18.649999618530273,104900
2020-06-02,18.079999923706055,18.079999923706055,18.809999465942383,17.6200008392334,18.760000228881836,90600
2020-06-03,17.8799991607666,17.8799991607666,18.190000534057617,17.649999618530273,18.0,106100
2020-06-04,17.889999389648438,17.889999389648438,18.010000228881836,17.610000610351562,17.829999923706055,129300
2020-06-05,17.010000228881836,17.010000228881836,18.68000030517578,16.920000076293945,18.190000534057617,153100
2020-06-08,16.200000762939453,16.200000762939453,17.360000610351562,16.139999389648438,17.270000457763672,109800
2020-06-09,16.469999313354492,16.469999313354492,16.889999389648438,16.020000457763672,16.020000457763672,50800
2020-06-10,15.800000190734863,15.800000190734863,16.469999313354492,15.789999961853027,16.469999313354492,60700
2020-06-11,14.729999542236328,14.729999542236328,15.630000114440918,14.609999656677246,15.390000343322754,104200
2020-06-12,15.859999656677246,15.859999656677246,15.859999656677246,15.140000343322754,15.15999984741211,71000
2020-06-15,15.729999542236328,15.729999542236328,16.299999237060547,15.279999732971191,15.859999656677246,125100
2020-06-16,17.549999237060547,17.549999237060547,17.690000534057617,16.010000228881836,16.200000762939453,105900
2020-06-17,16.329999923706055,16.329999923706055,17.8799991607666,16.329999923706055,17.56999969482422,134600
2020-06-18,16.940000534057617,16.940000534057617,17.68000030517578,16.389999389648438,16.389999389648438,237500
2020-06-19,16.950000762939453,16.950000762939453,17.84000015258789,16.709999084472656,17.219999313354492,239000
2020-06-22,16.860000610351562,16.860000610351562,17.389999389648438,16.6200008392334,16.950000762939453,181800
2020-06-23,17.15999984741211,17.15999984741211,17.329999923706055,16.719999313354492,17.040000915527344,207800
2020-06-24,16.450000762939453,16.450000762939453,17.079999923706055,16.290000915527344,16.950000762939453,73800
2020-06-25,16.309999465942383,16.309999465942383,16.770000457763672,16.09000015258789,16.389999389648438,57600
2020-06-26,15.529999732971191,15.529999732971191,16.399999618530273,15.359999656677246,16.18000030517578,339900
2020-06-29,16.030000686645508,16.030000686645508,16.329999923706055,15.270000457763672,15.75,102800
2020-06-30,16.5,16.5,16.860000610351562,16.260000228881836,16.329999923706055,129300
2020-07-01,16.31999969482422,16.31999969482422,16.889999389648438,16.280000686645508,16.5,38200
2020-07-02,16.420000076293945,16.420000076293945,16.65999984741211,16.280000686645508,16.530000686645508,26100
2020-07-06,16.59000015258789,16.59000015258789,16.8700008392334,16.5,16.709999084472656,24800
2020-07-07,16.200000762939453,16.200000762939453,16.799999237060547,16.149999618530273,16.450000762939453,35100
2020-07-08,16.040000915527344,16.040000915527344,16.3700008392334,15.819999694824219,16.15999984741211,39100
2020-07-09,15.6899995803833,15.6899995803833,16.309999465942383,15.600000381469727,16.020000457763672,40000
2020-07-10,16.389999389648438,16.389999389648438,16.399999618530273,15.539999961853027,15.640000343322754,35300
2020-07-13,16.1299991607666,16.1299991607666,16.829999923706055,16.100000381469727,16.559999465942383,25900
2020-07-14,16.68000030517578,16.68000030517578,16.68000030517578,15.789999961853027,16.06999969482422,39600
2020-07-15,17.219999313354492,17.219999313354492,17.299999237060547,16.440000534057617,16.950000762939453,129000
2020-07-16,16.75,16.75,17.15999984741211,16.540000915527344,17.09000015258789,28900
2020-07-17,16.860000610351562,16.860000610351562,17.100000381469727,16.670000076293945,16.770000457763672,39200
2020-07-20,16.68000030517578,16.68000030517578,17.25,16.649999618530273,16.809999465942383,31500
2020-07-21,16.06999969482422,16.06999969482422,17.0,15.109999656677246,16.959999084472656,113300
2020-07-22,16.3700008392334,16.3700008392334,16.399999618530273,15.90999984741211,15.90999984741211,45400
2020-07-23,16.760000228881836,16.760000228881836,16.799999237060547,16.31999969482422,16.360000610351562,64100
2020-07-24,16.639999389648438,16.639999389648438,16.81999969482422,16.5,16.729999542236328,33300
2020-07-27,17.030000686645508,17.030000686645508,17.200000762939453,16.600000381469727,16.649999618530273,52900
2020-07-28,16.729999542236328,16.729999542236328,17.18000030517578,16.719999313354492,16.959999084472656,22600
2020-07-29,17.049999237060547,17.049999237060547,17.149999618530273,16.65999984741211,16.739999771118164,29000
2020-07-30,17.299999237060547,17.299999237060547,17.350000381469727,16.8799991607666,16.8799991607666,88300
2020-07-31,16.75,16.75,17.209999084472656,16.610000610351562,17.209999084472656,46100
2020-08-03,16.719999313354492,16.719999313354492,16.979999542236328,16.579999923706055,16.979999542236328,21900
2020-08-04,16.670000076293945,16.670000076293945,16.799999237060547,16.219999313354492,16.5,54800
2020-08-05,17.06999969482422,17.06999969482422,17.25,16.700000762939453,16.799999237060547,40200
2020-08-06,17.15999984741211,17.15999984741211,17.200000762939453,16.899999618530273,16.940000534057617,33700
2020-08-07,17.170000076293945,17.170000076293945,17.5,17.110000610351562,17.200000762939453,72100
2020-08-10,17.770000457763672,17.770000457763672,18.0,17.280000686645508,17.34000015258789,112800
2020-08-11,17.6299991607666,17.6299991607666,17.959999084472656,17.450000762939453,17.940000534057617,61000
2020-08-12,18.0,18.0,18.0,17.559999465942383,17.559999465942383,31500
2020-08-13,17.3700008392334,17.3700008392334,17.889999389648438,17.1200008392334,17.8700008392334,89600
2020-08-14,17.299999237060547,17.299999237060547,17.6299991607666,17.049999237060547,17.350000381469727,73600
2020-08-17,16.920000076293945,16.920000076293945,17.34000015258789,16.780000686645508,17.34000015258789,26600
2020-08-18,17.0,17.0,17.079999923706055,16.549999237060547,16.90999984741211,31500
2020-08-19,16.920000076293945,16.920000076293945,17.149999618530273,16.790000915527344,17.079999923706055,23500
2020-08-20,17.100000381469727,17.100000381469727,17.200000762939453,16.719999313354492,16.75,26800
2020-08-21,17.229999542236328,17.229999542236328,17.450000762939453,16.719999313354492,17.100000381469727,53000
2020-08-24,18.920000076293945,18.920000076293945,19.0,17.479999542236328,17.479999542236328,492100
2020-08-25,19.290000915527344,19.290000915527344,19.68000030517578,18.729999542236328,18.989999771118164,317500
2020-08-26,18.850000381469727,18.850000381469727,19.5,18.0,19.389999389648438,201000
2020-08-27,18.299999237060547,18.299999237060547,19.360000610351562,17.6200008392334,19.360000610351562,95700
2020-08-28,18.18000030517578,18.18000030517578,18.43000030517578,17.31999969482422,18.219999313354492,145200
2020-08-31,18.889999389648438,18.889999389648438,19.0,18.190000534057617,18.25,203400
2020-09-01,18.799999237060547,18.799999237060547,19.489999771118164,18.729999542236328,19.0,362400
2020-09-02,19.34000015258789,19.34000015258789,19.420000076293945,18.440000534057617,18.850000381469727,152300
2020-09-03,19.040000915527344,19.040000915527344,19.31999969482422,18.56999969482422,19.290000915527344,114800
2020-09-04,19.010000228881836,19.010000228881836,19.239999771118164,18.040000915527344,19.239999771118164,117300
2020-09-08,17.450000762939453,17.450000762939453,18.8700008392334,17.270000457763672,18.850000381469727,177400
2020-09-09,17.8799991607666,17.8799991607666,18.0,17.420000076293945,17.56999969482422,94700
2020-09-10,17.579999923706055,17.579999923706055,18.1299991607666,17.440000534057617,17.969999313354492,105900
2020-09-11,17.850000381469727,17.850000381469727,18.0,17.510000228881836,17.899999618530273,76800
2020-09-14,17.149999618530273,17.149999618530273,18.010000228881836,17.059999465942383,18.010000228881836,132400
2020-09-15,17.15999984741211,17.15999984741211,17.790000915527344,17.110000610351562,17.479999542236328,142800
2020-09-16,17.299999237060547,17.299999237060547,17.729999542236328,17.260000228881836,17.40999984741211,101300
2020-09-17,16.940000534057617,16.940000534057617,17.440000534057617,16.829999923706055,17.209999084472656,110400
2020-09-18,17.280000686645508,17.280000686645508,17.600000381469727,16.959999084472656,17.100000381469727,1199400
2020-09-21,16.799999237060547,16.799999237060547,16.989999771118164,16.510000228881836,16.989999771118164,106600
2020-09-22,16.8700008392334,16.8700008392334,16.93000030517578,16.5,16.889999389648438,73700
2020-09-23,16.329999923706055,16.329999923706055,16.8799991607666,16.219999313354492,16.8700008392334,91900
2020-09-24,16.479999542236328,16.479999542236328,16.790000915527344,16.209999084472656,16.239999771118164,48000
2020-09-25,16.860000610351562,16.860000610351562,17.0,16.329999923706055,16.329999923706055,40600
2020-09-28,17.530000686645508,17.530000686645508,17.65999984741211,17.049999237060547,17.049999237060547,60300
2020-09-29,17.360000610351562,17.360000610351562,17.6200008392334,17.200000762939453,17.56999969482422,50200
2020-09-30,17.940000534057617,17.940000534057617,17.979999542236328,17.31999969482422,17.43000030517578,70100
2020-10-01,17.780000686645508,17.780000686645508,17.989999771118164,17.440000534057617,17.989999771118164,55000
2020-10-02,18.049999237060547,18.049999237060547,18.209999084472656,17.5,17.5,91300
2020-10-05,17.8799991607666,17.8799991607666,18.329999923706055,17.709999084472656,18.100000381469727,34400
2020-10-06,17.8700008392334,17.8700008392334,18.5,17.850000381469727,17.959999084472656,55900
2020-10-07,18.360000610351562,18.360000610351562,18.489999771118164,17.920000076293945,17.920000076293945,55100
2020-10-08,18.25,18.25,18.5,17.8700008392334,18.5,38700
2020-10-09,17.649999618530273,17.649999618530273,18.450000762939453,17.649999618530273,18.440000534057617,45200
2020-10-12,18.309999465942383,18.309999465942383,18.43000030517578,17.579999923706055,17.649999618530273,60000
2020-10-13,18.309999465942383,18.309999465942383,18.559999465942383,18.170000076293945,18.219999313354492,51900
2020-10-14,18.040000915527344,18.040000915527344,18.579999923706055,17.979999542236328,17.979999542236328,27100
2020-10-15,18.559999465942383,18.559999465942383,18.709999084472656,17.540000915527344,17.540000915527344,70300
2020-10-16,18.280000686645508,18.280000686645508,18.889999389648438,18.239999771118164,18.510000228881836,74500
2020-10-19,18.079999923706055,18.079999923706055,18.56999969482422,17.989999771118164,18.549999237060547,38000
2020-10-20,17.899999618530273,17.899999618530273,18.40999984741211,17.850000381469727,18.25,83900
2020-10-21,18.010000228881836,18.010000228881836,18.75,17.829999923706055,17.969999313354492,35300
2020-10-22,18.06999969482422,18.06999969482422,18.450000762939453,17.8700008392334,18.06999969482422,78200
2020-10-23,18.209999084472656,18.209999084472656,18.290000915527344,17.920000076293945,18.260000228881836,21100
2020-10-26,17.799999237060547,17.799999237060547,18.049999237060547,17.75,18.0,24800
2020-10-27,18.06999969482422,18.06999969482422,18.329999923706055,17.739999771118164,17.8700008392334,143300
2020-10-28,17.329999923706055,17.329999923706055,17.780000686645508,17.059999465942383,17.770000457763672,57800
2020-10-29,17.770000457763672,17.770000457763672,17.850000381469727,17.020000457763672,17.219999313354492,51300
2020-10-30,17.260000228881836,17.260000228881836,17.889999389648438,17.040000915527344,17.649999618530273,44700
2020-11-02,17.540000915527344,17.540000915527344,17.809999465942383,17.270000457763672,17.549999237060547,41200
2020-11-03,17.959999084472656,17.959999084472656,18.25,17.469999313354492,17.739999771118164,89200
2020-11-04,17.760000228881836,17.760000228881836,18.3799991607666,17.440000534057617,17.920000076293945,59800
2020-11-05,17.75,17.75,18.6299991607666,17.420000076293945,18.31999969482422,130900
2020-11-06,17.190000534057617,17.190000534057617,17.84000015258789,17.059999465942383,17.84000015258789,44300
2020-11-09,17.670000076293945,17.670000076293945,18.610000610351562,17.600000381469727,18.200000762939453,107000
2020-11-10,17.93000030517578,17.93000030517578,18.5,17.780000686645508,18.139999389648438,119800
2020-11-11,18.200000762939453,18.200000762939453,18.75,18.030000686645508,18.139999389648438,93100
2020-11-12,18.440000534057617,18.440000534057617,18.729999542236328,17.969999313354492,18.290000915527344,95000
2020-11-13,18.920000076293945,18.920000076293945,18.989999771118164,18.290000915527344,18.290000915527344,111000
2020-11-16,18.559999465942383,18.559999465942383,19.450000762939453,18.290000915527344,18.799999237060547,336600
2020-11-17,18.600000381469727,18.600000381469727,18.950000762939453,18.260000228881836,18.450000762939453,54800
2020-11-18,18.34000015258789,18.34000015258789,18.809999465942383,18.09000015258789,18.700000762939453,56300
2020-11-19,18.3799991607666,18.3799991607666,18.520000457763672,18.190000534057617,18.190000534057617,34200
2020-11-20,18.540000915527344,18.540000915527344,18.729999542236328,18.15999984741211,18.15999984741211,44200
2020-11-23,18.610000610351562,18.610000610351562,18.959999084472656,18.43000030517578,18.600000381469727,50000
2020-11-24,18.5,18.5,18.90999984741211,18.290000915527344,18.649999618530273,69700
2020-11-25,18.18000030517578,18.18000030517578,18.790000915527344,18.139999389648438,18.420000076293945,40100
2020-11-27,18.290000915527344,18.290000915527344,18.780000686645508,18.0,18.780000686645508,24400
2020-11-30,18.219999313354492,18.219999313354492,18.59000015258789,18.079999923706055,18.59000015258789,53300
2020-12-01,18.030000686645508,18.030000686645508,18.6200008392334,18.010000228881836,18.40999984741211,51200
2020-12-02,17.850000381469727,17.850000381469727,18.06999969482422,17.68000030517578,17.989999771118164,41400
2020-12-03,17.68000030517578,17.68000030517578,17.989999771118164,17.59000015258789,17.799999237060547,47200
2020-12-04,18.049999237060547,18.049999237060547,18.079999923706055,17.510000228881836,17.68000030517578,50400
2020-12-07,17.889999389648438,17.889999389648438,18.299999237060547,17.68000030517578,17.68000030517578,89500
2020-12-08,17.979999542236328,17.979999542236328,18.020000457763672,17.520000457763672,17.68000030517578,54700
2020-12-09,18.209999084472656,18.209999084472656,18.5,17.770000457763672,17.8799991607666,104200
2020-12-10,17.780000686645508,17.780000686645508,18.3700008392334,17.610000610351562,18.06999969482422,54400
2020-12-11,17.520000457763672,17.520000457763672,17.889999389648438,17.010000228881836,17.780000686645508,71900
2020-12-14,17.260000228881836,17.260000228881836,17.799999237060547,17.149999618530273,17.520000457763672,70000
2020-12-15,17.59000015258789,17.59000015258789,17.770000457763672,17.170000076293945,17.399999618530273,63900
2020-12-16,17.709999084472656,17.709999084472656,17.90999984741211,17.309999465942383,17.6299991607666,85900
2020-12-17,18.020000457763672,18.020000457763672,18.3799991607666,17.65999984741211,17.850000381469727,83100
2020-12-18,17.989999771118164,17.989999771118164,18.8799991607666,17.989999771118164,18.190000534057617,264500
2020-12-21,17.56999969482422,17.56999969482422,17.829999923706055,17.43000030517578,17.729999542236328,37600
2020-12-22,17.469999313354492,17.469999313354492,17.899999618530273,17.440000534057617,17.5,54500
2020-12-23,17.59000015258789,17.59000015258789,17.940000534057617,17.450000762939453,17.510000228881836,25300
2020-12-24,17.479999542236328,17.479999542236328,17.670000076293945,17.459999084472656,17.5,12100
2020-12-28,17.639999389648438,17.639999389648438,17.969999313354492,17.530000686645508,17.56999969482422,30900
2020-12-29,17.6299991607666,17.6299991607666,17.6299991607666,17.299999237060547,17.600000381469727,34400
2020-12-30,17.829999923706055,17.829999923706055,17.979999542236328,17.600000381469727,17.700000762939453,33300
2020-12-31,18.270000457763672,18.270000457763672,18.81999969482422,17.93000030517578,17.979999542236328,111900
2021-01-04,19.25,19.25,19.299999237060547,18.260000228881836,18.260000228881836,166900
2021-01-05,19.65999984741211,19.65999984741211,19.799999237060547,19.020000457763672,19.110000610351562,678400
2021-01-06,21.3799991607666,21.3799991607666,22.40999984741211,19.799999237060547,19.799999237060547,339000
2021-01-07,21.920000076293945,21.920000076293945,22.719999313354492,21.3799991607666,21.3799991607666,153200
2021-01-08,21.360000610351562,21.360000610351562,21.899999618530273,20.719999313354492,21.899999618530273,89100
2021-01-11,21.1200008392334,21.1200008392334,21.280000686645508,20.540000915527344,21.190000534057617,57200
2021-01-12,21.5,21.5,21.5,21.110000610351562,21.1200008392334,63000
2021-01-13,21.299999237060547,21.299999237060547,21.5,21.149999618530273,21.450000762939453,45300
2021-01-14,21.709999084472656,21.709999084472656,22.239999771118164,21.329999923706055,21.329999923706055,72400
2021-01-15,21.670000076293945,21.670000076293945,21.989999771118164,21.219999313354492,21.450000762939453,48500
2021-01-19,21.959999084472656,21.959999084472656,22.1200008392334,21.760000228881836,21.940000534057617,38800
2021-01-20,22.420000076293945,22.420000076293945,22.709999084472656,21.940000534057617,21.940000534057617,40900
2021-01-21,22.200000762939453,22.200000762939453,22.579999923706055,21.889999389648438,22.579999923706055,48100
2021-01-22,22.360000610351562,22.360000610351562,22.479999542236328,22.0,22.010000228881836,51000
2021-01-25,22.239999771118164,22.239999771118164,22.399999618530273,21.989999771118164,22.399999618530273,36600
2021-01-26,22.549999237060547,22.549999237060547,22.600000381469727,21.579999923706055,22.5,34300
2021-01-27,21.43000030517578,21.43000030517578,22.1299991607666,21.420000076293945,22.1299991607666,157300
2021-01-28,21.639999389648438,21.639999389648438,21.940000534057617,20.510000228881836,21.649999618530273,70100
2021-01-29,22.0,22.0,22.110000610351562,21.049999237060547,21.6299991607666,67700
2021-02-01,23.600000381469727,23.600000381469727,23.969999313354492,22.079999923706055,22.18000030517578,114500
2021-02-02,23.299999237060547,23.299999237060547,23.700000762939453,22.579999923706055,23.610000610351562,54500
2021-02-03,23.239999771118164,23.239999771118164,23.579999923706055,22.81999969482422,23.190000534057617,66100
2021-02-04,23.59000015258789,23.59000015258789,23.639999389648438,23.1299991607666,23.25,45100
2021-02-05,23.59000015258789,23.59000015258789,23.600000381469727,23.190000534057617,23.489999771118164,35300
2021-02-08,23.700000762939453,23.700000762939453,23.799999237060547,23.139999389648438,23.729999542236328,52600
2021-02-09,24.31999969482422,24.31999969482422,24.5,23.729999542236328,23.75,62600
2021-02-10,24.780000686645508,24.780000686645508,24.969999313354492,24.360000610351562,24.5,60500
2021-02-11,24.510000228881836,24.510000228881836,24.93000030517578,24.229999542236328,24.93000030517578,53300
2021-02-12,24.549999237060547,24.549999237060547,24.860000610351562,24.309999465942383,24.530000686645508,41200
2021-02-16,24.06999969482422,24.06999969482422,24.739999771118164,24.040000915527344,24.639999389648438,65100
2021-02-17,24.020000457763672,24.020000457763672,24.450000762939453,23.889999389648438,24.0,59600
2021-02-18,23.639999389648438,23.639999389648438,24.170000076293945,23.549999237060547,23.989999771118164,68200
2021-02-19,23.59000015258789,23.59000015258789,23.690000534057617,23.100000381469727,23.690000534057617,113600
2021-02-22,23.81999969482422,23.81999969482422,24.1299991607666,23.290000915527344,23.31999969482422,57100
2021-02-23,24.18000030517578,24.18000030517578,24.450000762939453,23.110000610351562,23.760000228881836,68000
2021-02-24,24.6200008392334,24.6200008392334,24.709999084472656,24.209999084472656,24.219999313354492,62700
2021-02-25,24.549999237060547,24.549999237060547,24.610000610351562,24.190000534057617,24.510000228881836,56800
2021-02-26,24.75,24.75,25.229999542236328,24.200000762939453,24.649999618530273,97000
2021-03-01,25.31999969482422,25.31999969482422,25.389999389648438,24.68000030517578,25.0,73900
2021-03-02,25.25,25.25,25.540000915527344,25.0,25.479999542236328,69600
2021-03-03,24.760000228881836,24.760000228881836,25.25,23.850000381469727,25.25,48600
2021-03-04,24.110000610351562,24.110000610351562,24.989999771118164,24.110000610351562,24.989999771118164,70000
2021-03-05,24.440000534057617,24.440000534057617,24.6299991607666,23.200000762939453,24.510000228881836,120500
2021-03-08,24.6299991607666,24.6299991607666,25.200000762939453,24.450000762939453,24.459999084472656,62400
2021-03-09,24.850000381469727,24.850000381469727,25.68000030517578,24.719999313354492,24.719999313354492,57200
2021-03-10,24.84000015258789,24.84000015258789,25.6200008392334,24.690000534057617,25.059999465942383,56700
2021-03-11,27.100000381469727,27.100000381469727,27.350000381469727,25.420000076293945,25.860000610351562,165700
2021-03-12,27.729999542236328,27.729999542236328,27.809999465942383,26.860000610351562,27.34000015258789,87100
2021-03-15,27.040000915527344,27.040000915527344,27.5,26.469999313354492,27.5,83800
2021-03-16,26.979999542236328,26.979999542236328,27.1200008392334,26.799999237060547,27.030000686645508,43400
2021-03-17,27.0,27.0,27.450000762939453,26.75,26.959999084472656,63400
2021-03-18,27.059999465942383,27.059999465942383,27.18000030517578,26.81999969482422,27.06999969482422,33400
2021-03-19,27.700000762939453,27.700000762939453,27.959999084472656,26.75,26.959999084472656,176400
2021-03-22,26.809999465942383,26.809999465942383,27.610000610351562,26.760000228881836,27.5,64600
2021-03-23,26.389999389648438,26.389999389648438,26.75,26.15999984741211,26.6200008392334,45900
2021-03-24,26.020000457763672,26.020000457763672,26.829999923706055,25.950000762939453,26.079999923706055,59400
2021-03-25,25.920000076293945,25.920000076293945,26.030000686645508,25.510000228881836,25.709999084472656,52200
2021-03-26,26.40999984741211,26.40999984741211,26.610000610351562,25.850000381469727,26.059999465942383,38700
2021-03-29,26.950000762939453,26.950000762939453,27.18000030517578,26.280000686645508,26.420000076293945,67800
2021-03-30,26.760000228881836,26.760000228881836,27.1299991607666,26.709999084472656,27.1299991607666,58000
2021-03-31,27.09000015258789,27.09000015258789,27.459999084472656,26.850000381469727,27.09000015258789,63400
2021-04-01,27.969999313354492,27.969999313354492,27.979999542236328,27.1200008392334,27.200000762939453,100900
2021-04-05,28.020000457763672,28.020000457763672,28.329999923706055,27.510000228881836,28.0,51300
2021-04-06,27.43000030517578,27.43000030517578,28.0,27.18000030517578,28.0,61900
2021-04-07,26.510000228881836,26.510000228881836,27.520000457763672,26.18000030517578,27.399999618530273,55700
2021-04-08,26.700000762939453,26.700000762939453,26.850000381469727,26.209999084472656,26.530000686645508,46200
2021-04-09,26.920000076293945,26.920000076293945,27.260000228881836,26.360000610351562,27.260000228881836,30900
2021-04-12,26.579999923706055,26.579999923706055,27.0,26.520000457763672,26.780000686645508,25700
2021-04-13,26.8799991607666,26.8799991607666,27.100000381469727,26.079999923706055,26.489999771118164,48300
2021-04-14,27.059999465942383,27.059999465942383,27.420000076293945,26.93000030517578,26.93000030517578,46400
2021-04-15,27.1299991607666,27.1299991607666,27.18000030517578,26.700000762939453,27.110000610351562,44100
2021-04-16,27.040000915527344,27.040000915527344,27.420000076293945,26.700000762939453,27.3700008392334,23300
2021-04-19,26.780000686645508,26.780000686645508,26.920000076293945,26.149999618530273,26.889999389648438,38500
2021-04-20,26.440000534057617,26.440000534057617,26.959999084472656,26.290000915527344,26.700000762939453,31000
2021-04-21,26.860000610351562,26.860000610351562,27.31999969482422,26.389999389648438,26.469999313354492,51100
2021-04-22,27.0,27.0,27.200000762939453,26.68000030517578,26.969999313354492,65300
2021-04-23,27.5,27.5,27.68000030517578,26.809999465942383,27.190000534057617,75100
2021-04-26,27.81999969482422,27.81999969482422,27.989999771118164,27.510000228881836,27.68000030517578,88300
2021-04-27,28.389999389648438,28.389999389648438,28.889999389648438,27.399999618530273,27.790000915527344,125800
2021-04-28,28.709999084472656,28.709999084472656,28.950000762939453,28.280000686645508,28.280000686645508,51800
2021-04-29,29.610000610351562,29.610000610351562,29.899999618530273,28.549999237060547,29.209999084472656,89700
2021-04-30,29.690000534057617,29.690000534057617,30.450000762939453,29.350000381469727,29.3700008392334,116600
2021-05-03,30.809999465942383,30.809999465942383,31.09000015258789,29.440000534057617,30.030000686645508,216200
2021-05-04,30.56999969482422,30.56999969482422,31.1299991607666,30.200000762939453,30.770000457763672,61900
2021-05-05,30.579999923706055,30.579999923706055,31.139999389648438,30.280000686645508,30.610000610351562,71100
2021-05-06,32.22999954223633,32.22999954223633,32.29999923706055,30.479999542236328,30.489999771118164,116300
2021-05-07,33.459999084472656,33.459999084472656,33.68000030517578,31.940000534057617,32.22999954223633,155300
2021-05-10,34.61000061035156,34.61000061035156,35.59000015258789,33.5,33.5,178600
2021-05-11,34.310001373291016,34.310001373291016,34.7599983215332,33.88999938964844,34.060001373291016,116200
2021-05-12,34.439998626708984,34.439998626708984,35.36000061035156,34.13999938964844,34.13999938964844,113300
2021-05-13,31.219999313354492,31.219999313354492,34.599998474121094,30.780000686645508,34.599998474121094,229500
2021-05-14,30.899999618530273,30.899999618530273,31.709999084472656,30.469999313354492,31.329999923706055,148900
2021-05-17,31.329999923706055,31.329999923706055,31.559999465942383,30.610000610351562,31.18000030517578,187600
2021-05-18,33.08000183105469,33.08000183105469,33.5,31.31999969482422,31.40999984741211,192800
2021-05-19,32.58000183105469,32.58000183105469,33.189998626708984,32.0,32.900001525878906,128600
2021-05-20,33.02000045776367,33.02000045776367,33.08000183105469,32.25,32.560001373291016,163600
2021-05-21,33.77000045776367,33.77000045776367,34.18000030517578,32.79999923706055,33.25,179200
2021-05-24,34.91999816894531,34.91999816894531,35.0,33.630001068115234,34.099998474121094,273100
2021-05-25,34.130001068115234,34.130001068115234,35.5,34.060001373291016,35.0,220200
2021-05-26,35.209999084472656,35.209999084472656,35.41999816894531,34.2599983215332,34.369998931884766,133200
2021-05-27,34.790000915527344,34.790000915527344,35.4900016784668,34.54999923706055,34.93000030517578,126700
2021-05-28,34.880001068115234,34.880001068115234,35.40999984741211,34.279998779296875,35.060001373291016,100300
2021-06-01,35.16999816894531,35.16999816894531,35.7400016784668,34.779998779296875,35.11000061035156,175600
2021-06-02,35.189998626708984,35.189998626708984,35.47999954223633,34.849998474121094,35.25,101300
2021-06-03,35.7599983215332,35.7599983215332,35.81999969482422,34.439998626708984,35.189998626708984,189200
2021-06-04,36.93000030517578,36.93000030517578,37.16999816894531,35.40999984741211,35.790000915527344,208800
2021-06-07,39.47999954223633,39.47999954223633,39.529998779296875,36.88999938964844,36.95000076293945,249600
2021-06-08,41.380001068115234,41.380001068115234,41.58000183105469,38.90999984741211,39.310001373291016,273000
2021-06-09,42.849998474121094,42.849998474121094,43.150001525878906,41.650001525878906,41.650001525878906,276500
2021-06-10,40.209999084472656,40.209999084472656,43.22999954223633,39.86000061035156,42.939998626708984,360800
2021-06-11,48.34000015258789,48.34000015258789,48.47999954223633,45.22999954223633,45.36000061035156,1841700
2021-06-14,48.880001068115234,48.880001068115234,49.97999954223633,47.619998931884766,48.099998474121094,3650000
2021-06-15,50.7400016784668,50.7400016784668,50.83000183105469,48.310001373291016,48.58000183105469,755900
2021-06-16,52.970001220703125,52.970001220703125,53.209999084472656,49.47999954223633,50.75,609400
2021-06-17,55.16999816894531,55.16999816894531,55.880001068115234,52.61000061035156,52.61000061035156,576200
2021-06-18,53.470001220703125,53.470001220703125,55.310001373291016,52.33000183105469,55.290000915527344,686800
2021-06-21,56.02000045776367,56.02000045776367,56.119998931884766,53.5,53.630001068115234,325000
2021-06-22,58.15999984741211,58.15999984741211,58.7599983215332,56.11000061035156,56.15999984741211,437300
2021-06-23,56.7400016784668,56.7400016784668,59.369998931884766,54.93000030517578,58.77000045776367,553400
2021-06-24,60.11000061035156,60.11000061035156,61.02000045776367,57.25,57.63999938964844,469600
2021-06-25,56.5,56.5,62.0,55.2400016784668,61.90999984741211,2547000
2021-06-28,62.06999969482422,62.06999969482422,62.619998931884766,56.0,56.310001373291016,464800
2021-06-29,62.369998931884766,62.369998931884766,63.27000045776367,59.81999969482422,62.970001220703125,338600
2021-06-30,62.810001373291016,62.810001373291016,63.31999969482422,60.529998779296875,62.650001525878906,356700
2021-07-01,65.4800033569336,65.4800033569336,66.29000091552734,61.79999923706055,63.36000061035156,399100
2021-07-02,66.36000061035156,66.36000061035156,67.23999786376953,64.56999969482422,65.98999786376953,341200
2021-07-06,74.1500015258789,74.1500015258789,74.48999786376953,66.69999694824219,66.9800033569336,687700
2021-07-07,80.75,80.75,81.36000061035156,72.4000015258789,74.98999786376953,940700
2021-07-08,79.44999694824219,79.44999694824219,80.25,73.55999755859375,77.27999877929688,679800
2021-07-09,85.38999938964844,85.38999938964844,86.37999725341797,80.30000305175781,80.30000305175781,622900
2021-07-12,91.11000061035156,91.11000061035156,92.73999786376953,83.26000213623047,85.56999969482422,802600
2021-07-13,79.0199966430664,79.0199966430664,91.44999694824219,76.5,90.43000030517578,1039000
2021-07-14,86.5,86.5,87.9000015258789,75.80000305175781,75.80999755859375,642700
2021-07-15,78.05000305175781,78.05000305175781,86.12999725341797,71.62000274658203,85.72000122070312,990300
2021-07-16,77.41999816894531,77.41999816894531,84.9800033569336,76.3499984741211,78.98999786376953,656500
2021-07-19,77.83999633789062,77.83999633789062,83.16999816894531,72.76000213623047,73.61000061035156,667200
2021-07-20,86.12000274658203,86.12000274658203,87.30000305175781,75.94000244140625,81.69999694824219,573600
2021-07-21,102.44999694824219,102.44999694824219,103.58000183105469,85.29000091552734,86.0,1229000
2021-07-22,97.44999694824219,97.44999694824219,102.55000305175781,93.19999694824219,101.0,538400
2021-07-23,112.83999633789062,112.83999633789062,114.31999969482422,99.31999969482422,100.0,713700
2021-07-26,110.87000274658203,110.87000274658203,114.55000305175781,106.55999755859375,112.08000183105469,417400
2021-07-27,97.1500015258789,97.1500015258789,112.0,91.12999725341797,110.37999725341797,672800
2021-07-28,98.4000015258789,98.4000015258789,101.91000366210938,95.01000213623047,97.01000213623047,343500
2021-07-29,99.08000183105469,99.08000183105469,103.5,96.51000213623047,98.30000305175781,302800
2021-07-30,88.37000274658203,88.37000274658203,99.0,85.0,98.37000274658203,622600
2021-08-02,89.16000366210938,89.16000366210938,93.5,88.0999984741211,88.37000274658203,440700
2021-08-03,88.91999816894531,88.91999816894531,90.80000305175781,84.5,89.16000366210938,601800
2021-08-04,91.83999633789062,91.83999633789062,94.73999786376953,87.45999908447266,87.5,458200
2021-08-05,93.8499984741211,93.8499984741211,95.83000183105469,90.41999816894531,91.56999969482422,388700
2021-08-06,80.95999908447266,80.95999908447266,91.69000244140625,79.29000091552734,90.4000015258789,658800
2021-08-09,84.83000183105469,84.83000183105469,85.94999694824219,77.1500015258789,77.56999969482422,511800
2021-08-10,82.01000213623047,82.01000213623047,84.29000091552734,81.88999938964844,84.25,516300
2021-08-11,79.87000274658203,79.87000274658203,83.11000061035156,77.83000183105469,83.11000061035156,374600
2021-08-12,75.55999755859375,75.55999755859375,79.55000305175781,75.37999725341797,79.1500015258789,590800
2021-08-13,76.54000091552734,76.54000091552734,79.20999908447266,74.08999633789062,75.5999984741211,340900
2021-08-16,75.6500015258789,75.6500015258789,77.87000274658203,74.18000030517578,75.16000366210938,242000
2021-08-17,74.91999816894531,74.91999816894531,78.5,74.25,74.5,379000
2021-08-18,73.6500015258789,73.6500015258789,75.4800033569336,72.55000305175781,74.26000213623047,335300
2021-08-19,68.79000091552734,68.79000091552734,73.48999786376953,68.44999694824219,72.36000061035156,437600
2021-08-20,70.19000244140625,70.19000244140625,71.37999725341797,69.41999816894531,69.48999786376953,324100
2021-08-23,71.91000366210938,71.91000366210938,74.1500015258789,70.5999984741211,70.5999984741211,360900
2021-08-24,70.29000091552734,70.29000091552734,72.18000030517578,68.6500015258789,71.69999694824219,312700
2021-08-25,71.9800033569336,71.9800033569336,72.87999725341797,69.45999908447266,70.5999984741211,386800
2021-08-26,69.55000305175781,69.55000305175781,73.7699966430664,69.37000274658203,72.05999755859375,273600
2021-08-27,75.08000183105469,75.08000183105469,76.5,69.06999969482422,69.7699966430664,519500
2021-08-30,71.31999969482422,71.31999969482422,75.16000366210938,70.70999908447266,74.93000030517578,318600
2021-08-31,75.91000366210938,75.91000366210938,77.2300033569336,71.83000183105469,71.87000274658203,381800
2021-09-01,76.86000061035156,76.86000061035156,78.19999694824219,72.38999938964844,75.12000274658203,334900
2021-09-02,79.48999786376953,79.48999786376953,80.41000366210938,77.01000213623047,77.9000015258789,528100
2021-09-03,80.02999877929688,80.02999877929688,80.5199966430664,77.91000366210938,79.33000183105469,407400
2021-09-07,84.37000274658203,84.37000274658203,88.69999694824219,79.87000274658203,82.6500015258789,1195800
2021-09-08,87.44999694824219,87.44999694824219,89.47000122070312,83.0,83.36000061035156,759800
2021-09-09,91.69000244140625,91.69000244140625,94.18000030517578,87.02999877929688,87.44999694824219,854700
2021-09-10,94.87999725341797,94.87999725341797,98.88999938964844,90.01000213623047,92.3499984741211,898300
2021-09-13,89.5999984741211,89.5999984741211,96.33999633789062,87.45999908447266,95.27999877929688,897100
2021-09-14,91.73999786376953,91.73999786376953,94.81999969482422,88.52999877929688,89.45999908447266,657100
2021-09-15,96.19999694824219,96.19999694824219,99.69999694824219,91.12000274658203,92.80999755859375,1088400
2021-09-16,95.16000366210938,95.16000366210938,98.37999725341797,94.0999984741211,97.58999633789062,809500
2021-09-17,96.80999755859375,96.80999755859375,101.33999633789062,93.1500015258789,95.36000061035156,6954600
2021-09-20,82.80999755859375,82.80999755859375,93.05999755859375,81.05000305175781,90.88999938964844,1273200
2021-09-21,85.06999969482422,85.06999969482422,86.47000122070312,78.61000061035156,84.56999969482422,823400
2021-09-22,90.29000091552734,90.29000091552734,90.38999938964844,83.7300033569336,85.87999725341797,569600
2021-09-23,96.37000274658203,96.37000274658203,97.2300033569336,91.01000213623047,91.23999786376953,653400
2021-09-24,95.62000274658203,95.62000274658203,99.58999633789062,93.5,94.87000274658203,504100
2021-09-27,100.41000366210938,100.41000366210938,101.58999633789062,92.62999725341797,94.97000122070312,564700
2021-09-28,94.4800033569336,94.4800033569336,98.9000015258789,92.16000366210938,98.4800033569336,586500
2021-09-29,95.23999786376953,95.23999786376953,101.2300033569336,92.3499984741211,95.70999908447266,535300
2021-09-30,91.05000305175781,91.05000305175781,100.0,90.45999908447266,97.04000091552734,862400
2021-10-01,89.41999816894531,89.41999816894531,94.4800033569336,83.06999969482422,91.25,493100
2021-10-04,89.88999938964844,89.88999938964844,90.43000030517578,86.0,88.27999877929688,306300
2021-10-05,90.79000091552734,90.79000091552734,93.7699966430664,87.69999694824219,89.45999908447266,292600
2021-10-06,84.91000366210938,84.91000366210938,89.75,82.83999633789062,89.75,436100
2021-10-07,83.9000015258789,83.9000015258789,87.55000305175781,83.62000274658203,86.08999633789062,683500
2021-10-08,74.12999725341797,74.12999725341797,84.66000366210938,73.58999633789062,84.44999694824219,991700
2021-10-11,71.41999816894531,71.41999816894531,75.0199966430664,68.12000274658203,74.12999725341797,1030400
2021-10-12,71.36000061035156,71.36000061035156,72.06999969482422,69.58999633789062,72.06999969482422,445500
2021-10-13,71.19000244140625,71.19000244140625,73.13999938964844,70.30000305175781,71.87000274658203,458300
2021-10-14,70.95999908447266,70.95999908447266,73.52999877929688,70.22000122070312,72.86000061035156,459800
2021-10-15,71.48999786376953,71.48999786376953,73.16000366210938,70.9800033569336,71.93000030517578,312400
2021-10-18,72.02999877929688,72.02999877929688,72.7699966430664,70.5999984741211,70.76000213623047,337600
2021-10-19,69.37999725341797,69.37999725341797,73.93000030517578,69.16999816894531,72.68000030517578,361000
2021-10-20,69.62999725341797,69.62999725341797,72.75,68.0,70.26000213623047,478900
2021-10-21,71.91999816894531,71.91999816894531,73.22000122070312,68.0,70.05000305175781,492400
2021-10-22,72.02999877929688,72.02999877929688,72.54000091552734,70.93000030517578,71.22000122070312,228300
2021-10-25,72.33999633789062,72.33999633789062,75.12999725341797,71.83999633789062,72.20999908447266,361500
2021-10-26,71.48999786376953,71.48999786376953,72.58999633789062,69.68000030517578,72.58999633789062,260000
2021-10-27,69.06999969482422,69.06999969482422,72.19000244140625,68.5,71.48999786376953,214100
2021-10-28,72.2699966430664,72.2699966430664,73.0999984741211,68.7300033569336,69.5,340700
2021-10-29,68.62999725341797,68.62999725341797,71.9000015258789,67.19000244140625,71.66000366210938,438600
2021-11-01,70.66999816894531,70.66999816894531,71.7699966430664,69.12999725341797,69.37000274658203,351600
2021-11-02,71.44999694824219,71.44999694824219,72.19000244140625,69.5199966430664,70.5,302400
2021-11-03,74.95999908447266,74.95999908447266,75.6500015258789,71.12999725341797,72.1500015258789,263100
2021-11-04,72.38999938964844,72.38999938964844,76.05000305175781,72.2300033569336,75.94000244140625,359700
2021-11-05,85.98999786376953,85.98999786376953,92.58000183105469,82.55000305175781,84.87000274658203,909800
2021-11-08,88.20999908447266,88.20999908447266,90.22000122070312,84.4800033569336,86.0,378400
2021-11-09,97.80000305175781,97.80000305175781,98.08999633789062,86.9800033569336,88.66999816894531,599700
2021-11-10,97.72000122070312,97.72000122070312,100.97000122070312,95.0,97.36000061035156,540600
2021-11-11,105.05000305175781,105.05000305175781,106.8499984741211,97.62999725341797,98.91999816894531,412700
2021-11-12,109.93000030517578,109.93000030517578,109.9800033569336,104.88999938964844,106.04000091552734,540500
2021-11-15,119.12000274658203,119.12000274658203,133.22999572753906,109.44999694824219,110.0,2426600
2021-11-16,119.44999694824219,119.44999694824219,120.37999725341797,108.4000015258789,117.83999633789062,601700
2021-11-17,117.36000061035156,117.36000061035156,123.51000213623047,117.05000305175781,119.77999877929688,281200
2021-11-18,112.83000183105469,112.83000183105469,119.87999725341797,108.72000122070312,119.19000244140625,483500
2021-11-19,113.47000122070312,113.47000122070312,117.25,111.18000030517578,112.83000183105469,274900
2021-11-22,104.5,104.5,116.83999633789062,103.18000030517578,114.51000213623047,465600
2021-11-23,98.29000091552734,98.29000091552734,108.0,96.80000305175781,104.33999633789062,456200
2021-11-24,98.30000305175781,98.30000305175781,99.05000305175781,92.04000091552734,96.88999938964844,306700
2021-11-26,94.55999755859375,94.55999755859375,98.30999755859375,90.41000366210938,94.55999755859375,211100
2021-11-29,96.75,96.75,100.75,95.41999816894531,95.79000091552734,341800
2021-11-30,93.66999816894531,93.66999816894531,96.62999725341797,90.62000274658203,96.4000015258789,494100
2021-12-01,85.37999725341797,85.37999725341797,97.62000274658203,84.44000244140625,97.62000274658203,556600
2021-12-02,88.54000091552734,88.54000091552734,89.98999786376953,82.51000213623047,85.37999725341797,338600
2021-12-03,75.52999877929688,75.52999877929688,88.79000091552734,72.91000366210938,88.79000091552734,845900
2021-12-06,76.0,76.0,77.36000061035156,70.80999755859375,75.75,624100
2021-12-07,81.22000122070312,81.22000122070312,82.51000213623047,78.4000015258789,78.4000015258789,393700
2021-12-08,80.94000244140625,80.94000244140625,82.98999786376953,77.48999786376953,81.4000015258789,400700
2021-12-09,78.76000213623047,78.76000213623047,82.33999633789062,78.0,79.86000061035156,261300
2021-12-10,74.98999786376953,74.98999786376953,80.04000091552734,71.47000122070312,78.66000366210938,510300
2021-12-13,73.01000213623047,73.01000213623047,76.27999877929688,71.19999694824219,74.37000274658203,357400
2021-12-14,70.93000030517578,70.93000030517578,72.98999786376953,69.01000213623047,72.12000274658203,528100
2021-12-15,73.12999725341797,73.12999725341797,74.2699966430664,69.4000015258789,70.95999908447266,602100
2021-12-16,67.7300033569336,67.7300033569336,74.2699966430664,67.37999725341797,74.0,651700
2021-12-17,68.93000030517578,68.93000030517578,69.86000061035156,61.58000183105469,66.95999908447266,1318200
2021-12-20,66.4800033569336,66.4800033569336,68.43000030517578,64.51000213623047,67.72000122070312,454700
2021-12-21,70.9000015258789,70.9000015258789,71.4000015258789,67.70999908447266,68.16000366210938,635100
2021-12-22,71.31999969482422,71.31999969482422,72.81999969482422,69.75,71.08999633789062,317200
2021-12-23,70.83999633789062,70.83999633789062,71.94999694824219,69.83999633789062,70.87000274658203,214700
2021-12-27,70.55999755859375,70.55999755859375,71.23999786376953,68.62999725341797,70.88999938964844,204200
2021-12-28,71.52999877929688,71.52999877929688,73.38999938964844,69.44999694824219,70.19999694824219,396500
2021-12-29,74.11000061035156,74.11000061035156,74.80000305175781,70.30999755859375,71.5,355700
2021-12-30,72.87000274658203,72.87000274658203,75.20999908447266,72.13999938964844,73.63999938964844,339300
2021-12-31,73.4800033569336,73.4800033569336,75.2300033569336,72.19999694824219,72.94999694824219,633200
2022-01-03,67.04000091552734,67.04000091552734,74.01000213623047,66.5,73.86000061035156,533700
2022-01-04,65.33999633789062,65.33999633789062,68.12000274658203,63.45000076293945,67.51000213623047,331600
2022-01-05,60.470001220703125,60.470001220703125,65.01000213623047,59.79999923706055,65.01000213623047,503900
2022-01-06,61.91999816894531,61.91999816894531,63.689998626708984,57.58000183105469,60.439998626708984,300000
2022-01-07,60.060001373291016,60.060001373291016,64.54000091552734,60.0099983215332,62.13999938964844,382900
2022-01-10,62.59000015258789,62.59000015258789,62.75,57.900001525878906,59.22999954223633,336400
2022-01-11,65.12000274658203,65.12000274658203,65.62999725341797,62.09000015258789,63.380001068115234,259000
2022-01-12,64.27999877929688,64.27999877929688,66.11000061035156,62.56999969482422,65.56999969482422,267200
2022-01-13,61.040000915527344,61.040000915527344,65.88999938964844,60.529998779296875,64.30000305175781,304200
2022-01-14,60.349998474121094,60.349998474121094,61.599998474121094,59.189998626708984,60.0,344100
2022-01-18,55.27000045776367,55.27000045776367,59.54999923706055,55.06999969482422,59.54999923706055,353200
2022-01-19,54.15999984741211,54.15999984741211,58.470001220703125,54.08000183105469,56.08000183105469,317700
2022-01-20,53.0099983215332,53.0099983215332,57.25,52.790000915527344,55.400001525878906,322200
2022-01-21,51.369998931884766,51.369998931884766,54.220001220703125,50.540000915527344,52.68000030517578,380900
2022-01-24,53.15999984741211,53.15999984741211,53.54999923706055,47.13999938964844,49.86000061035156,748000
2022-01-25,50.560001373291016,50.560001373291016,53.18000030517578,49.40999984741211,52.61000061035156,223900
2022-01-26,48.869998931884766,48.869998931884766,53.75,48.0,51.88999938964844,382500
2022-01-27,46.349998474121094,46.349998474121094,54.540000915527344,45.86000061035156,49.68000030517578,344400
2022-01-28,47.2400016784668,47.2400016784668,47.88999938964844,45.0,46.29999923706055,351800
2022-01-31,51.47999954223633,51.47999954223633,51.709999084472656,47.15999984741211,47.15999984741211,244000
2022-02-01,52.880001068115234,52.880001068115234,53.5099983215332,49.849998474121094,52.9900016784668,325600
2022-02-02,51.290000915527344,51.290000915527344,53.25,50.06999969482422,53.029998779296875,250700
2022-02-03,50.709999084472656,50.709999084472656,52.709999084472656,49.189998626708984,49.91999816894531,322000
2022-02-04,48.529998779296875,48.529998779296875,50.400001525878906,46.130001068115234,50.400001525878906,299400
2022-02-07,47.83000183105469,47.83000183105469,49.630001068115234,47.0,48.04999923706055,226700
2022-02-08,50.060001373291016,50.060001373291016,50.459999084472656,47.13999938964844,47.52000045776367,219300
2022-02-09,55.29999923706055,55.29999923706055,55.529998779296875,50.88999938964844,51.0099983215332,473500
2022-02-10,56.56999969482422,56.56999969482422,61.86000061035156,51.900001525878906,52.880001068115234,670500
2022-02-11,58.209999084472656,58.209999084472656,60.130001068115234,55.97999954223633,56.56999969482422,395200
2022-02-14,56.20000076293945,56.20000076293945,61.279998779296875,55.7400016784668,58.2400016784668,555100
2022-02-15,59.08000183105469,59.08000183105469,59.459999084472656,55.31999969482422,57.2400016784668,226500
2022-02-16,58.29999923706055,58.29999923706055,59.22999954223633,56.34000015258789,58.93000030517578,216000
2022-02-17,54.060001373291016,54.060001373291016,57.779998779296875,53.880001068115234,57.779998779296875,244400
2022-02-18,54.369998931884766,54.369998931884766,56.06999969482422,52.58000183105469,54.130001068115234,325500
2022-02-22,53.150001525878906,53.150001525878906,55.38999938964844,52.279998779296875,53.5,255900
2022-02-23,51.560001373291016,51.560001373291016,54.209999084472656,50.97999954223633,54.08000183105469,357400
2022-02-24,55.95000076293945,55.95000076293945,55.95000076293945,49.099998474121094,49.91999816894531,404000
2022-02-25,50.5099983215332,50.5099983215332,59.2400016784668,49.0,58.75,779800
2022-02-28,48.119998931884766,48.119998931884766,52.27000045776367,46.630001068115234,49.720001220703125,733200
2022-03-01,45.90999984741211,45.90999984741211,48.709999084472656,45.4900016784668,47.810001373291016,573100
2022-03-02,46.790000915527344,46.790000915527344,47.279998779296875,44.70000076293945,46.65999984741211,372500
2022-03-03,43.43000030517578,43.43000030517578,47.65999984741211,42.93000030517578,47.18000030517578,342200
2022-03-04,41.5099983215332,41.5099983215332,43.5,40.5099983215332,42.880001068115234,419100
2022-03-07,40.2599983215332,40.2599983215332,42.66999816894531,40.150001525878906,41.27000045776367,552900
2022-03-08,40.7400016784668,40.7400016784668,42.02000045776367,39.29999923706055,40.22999954223633,411700
2022-03-09,43.2400016784668,43.2400016784668,43.86000061035156,41.75,42.34000015258789,347100
2022-03-10,43.380001068115234,43.380001068115234,43.59000015258789,41.38999938964844,42.189998626708984,223500
2022-03-11,40.279998779296875,40.279998779296875,44.38999938964844,40.16999816894531,43.790000915527344,322500
2022-03-14,36.279998779296875,36.279998779296875,41.13999938964844,36.029998779296875,40.38999938964844,612500
2022-03-15,39.90999984741211,39.90999984741211,40.18000030517578,36.34000015258789,36.34000015258789,625500
2022-03-16,45.40999984741211,45.40999984741211,45.560001373291016,40.709999084472656,40.709999084472656,629200
2022-03-17,49.70000076293945,49.70000076293945,50.0,44.66999816894531,44.70000076293945,501200
2022-03-18,48.349998474121094,48.349998474121094,49.88999938964844,47.099998474121094,48.41999816894531,614600
2022-03-21,47.630001068115234,47.630001068115234,49.36000061035156,46.119998931884766,47.63999938964844,272900
2022-03-22,49.709999084472656,49.709999084472656,50.0,47.5,48.119998931884766,439200
2022-03-23,49.95000076293945,49.95000076293945,50.97999954223633,48.689998626708984,49.290000915527344,328400
2022-03-24,49.529998779296875,49.529998779296875,50.369998931884766,47.5099983215332,50.369998931884766,220600
2022-03-25,47.959999084472656,47.959999084472656,49.95000076293945,46.810001373291016,49.900001525878906,196300
2022-03-28,47.77000045776367,47.77000045776367,49.630001068115234,46.560001373291016,48.040000915527344,193700
2022-03-29,50.36000061035156,50.36000061035156,50.810001373291016,48.810001373291016,48.810001373291016,267600
2022-03-30,49.54999923706055,49.54999923706055,51.65999984741211,49.119998931884766,50.400001525878906,194500
2022-03-31,48.470001220703125,48.470001220703125,50.18000030517578,48.400001525878906,49.61000061035156,183000
2022-04-01,49.310001373291016,49.310001373291016,50.060001373291016,48.0099983215332,48.900001525878906,311500
2022-04-04,48.88999938964844,48.88999938964844,50.2400016784668,47.790000915527344,49.56999969482422,134200
2022-04-05,46.88999938964844,46.88999938964844,49.25,46.439998626708984,49.060001373291016,211100
2022-04-06,45.75,45.75,46.40999984741211,44.61000061035156,46.40999984741211,150800
2022-04-07,46.31999969482422,46.31999969482422,47.02000045776367,44.849998474121094,45.77000045776367,340700
2022-04-08,44.29999923706055,44.29999923706055,46.27000045776367,44.13999938964844,46.27000045776367,190900
2022-04-11,41.779998779296875,41.779998779296875,44.0,41.52000045776367,43.7599983215332,305700
2022-04-12,41.59000015258789,41.59000015258789,44.130001068115234,41.130001068115234,42.79999923706055,264000
2022-04-13,42.709999084472656,42.709999084472656,43.459999084472656,41.689998626708984,41.810001373291016,274300
2022-04-14,43.0,43.0,43.09000015258789,40.72999954223633,42.720001220703125,339200
2022-04-18,41.65999984741211,41.65999984741211,43.56999969482422,41.130001068115234,42.689998626708984,239100
2022-04-19,42.70000076293945,42.70000076293945,43.869998931884766,41.66999816894531,41.720001220703125,220600
2022-04-20,42.349998474121094,42.349998474121094,43.150001525878906,41.869998931884766,42.95000076293945,206900
2022-04-21,39.599998474121094,39.599998474121094,43.529998779296875,38.720001220703125,42.91999816894531,271300
2022-04-22,39.119998931884766,39.119998931884766,40.56999969482422,38.040000915527344,39.599998474121094,526600
2022-04-25,40.849998474121094,40.849998474121094,41.209999084472656,38.72999954223633,38.7400016784668,264900
2022-04-26,38.380001068115234,38.380001068115234,40.209999084472656,37.97999954223633,40.209999084472656,230400
2022-04-27,37.810001373291016,37.810001373291016,39.77000045776367,37.5099983215332,38.66999816894531,250800
2022-04-28,38.209999084472656,38.209999084472656,38.720001220703125,36.22999954223633,38.54999923706055,178300
2022-04-29,36.47999954223633,36.47999954223633,38.790000915527344,36.369998931884766,38.11000061035156,178000
2022-05-02,38.529998779296875,38.529998779296875,38.619998931884766,36.369998931884766,36.630001068115234,225800
2022-05-03,37.849998474121094,37.849998474121094,39.2599983215332,37.36000061035156,38.470001220703125,148700
2022-05-04,39.900001525878906,39.900001525878906,40.41999816894531,37.04999923706055,38.31999969482422,202700
2022-05-05,37.099998474121094,37.099998474121094,39.810001373291016,35.779998779296875,38.790000915527344,318300
2022-05-06,35.540000915527344,35.540000915527344,37.13999938964844,34.0,36.79999923706055,357800
2022-05-09,32.02000045776367,32.02000045776367,34.86000061035156,31.56999969482422,34.7400016784668,310400
2022-05-10,31.31999969482422,31.31999969482422,33.790000915527344,30.760000228881836,33.13999938964844,341800
2022-05-11,30.559999465942383,30.559999465942383,32.59000015258789,29.93000030517578,31.81999969482422,250500
2022-05-12,33.58000183105469,33.58000183105469,33.63999938964844,29.520000457763672,30.200000762939453,359400
2022-05-13,36.689998626708984,36.689998626708984,36.7400016784668,34.68000030517578,34.68000030517578,290600
2022-05-16,33.40999984741211,33.40999984741211,36.97999954223633,33.279998779296875,36.290000915527344,247800
2022-05-17,33.84000015258789,33.84000015258789,35.279998779296875,32.81999969482422,34.40999984741211,288900
2022-05-18,32.470001220703125,32.470001220703125,33.7400016784668,31.389999389648438,32.79999923706055,279700
2022-05-19,34.79999923706055,34.79999923706055,35.65999984741211,32.43000030517578,32.43000030517578,270600
2022-05-20,36.11000061035156,36.11000061035156,36.38999938964844,34.29999923706055,35.54999923706055,241100
2022-05-23,34.81999969482422,34.81999969482422,35.720001220703125,33.470001220703125,35.540000915527344,261000
2022-05-24,34.13999938964844,34.13999938964844,34.65999984741211,33.06999969482422,34.25,161400
2022-05-25,34.959999084472656,34.959999084472656,35.599998474121094,33.81999969482422,34.02000045776367,168300
2022-05-26,35.560001373291016,35.560001373291016,36.43000030517578,35.060001373291016,35.060001373291016,181600
2022-05-27,36.619998931884766,36.619998931884766,37.66999816894531,36.040000915527344,36.209999084472656,148100
2022-05-31,37.540000915527344,37.540000915527344,37.68000030517578,35.81999969482422,36.560001373291016,495400
2022-06-01,36.689998626708984,36.689998626708984,38.029998779296875,36.33000183105469,37.86000061035156,491200
2022-06-02,38.279998779296875,38.279998779296875,38.43000030517578,36.22999954223633,36.68000030517578,312300
2022-06-03,37.16999816894531,37.16999816894531,38.099998474121094,36.54999923706055,37.689998626708984,326000
2022-06-06,33.459999084472656,33.459999084472656,37.869998931884766,32.439998626708984,37.86000061035156,640600
2022-06-07,35.939998626708984,35.939998626708984,36.439998626708984,32.939998626708984,32.939998626708984,327000
2022-06-08,35.529998779296875,35.529998779296875,36.84000015258789,35.369998931884766,35.630001068115234,179800
2022-06-09,36.18000030517578,36.18000030517578,36.97999954223633,35.43000030517578,36.189998626708984,310700
2022-06-10,35.16999816894531,35.16999816894531,35.41999816894531,33.900001525878906,35.099998474121094,174700
2022-06-13,33.709999084472656,33.709999084472656,33.97999954223633,32.68000030517578,33.40999984741211,271000
2022-06-14,33.959999084472656,33.959999084472656,34.029998779296875,32.400001525878906,33.91999816894531,168800
2022-06-15,35.79999923706055,35.79999923706055,36.25,34.40999984741211,34.4900016784668,245600
2022-06-16,34.220001220703125,34.220001220703125,35.25,32.75,34.77000045776367,226800
2022-06-17,34.72999954223633,34.72999954223633,36.06999969482422,34.38999938964844,34.630001068115234,353100
2022-06-21,36.970001220703125,36.970001220703125,37.63999938964844,35.290000915527344,35.290000915527344,328700
2022-06-22,37.33000183105469,37.33000183105469,38.369998931884766,35.7400016784668,35.7400016784668,398600
2022-06-23,39.97999954223633,39.97999954223633,40.08000183105469,37.36000061035156,37.540000915527344,296300
2022-06-24,40.09000015258789,40.09000015258789,40.91999816894531,39.459999084472656,40.58000183105469,470400
2022-06-27,40.29999923706055,40.29999923706055,40.91999816894531,38.95000076293945,40.02000045776367,167200
2022-06-28,39.459999084472656,39.459999084472656,40.810001373291016,38.91999816894531,40.5,144100
2022-06-29,39.52000045776367,39.52000045776367,39.86000061035156,38.36000061035156,39.81999969482422,134500
2022-06-30,38.59000015258789,38.59000015258789,39.650001525878906,38.040000915527344,38.75,184000
2022-07-01,38.61000061035156,38.61000061035156,39.5,37.400001525878906,38.61000061035156,262900
2022-07-05,41.45000076293945,41.45000076293945,41.61000061035156,37.380001068115234,38.29999923706055,263600
2022-07-06,42.150001525878906,42.150001525878906,43.0,41.290000915527344,41.52000045776367,140600
2022-07-07,46.2400016784668,46.2400016784668,46.439998626708984,42.459999084472656,42.459999084472656,281200
2022-07-08,45.72999954223633,45.72999954223633,47.47999954223633,45.18000030517578,45.66999816894531,189800
2022-07-11,44.709999084472656,44.709999084472656,45.779998779296875,43.720001220703125,45.43000030517578,136400
2022-07-12,45.2599983215332,45.2599983215332,46.5099983215332,43.91999816894531,44.810001373291016,155800
2022-07-13,45.970001220703125,45.970001220703125,46.939998626708984,43.189998626708984,44.279998779296875,192500
2022-07-14,44.34000015258789,44.34000015258789,45.70000076293945,43.36000061035156,45.689998626708984,207500
2022-07-15,46.529998779296875,46.529998779296875,46.95000076293945,44.75,44.83000183105469,239500
2022-07-18,43.900001525878906,43.900001525878906,47.869998931884766,43.599998474121094,47.0099983215332,177500
2022-07-19,47.81999969482422,47.81999969482422,48.189998626708984,44.279998779296875,44.849998474121094,238900
2022-07-20,49.189998626708984,49.189998626708984,50.0,46.650001525878906,47.91999816894531,353000
2022-07-21,52.52000045776367,52.52000045776367,53.15999984741211,49.34000015258789,49.72999954223633,374900
2022-07-22,50.970001220703125,50.970001220703125,52.560001373291016,49.27000045776367,52.560001373291016,336300
2022-07-25,51.060001373291016,51.060001373291016,51.560001373291016,50.29999923706055,50.970001220703125,138500
2022-07-26,51.040000915527344,51.040000915527344,51.33000183105469,49.81999969482422,51.11000061035156,130900
2022-07-27,52.63999938964844,52.63999938964844,53.439998626708984,50.849998474121094,51.77000045776367,195800
2022-07-28,52.9900016784668,52.9900016784668,53.43000030517578,50.349998474121094,52.72999954223633,163100
2022-07-29,53.029998779296875,53.029998779296875,53.86000061035156,52.08000183105469,52.900001525878906,132900
2022-08-01,54.689998626708984,54.689998626708984,55.41999816894531,52.11000061035156,52.95000076293945,233600
2022-08-02,56.79999923706055,56.79999923706055,56.90999984741211,54.220001220703125,54.220001220703125,220200
2022-08-03,56.869998931884766,56.869998931884766,58.0,55.0,57.0,270600
2022-08-04,55.619998931884766,55.619998931884766,56.72999954223633,52.9900016784668,55.95000076293945,369000
2022-08-05,54.400001525878906,54.400001525878906,56.470001220703125,52.25,56.470001220703125,331300
2022-08-08,52.95000076293945,52.95000076293945,55.779998779296875,52.40999984741211,55.06999969482422,168600
2022-08-09,50.59000015258789,50.59000015258789,53.650001525878906,49.349998474121094,52.90999984741211,316500
2022-08-10,51.13999938964844,51.13999938964844,51.970001220703125,49.45000076293945,51.720001220703125,359300
2022-08-11,49.43000030517578,49.43000030517578,51.56999969482422,49.27000045776367,51.5,203700
2022-08-12,49.61000061035156,49.61000061035156,50.040000915527344,48.65999984741211,49.79999923706055,258500
2022-08-15,49.04999923706055,49.04999923706055,49.599998474121094,48.56999969482422,49.22999954223633,276200
2022-08-16,47.70000076293945,47.70000076293945,48.939998626708984,45.38999938964844,48.939998626708984,283700
2022-08-17,47.63999938964844,47.63999938964844,49.31999969482422,47.04999923706055,47.119998931884766,315600
2022-08-18,47.2599983215332,47.2599983215332,47.540000915527344,45.95000076293945,47.540000915527344,200500
2022-08-19,46.68000030517578,46.68000030517578,47.84000015258789,45.709999084472656,46.790000915527344,323300
2022-08-22,45.11000061035156,45.11000061035156,46.810001373291016,44.599998474121094,46.15999984741211,279400
2022-08-23,45.599998474121094,45.599998474121094,46.209999084472656,44.4900016784668,45.150001525878906,191700
2022-08-24,46.400001525878906,46.400001525878906,47.2599983215332,45.560001373291016,45.599998474121094,227100
2022-08-25,46.459999084472656,46.459999084472656,47.0099983215332,45.810001373291016,46.9900016784668,167400
2022-08-26,43.20000076293945,43.20000076293945,46.540000915527344,42.970001220703125,46.349998474121094,209000
2022-08-29,43.25,43.25,43.95000076293945,42.68000030517578,42.70000076293945,164900
2022-08-30,42.66999816894531,42.66999816894531,44.09000015258789,42.290000915527344,44.09000015258789,137700
2022-08-31,43.130001068115234,43.130001068115234,43.54999923706055,42.52000045776367,43.189998626708984,177200
2022-09-01,42.380001068115234,42.380001068115234,43.369998931884766,41.209999084472656,42.869998931884766,168200
2022-09-02,40.22999954223633,40.22999954223633,42.93000030517578,40.02000045776367,42.93000030517578,274500
2022-09-06,40.810001373291016,40.810001373291016,41.189998626708984,39.7400016784668,40.2599983215332,423400
2022-09-07,41.540000915527344,41.540000915527344,41.63999938964844,40.68000030517578,40.79999923706055,249900
2022-09-08,41.599998474121094,41.599998474121094,42.13999938964844,40.900001525878906,41.13999938964844,226900
2022-09-09,42.529998779296875,42.529998779296875,42.880001068115234,41.5099983215332,42.029998779296875,207900
2022-09-12,43.13999938964844,43.13999938964844,43.689998626708984,42.34000015258789,42.66999816894531,184200
2022-09-13,42.130001068115234,42.130001068115234,43.09000015258789,40.560001373291016,41.560001373291016,346700
2022-09-14,42.959999084472656,42.959999084472656,43.099998474121094,41.939998626708984,42.189998626708984,270700
2022-09-15,41.04999923706055,41.04999923706055,43.220001220703125,40.7400016784668,42.849998474121094,328100
2022-09-16,39.2400016784668,39.2400016784668,41.2599983215332,39.029998779296875,40.86000061035156,428000
2022-09-19,39.0,39.0,40.220001220703125,38.400001525878906,38.81999969482422,220500
2022-09-20,39.13999938964844,39.13999938964844,39.290000915527344,38.11000061035156,38.689998626708984,123900
2022-09-21,41.709999084472656,41.709999084472656,44.40999984741211,39.849998474121094,40.43000030517578,452400
2022-09-22,40.58000183105469,40.58000183105469,42.54999923706055,39.619998931884766,41.36000061035156,290700
2022-09-23,41.09000015258789,41.09000015258789,41.099998474121094,39.2400016784668,40.189998626708984,214000
2022-09-26,40.529998779296875,40.529998779296875,42.08000183105469,39.939998626708984,41.16999816894531,321700
2022-09-27,39.38999938964844,39.38999938964844,41.31999969482422,39.09000015258789,41.04999923706055,185700
2022-09-28,39.779998779296875,39.779998779296875,40.40999984741211,39.2599983215332,39.7599983215332,514000
2022-09-29,39.31999969482422,39.31999969482422,39.70000076293945,38.400001525878906,39.279998779296875,255000
2022-09-30,39.0,39.0,40.95000076293945,38.939998626708984,39.31999969482422,427600
2022-10-03,39.22999954223633,39.22999954223633,39.779998779296875,38.61000061035156,39.709999084472656,216500
2022-10-04,40.90999984741211,40.90999984741211,40.939998626708984,39.0099983215332,39.86000061035156,257400
2022-10-05,39.709999084472656,39.709999084472656,40.220001220703125,39.04999923706055,40.18000030517578,174500
2022-10-06,39.13999938964844,39.13999938964844,40.060001373291016,39.099998474121094,39.83000183105469,101100
2022-10-07,35.45000076293945,35.45000076293945,38.599998474121094,35.349998474121094,38.439998626708984,254800
2022-10-10,33.630001068115234,33.630001068115234,35.459999084472656,33.470001220703125,35.29999923706055,293200
2022-10-11,33.540000915527344,33.540000915527344,34.400001525878906,32.4900016784668,33.540000915527344,273500
2022-10-12,32.68000030517578,32.68000030517578,33.47999954223633,32.02000045776367,33.47999954223633,214400
2022-10-13,33.31999969482422,33.31999969482422,33.869998931884766,30.780000686645508,32.0,263200
2022-10-14,31.5,31.5,34.290000915527344,31.1200008392334,33.779998779296875,237600
2022-10-17,33.119998931884766,33.119998931884766,33.7400016784668,32.209999084472656,32.31999969482422,263800
2022-10-18,33.66999816894531,33.66999816894531,34.91999816894531,33.470001220703125,33.959999084472656,260900
2022-10-19,32.209999084472656,32.209999084472656,33.25,31.860000610351562,33.25,229800
2022-10-20,32.02000045776367,32.02000045776367,33.13999938964844,31.75,32.099998474121094,230300
2022-10-21,32.0099983215332,32.0099983215332,32.2400016784668,30.65999984741211,32.09000015258789,207900
2022-10-24,31.989999771118164,31.989999771118164,32.79999923706055,31.18000030517578,32.02000045776367,187300
2022-10-25,33.66999816894531,33.66999816894531,34.349998474121094,32.220001220703125,32.369998931884766,165500
2022-10-26,34.810001373291016,34.810001373291016,36.59000015258789,33.619998931884766,33.7400016784668,176700
2022-10-27,34.61000061035156,34.61000061035156,35.349998474121094,33.970001220703125,35.09000015258789,167600
2022-10-28,35.15999984741211,35.15999984741211,35.36000061035156,33.59000015258789,34.25,194300
2022-10-31,35.459999084472656,35.459999084472656,35.540000915527344,34.52000045776367,34.93000030517578,323200
2022-11-01,35.22999954223633,35.22999954223633,36.279998779296875,34.529998779296875,35.66999816894531,228100
2022-11-02,34.939998626708984,34.939998626708984,37.04999923706055,34.459999084472656,35.08000183105469,242900
2022-11-03,33.22999954223633,33.22999954223633,34.70000076293945,33.09000015258789,34.540000915527344,307600
2022-11-04,37.95000076293945,37.95000076293945,38.650001525878906,34.02000045776367,36.2400016784668,452600
2022-11-07,36.0099983215332,36.0099983215332,38.209999084472656,33.939998626708984,38.209999084472656,494700
2022-11-08,37.16999816894531,37.16999816894531,39.13999938964844,35.279998779296875,36.400001525878906,425000
2022-11-09,36.18000030517578,36.18000030517578,37.04999923706055,35.959999084472656,36.630001068115234,626800
2022-11-10,36.33000183105469,36.33000183105469,39.650001525878906,36.2400016784668,38.11000061035156,632800
2022-11-11,36.59000015258789,36.59000015258789,37.9900016784668,36.060001373291016,36.5099983215332,284900
2022-11-14,33.56999969482422,33.56999969482422,36.380001068115234,33.52000045776367,36.380001068115234,266900
2022-11-15,33.779998779296875,33.779998779296875,35.040000915527344,33.68000030517578,34.150001525878906,197100
2022-11-16,30.600000381469727,30.600000381469727,33.91999816894531,30.059999465942383,33.15999984741211,353200
2022-11-17,30.1200008392334,30.1200008392334,30.93000030517578,29.700000762939453,30.010000228881836,358700
2022-11-18,30.1200008392334,30.1200008392334,30.940000534057617,29.40999984741211,30.809999465942383,339100
2022-11-21,28.280000686645508,28.280000686645508,29.860000610351562,27.950000762939453,29.860000610351562,316800
2022-11-22,28.1299991607666,28.1299991607666,28.649999618530273,27.549999237060547,28.18000030517578,198900
2022-11-23,29.020000457763672,29.020000457763672,29.459999084472656,28.15999984741211,28.18000030517578,200000
2022-11-25,29.43000030517578,29.43000030517578,29.799999237060547,28.799999237060547,29.09000015258789,121200
2022-11-28,28.100000381469727,28.100000381469727,30.0,27.84000015258789,29.219999313354492,206200
2022-11-29,27.829999923706055,27.829999923706055,28.559999465942383,27.329999923706055,28.200000762939453,165700
2022-11-30,28.459999084472656,28.459999084472656,28.989999771118164,27.219999313354492,27.940000534057617,324700
2022-12-01,28.329999923706055,28.329999923706055,29.149999618530273,27.93000030517578,28.59000015258789,176100
2022-12-02,28.399999618530273,28.399999618530273,28.989999771118164,27.56999969482422,27.829999923706055,147400
2022-12-05,29.1299991607666,29.1299991607666,29.239999771118164,27.8700008392334,28.170000076293945,307500
2022-12-06,29.610000610351562,29.610000610351562,30.06999969482422,28.6299991607666,29.040000915527344,504100
2022-12-07,29.200000762939453,29.200000762939453,30.5,28.93000030517578,29.610000610351562,318700
2022-12-08,29.700000762939453,29.700000762939453,30.1299991607666,29.15999984741211,29.389999389648438,233400
2022-12-09,28.639999389648438,28.639999389648438,30.18000030517578,28.520000457763672,29.610000610351562,184100
2022-12-12,29.399999618530273,29.399999618530273,29.489999771118164,28.079999923706055,28.639999389648438,201800
2022-12-13,29.34000015258789,29.34000015258789,31.270000457763672,29.09000015258789,30.280000686645508,291100
2022-12-14,29.549999237060547,29.549999237060547,30.18000030517578,28.75,29.18000030517578,250800
2022-12-15,27.170000076293945,27.170000076293945,29.90999984741211,26.889999389648438,28.65999984741211,276800
2022-12-16,31.139999389648438,31.139999389648438,31.850000381469727,27.75,27.75,2213800
2022-12-19,29.450000762939453,29.450000762939453,31.309999465942383,28.81999969482422,31.309999465942383,334000
2022-12-20,28.8799991607666,28.8799991607666,29.940000534057617,28.84000015258789,29.170000076293945,339000
2022-12-21,30.790000915527344,30.790000915527344,31.389999389648438,29.010000228881836,29.06999969482422,202200
2022-12-22,30.790000915527344,30.790000915527344,31.09000015258789,30.200000762939453,30.5,154700
2022-12-23,29.889999389648438,29.889999389648438,30.989999771118164,29.469999313354492,30.860000610351562,126300
2022-12-27,29.139999389648438,29.139999389648438,29.969999313354492,28.790000915527344,29.8700008392334,117800
2022-12-28,28.709999084472656,28.709999084472656,29.700000762939453,28.329999923706055,29.049999237060547,131900
2022-12-29,29.719999313354492,29.719999313354492,30.299999237060547,28.989999771118164,28.989999771118164,112100
2022-12-30,29.59000015258789,29.59000015258789,29.780000686645508,29.079999923706055,29.3799991607666,115100
2023-01-03,28.260000228881836,28.260000228881836,30.6200008392334,27.84000015258789,29.829999923706055,247700
2023-01-04,28.700000762939453,28.700000762939453,29.170000076293945,27.959999084472656,28.760000228881836,195700
2023-01-05,27.84000015258789,27.84000015258789,28.610000610351562,27.59000015258789,28.440000534057617,227300
2023-01-06,28.350000381469727,28.350000381469727,28.770000457763672,27.549999237060547,28.059999465942383,135500
2023-01-09,30.139999389648438,30.139999389648438,30.450000762939453,28.780000686645508,28.780000686645508,183500
2023-01-10,31.299999237060547,31.299999237060547,31.440000534057617,29.989999771118164,29.989999771118164,175100
2023-01-11,33.29999923706055,33.29999923706055,33.29999923706055,31.270000457763672,31.270000457763672,222000
2023-01-12,35.2400016784668,35.2400016784668,35.33000183105469,32.90999984741211,33.38999938964844,311700
2023-01-13,35.900001525878906,35.900001525878906,36.0,34.63999938964844,34.83000183105469,248300
2023-01-17,35.099998474121094,35.099998474121094,36.369998931884766,35.029998779296875,35.4900016784668,177800
2023-01-18,34.52000045776367,34.52000045776367,36.25,34.22999954223633,35.380001068115234,163500
2023-01-19,33.33000183105469,33.33000183105469,34.56999969482422,33.189998626708984,34.130001068115234,143400
2023-01-20,34.02000045776367,34.02000045776367,34.52000045776367,33.5099983215332,33.970001220703125,116000
2023-01-23,33.75,33.75,34.349998474121094,33.11000061035156,34.08000183105469,106200
2023-01-24,33.2599983215332,33.2599983215332,33.939998626708984,33.18000030517578,33.61000061035156,86000
2023-01-25,33.540000915527344,33.540000915527344,33.66999816894531,32.5,32.97999954223633,72800
2023-01-26,33.61000061035156,33.61000061035156,34.77000045776367,32.04999923706055,33.939998626708984,80800
2023-01-27,34.790000915527344,34.790000915527344,35.41999816894531,33.189998626708984,33.54999923706055,114400
2023-01-30,34.220001220703125,34.220001220703125,34.7599983215332,33.599998474121094,34.45000076293945,117000
2023-01-31,35.63999938964844,35.63999938964844,36.529998779296875,34.38999938964844,34.38999938964844,181500
2023-02-01,36.27000045776367,36.27000045776367,36.709999084472656,34.65999984741211,35.630001068115234,162200
2023-02-02,36.959999084472656,36.959999084472656,37.63999938964844,36.310001373291016,36.599998474121094,164800
2023-02-03,36.349998474121094,36.349998474121094,37.29999923706055,36.0,36.38999938964844,183400
2023-02-06,34.91999816894531,34.91999816894531,36.41999816894531,34.470001220703125,35.9900016784668,110000
2023-02-07,35.7599983215332,35.7599983215332,35.900001525878906,34.33000183105469,34.70000076293945,131800
2023-02-08,34.59000015258789,34.59000015258789,36.52000045776367,34.459999084472656,35.619998931884766,105700
2023-02-09,34.93000030517578,34.93000030517578,35.65999984741211,34.560001373291016,35.16999816894531,158800
2023-02-10,34.56999969482422,34.56999969482422,35.81999969482422,33.279998779296875,34.810001373291016,78100
2023-02-13,34.86000061035156,34.86000061035156,35.0099983215332,34.380001068115234,34.619998931884766,119600
2023-02-14,35.099998474121094,35.099998474121094,35.900001525878906,33.970001220703125,34.52000045776367,162100
2023-02-15,35.029998779296875,35.029998779296875,35.2599983215332,34.2400016784668,34.810001373291016,110200
2023-02-16,34.810001373291016,34.810001373291016,35.439998626708984,33.90999984741211,34.36000061035156,104100
2023-02-17,34.459999084472656,34.459999084472656,35.060001373291016,33.81999969482422,34.709999084472656,93400
2023-02-21,33.220001220703125,33.220001220703125,34.0,33.09000015258789,33.77000045776367,145500
2023-02-22,33.15999984741211,33.15999984741211,33.81999969482422,32.91999816894531,33.290000915527344,157300
2023-02-23,32.650001525878906,32.650001525878906,34.08000183105469,32.43000030517578,33.349998474121094,149800
2023-02-24,35.439998626708984,35.439998626708984,35.790000915527344,32.70000076293945,34.16999816894531,259300
2023-02-27,35.25,35.25,36.880001068115234,34.91999816894531,35.93000030517578,202800
2023-02-28,34.900001525878906,34.900001525878906,36.45000076293945,34.70000076293945,35.130001068115234,341100
2023-03-01,36.5099983215332,36.5099983215332,36.81999969482422,34.83000183105469,35.060001373291016,207400
2023-03-02,37.86000061035156,37.86000061035156,37.91999816894531,35.61000061035156,36.2400016784668,203100
2023-03-03,38.029998779296875,38.029998779296875,38.45000076293945,36.68000030517578,38.06999969482422,177500
2023-03-06,36.11000061035156,36.11000061035156,38.380001068115234,35.9900016784668,38.33000183105469,264700
2023-03-07,35.75,35.75,36.25,35.38999938964844,35.91999816894531,162300
2023-03-08,36.869998931884766,36.869998931884766,37.0,35.47999954223633,35.810001373291016,179600
2023-03-09,36.2599983215332,36.2599983215332,37.2400016784668,36.209999084472656,36.970001220703125,216200
2023-03-10,34.970001220703125,34.970001220703125,36.459999084472656,34.11000061035156,36.06999969482422,222500
2023-03-13,35.31999969482422,35.31999969482422,35.93000030517578,34.0,34.52000045776367,186200
2023-03-14,35.810001373291016,35.810001373291016,36.459999084472656,34.9900016784668,36.0,169000
2023-03-15,35.54999923706055,35.54999923706055,35.619998931884766,34.4900016784668,34.970001220703125,235200
2023-03-16,37.08000183105469,37.08000183105469,37.279998779296875,34.70000076293945,35.13999938964844,211400
2023-03-17,36.93000030517578,36.93000030517578,37.099998474121094,35.79999923706055,37.0099983215332,639700
2023-03-20,36.709999084472656,36.709999084472656,37.70000076293945,36.5099983215332,37.02000045776367,167200
2023-03-21,39.65999984741211,39.65999984741211,39.88999938964844,37.2400016784668,37.2400016784668,350800
2023-03-22,39.18000030517578,39.18000030517578,39.9900016784668,38.900001525878906,39.720001220703125,265900
2023-03-23,38.5,38.5,40.400001525878906,38.060001373291016,39.45000076293945,152400
2023-03-24,38.189998626708984,38.189998626708984,38.959999084472656,37.70000076293945,38.040000915527344,102200
2023-03-27,39.04999923706055,39.04999923706055,39.63999938964844,38.349998474121094,38.59000015258789,153100
2023-03-28,38.27000045776367,38.27000045776367,39.83000183105469,38.22999954223633,39.04999923706055,93900
2023-03-29,37.709999084472656,37.709999084472656,38.77000045776367,36.529998779296875,38.720001220703125,187500
2023-03-30,35.779998779296875,35.779998779296875,38.20000076293945,35.25,37.97999954223633,188700
2023-03-31,36.470001220703125,36.470001220703125,36.869998931884766,36.0099983215332,36.060001373291016,191300
2023-04-03,37.70000076293945,37.70000076293945,37.779998779296875,36.4900016784668,36.529998779296875,157700
2023-04-04,38.790000915527344,38.790000915527344,38.790000915527344,36.75,37.68000030517578,142200
2023-04-05,38.27000045776367,38.27000045776367,39.13999938964844,36.81999969482422,38.630001068115234,124000
2023-04-06,38.15999984741211,38.15999984741211,38.70000076293945,36.66999816894531,38.470001220703125,129900
2023-04-10,38.91999816894531,38.91999816894531,39.27000045776367,37.54999923706055,37.97999954223633,173300
2023-04-11,39.869998931884766,39.869998931884766,40.130001068115234,38.5099983215332,39.13999938964844,231200
2023-04-12,38.869998931884766,38.869998931884766,39.97999954223633,38.66999816894531,39.83000183105469,217200
2023-04-13,40.16999816894531,40.16999816894531,40.209999084472656,37.869998931884766,39.15999984741211,185500
2023-04-14,39.060001373291016,39.060001373291016,40.29999923706055,38.869998931884766,40.29999923706055,124900
2023-04-17,39.5099983215332,39.5099983215332,40.0,38.79999923706055,39.27000045776367,79800
2023-04-18,40.2400016784668,40.2400016784668,40.4900016784668,39.279998779296875,39.61000061035156,151500
2023-04-19,40.279998779296875,40.279998779296875,40.709999084472656,39.25,40.16999816894531,204300
2023-04-20,36.63999938964844,36.63999938964844,39.869998931884766,36.25,39.869998931884766,226700
2023-04-21,38.709999084472656,38.709999084472656,39.209999084472656,36.720001220703125,36.720001220703125,203700
2023-04-24,37.540000915527344,37.540000915527344,39.04999923706055,37.47999954223633,38.599998474121094,94200
2023-04-25,36.47999954223633,36.47999954223633,37.41999816894531,35.91999816894531,37.119998931884766,91300
2023-04-26,35.47999954223633,35.47999954223633,36.72999954223633,35.209999084472656,36.33000183105469,108000
2023-04-27,36.08000183105469,36.08000183105469,36.66999816894531,35.599998474121094,35.65999984741211,93600
2023-04-28,35.4900016784668,35.4900016784668,36.900001525878906,35.349998474121094,35.91999816894531,152800
2023-05-01,35.810001373291016,35.810001373291016,36.29999923706055,35.0099983215332,35.529998779296875,127600
2023-05-02,35.0099983215332,35.0099983215332,36.189998626708984,34.66999816894531,35.540000915527344,156200
2023-05-03,35.040000915527344,35.040000915527344,35.59000015258789,34.790000915527344,35.150001525878906,157100
2023-05-04,34.150001525878906,34.150001525878906,35.029998779296875,33.20000076293945,35.029998779296875,165500
2023-05-05,34.880001068115234,34.880001068115234,35.709999084472656,33.31999969482422,34.88999938964844,194600
2023-05-08,34.97999954223633,34.97999954223633,35.2599983215332,34.11000061035156,34.97999954223633,204300
2023-05-09,31.829999923706055,31.829999923706055,34.13999938964844,30.09000015258789,33.65999984741211,270800
2023-05-10,32.619998931884766,32.619998931884766,33.56999969482422,32.08000183105469,32.34000015258789,178900
2023-05-11,32.90999984741211,32.90999984741211,33.18000030517578,31.440000534057617,32.349998474121094,156700
2023-05-12,33.5,33.5,33.689998626708984,32.70000076293945,32.95000076293945,129200
2023-05-15,33.880001068115234,33.880001068115234,34.22999954223633,33.5,33.540000915527344,162300
2023-05-16,32.88999938964844,32.88999938964844,33.7599983215332,32.86000061035156,33.56999969482422,128300
2023-05-17,33.709999084472656,33.709999084472656,33.900001525878906,32.5,33.04999923706055,157400
2023-05-18,33.849998474121094,33.849998474121094,34.0,33.31999969482422,33.5099983215332,123600
2023-05-19,33.349998474121094,33.349998474121094,34.349998474121094,33.220001220703125,33.91999816894531,185600
2023-05-22,31.549999237060547,31.549999237060547,33.529998779296875,31.25,33.349998474121094,204000
2023-05-23,31.239999771118164,31.239999771118164,32.54999923706055,31.200000762939453,31.489999771118164,160900
2023-05-24,31.280000686645508,31.280000686645508,31.469999313354492,30.190000534057617,30.969999313354492,151600
2023-05-25,31.100000381469727,31.100000381469727,31.719999313354492,30.110000610351562,31.209999084472656,173700
2023-05-26,31.270000457763672,31.270000457763672,31.799999237060547,30.950000762939453,31.1200008392334,102200
2023-05-30,30.93000030517578,30.93000030517578,31.65999984741211,30.790000915527344,31.40999984741211,86000
2023-05-31,31.6200008392334,31.6200008392334,31.770000457763672,30.459999084472656,30.770000457763672,221600
2023-06-01,32.279998779296875,32.279998779296875,32.84000015258789,30.739999771118164,31.59000015258789,128300
2023-06-02,33.7400016784668,33.7400016784668,33.84000015258789,32.41999816894531,32.540000915527344,155200
2023-06-05,32.439998626708984,32.439998626708984,33.36000061035156,31.68000030517578,33.36000061035156,142200
2023-06-06,33.59000015258789,33.59000015258789,33.900001525878906,32.25,32.27000045776367,179700
2023-06-07,33.66999816894531,33.66999816894531,34.310001373291016,33.31999969482422,33.790000915527344,171100
2023-06-08,33.36000061035156,33.36000061035156,34.08000183105469,32.88999938964844,33.650001525878906,179900
2023-06-09,33.119998931884766,33.119998931884766,33.93000030517578,33.0,33.25,99400
2023-06-12,32.900001525878906,32.900001525878906,33.7400016784668,32.720001220703125,33.20000076293945,154800
2023-06-13,33.45000076293945,33.45000076293945,34.310001373291016,32.900001525878906,32.900001525878906,205000
2023-06-14,31.520000457763672,31.520000457763672,33.40999984741211,31.350000381469727,33.40999984741211,261800
2023-06-15,32.02000045776367,32.02000045776367,32.29999923706055,31.100000381469727,31.399999618530273,164800
2023-06-16,31.1200008392334,31.1200008392334,32.790000915527344,30.81999969482422,32.43000030517578,437300
2023-06-20,31.610000610351562,31.610000610351562,31.68000030517578,30.649999618530273,30.920000076293945,137900
2023-06-21,31.079999923706055,31.079999923706055,31.56999969482422,30.920000076293945,31.290000915527344,115900
2023-06-22,29.739999771118164,29.739999771118164,31.690000534057617,29.6200008392334,31.09000015258789,185600
2023-06-23,29.68000030517578,29.68000030517578,30.010000228881836,28.899999618530273,29.399999618530273,621800
2023-06-26,29.549999237060547,29.549999237060547,30.31999969482422,29.469999313354492,29.579999923706055,111600
2023-06-27,31.139999389648438,31.139999389648438,31.290000915527344,29.389999389648438,29.510000228881836,122200
2023-06-28,32.27000045776367,32.27000045776367,32.369998931884766,30.979999542236328,30.979999542236328,141400
2023-06-29,32.40999984741211,32.40999984741211,33.25,31.639999389648438,32.2400016784668,130800
2023-06-30,31.600000381469727,31.600000381469727,32.849998474121094,31.5,32.70000076293945,133300
2023-07-03,31.020000457763672,31.020000457763672,31.8799991607666,30.690000534057617,31.459999084472656,55900
2023-07-05,30.579999923706055,30.579999923706055,31.1299991607666,30.06999969482422,30.899999618530273,257000
2023-07-06,29.850000381469727,29.850000381469727,30.18000030517578,29.299999237060547,30.18000030517578,217300
2023-07-07,30.739999771118164,30.739999771118164,30.959999084472656,29.969999313354492,29.969999313354492,121700
2023-07-10,32.04999923706055,32.04999923706055,32.29999923706055,30.6299991607666,30.6299991607666,138500
2023-07-11,32.06999969482422,32.06999969482422,32.65999984741211,31.850000381469727,32.15999984741211,72000
2023-07-12,32.689998626708984,32.689998626708984,33.029998779296875,32.40999984741211,33.029998779296875,100200
2023-07-13,32.70000076293945,32.70000076293945,33.20000076293945,32.2599983215332,32.97999954223633,158900
2023-07-14,33.470001220703125,33.470001220703125,33.7599983215332,32.290000915527344,32.849998474121094,146300
2023-07-17,33.619998931884766,33.619998931884766,33.83000183105469,32.79999923706055,33.38999938964844,128600
2023-07-18,34.869998931884766,34.869998931884766,34.90999984741211,33.7599983215332,33.779998779296875,178200
2023-07-19,34.77000045776367,34.77000045776367,35.54999923706055,34.470001220703125,34.88999938964844,187300
2023-07-20,34.70000076293945,34.70000076293945,35.130001068115234,33.84000015258789,34.84000015258789,109400
2023-07-21,34.470001220703125,34.470001220703125,35.04999923706055,33.90999984741211,35.04999923706055,143600
2023-07-24,34.06999969482422,34.06999969482422,34.86000061035156,33.900001525878906,34.40999984741211,135300
2023-07-25,34.31999969482422,34.31999969482422,34.439998626708984,33.630001068115234,33.900001525878906,127100
2023-07-26,35.2400016784668,35.2400016784668,35.459999084472656,34.119998931884766,34.119998931884766,109600
2023-07-27,34.54999923706055,34.54999923706055,35.7400016784668,34.400001525878906,35.5,125300
2023-07-28,34.7599983215332,34.7599983215332,35.41999816894531,34.439998626708984,34.88999938964844,91100
2023-07-31,36.630001068115234,36.630001068115234,36.65999984741211,34.36000061035156,34.790000915527344,137900
2023-08-01,36.95000076293945,36.95000076293945,36.97999954223633,35.58000183105469,36.380001068115234,154800
2023-08-02,36.279998779296875,36.279998779296875,36.59000015258789,35.81999969482422,36.380001068115234,109500
2023-08-03,36.08000183105469,36.08000183105469,36.63999938964844,35.36000061035156,36.189998626708984,152300
2023-08-04,37.66999816894531,37.66999816894531,38.529998779296875,35.86000061035156,36.08000183105469,228500
2023-08-07,38.060001373291016,38.060001373291016,38.150001525878906,36.689998626708984,37.45000076293945,173700
2023-08-08,39.25,39.25,39.459999084472656,34.459999084472656,37.66999816894531,220900
2023-08-09,39.02000045776367,39.02000045776367,40.810001373291016,38.59000015258789,39.29999923706055,209200
2023-08-10,39.33000183105469,39.33000183105469,39.9900016784668,38.65999984741211,39.119998931884766,144500
2023-08-11,38.9900016784668,38.9900016784668,39.529998779296875,38.66999816894531,39.029998779296875,98400
2023-08-14,39.11000061035156,39.11000061035156,39.41999816894531,37.970001220703125,38.61000061035156,224300
2023-08-15,38.689998626708984,38.689998626708984,38.970001220703125,38.47999954223633,38.970001220703125,104100
2023-08-16,38.33000183105469,38.33000183105469,38.72999954223633,38.189998626708984,38.529998779296875,121500
2023-08-17,37.61000061035156,37.61000061035156,38.349998474121094,36.93000030517578,38.349998474121094,141800
2023-08-18,37.709999084472656,37.709999084472656,37.869998931884766,36.439998626708984,37.130001068115234,117500
2023-08-21,37.56999969482422,37.56999969482422,38.279998779296875,37.130001068115234,37.709999084472656,198000
2023-08-22,37.689998626708984,37.689998626708984,37.849998474121094,37.099998474121094,37.52000045776367,96300
2023-08-23,37.41999816894531,37.41999816894531,38.119998931884766,37.29999923706055,37.720001220703125,100800
2023-08-24,37.130001068115234,37.130001068115234,37.58000183105469,36.529998779296875,37.150001525878906,141300
2023-08-25,37.369998931884766,37.369998931884766,37.63999938964844,36.4900016784668,37.33000183105469,75800
2023-08-28,37.47999954223633,37.47999954223633,37.849998474121094,37.25,37.59000015258789,102100
2023-08-29,38.060001373291016,38.060001373291016,38.41999816894531,37.220001220703125,37.34000015258789,143600
2023-08-30,38.119998931884766,38.119998931884766,38.619998931884766,37.790000915527344,37.790000915527344,187900
2023-08-31,37.86000061035156,37.86000061035156,38.5,37.619998931884766,38.06999969482422,230700
2023-09-01,37.900001525878906,37.900001525878906,38.47999954223633,37.849998474121094,38.029998779296875,161900
2023-09-05,31.760000228881836,31.760000228881836,37.349998474121094,31.139999389648438,37.15999984741211,586300
2023-09-06,31.110000610351562,31.110000610351562,32.52000045776367,30.299999237060547,32.029998779296875,437500
2023-09-07,33.68000030517578,33.68000030517578,33.779998779296875,30.729999542236328,31.3799991607666,477200
2023-09-08,33.2400016784668,33.2400016784668,33.849998474121094,32.88999938964844,33.599998474121094,263800
2023-09-11,33.20000076293945,33.20000076293945,34.5,32.88999938964844,33.2400016784668,245700
2023-09-12,31.649999618530273,31.649999618530273,33.060001373291016,31.520000457763672,32.97999954223633,192700
2023-09-13,31.110000610351562,31.110000610351562,31.709999084472656,30.920000076293945,31.559999465942383,366700
2023-09-14,31.65999984741211,31.65999984741211,31.920000076293945,30.399999618530273,31.309999465942383,221500
2023-09-15,32.58000183105469,32.58000183105469,32.65999984741211,31.5,31.65999984741211,562200
2023-09-18,31.739999771118164,31.739999771118164,32.709999084472656,31.299999237060547,32.52000045776367,311300
2023-09-19,30.969999313354492,30.969999313354492,31.889999389648438,30.790000915527344,31.799999237060547,139300
2023-09-20,30.459999084472656,30.459999084472656,31.639999389648438,30.299999237060547,31.1299991607666,112300
2023-09-21,30.329999923706055,30.329999923706055,30.770000457763672,29.760000228881836,30.270000457763672,97800
2023-09-22,29.940000534057617,29.940000534057617,30.860000610351562,29.90999984741211,30.34000015258789,85200
2023-09-25,30.6200008392334,30.6200008392334,30.65999984741211,29.649999618530273,29.81999969482422,74200
2023-09-26,30.209999084472656,30.209999084472656,30.719999313354492,30.040000915527344,30.329999923706055,118900
2023-09-27,30.799999237060547,30.799999237060547,31.1200008392334,30.459999084472656,30.459999084472656,111300
2023-09-28,31.149999618530273,31.149999618530273,31.860000610351562,30.700000762939453,30.700000762939453,182000
2023-09-29,30.850000381469727,30.850000381469727,31.450000762939453,30.440000534057617,31.450000762939453,138300
2023-10-02,30.610000610351562,30.610000610351562,30.809999465942383,30.020000457763672,30.639999389648438,160400
2023-10-03,30.420000076293945,30.420000076293945,30.549999237060547,29.8700008392334,30.530000686645508,157600
2023-10-04,31.6200008392334,31.6200008392334,31.649999618530273,30.010000228881836,30.420000076293945,136200
2023-10-05,32.2400016784668,32.2400016784668,32.470001220703125,30.690000534057617,31.700000762939453,184400
2023-10-06,32.630001068115234,32.630001068115234,32.81999969482422,31.8700008392334,32.130001068115234,99100
2023-10-09,32.279998779296875,32.279998779296875,32.939998626708984,31.959999084472656,32.22999954223633,131700
2023-10-10,33.209999084472656,33.209999084472656,33.72999954223633,31.940000534057617,32.43000030517578,175500
2023-10-11,32.95000076293945,32.95000076293945,33.900001525878906,32.400001525878906,33.18000030517578,93500
2023-10-12,31.520000457763672,31.520000457763672,32.880001068115234,30.079999923706055,32.880001068115234,90700
2023-10-13,31.0,31.0,31.739999771118164,30.809999465942383,31.489999771118164,186400
2023-10-16,31.329999923706055,31.329999923706055,32.61000061035156,31.139999389648438,31.399999618530273,197400
2023-10-17,33.2400016784668,33.2400016784668,34.349998474121094,31.110000610351562,31.920000076293945,193300
2023-10-18,32.369998931884766,32.369998931884766,33.040000915527344,32.220001220703125,32.849998474121094,99000
2023-10-19,31.729999542236328,31.729999542236328,32.52000045776367,31.559999465942383,32.13999938964844,110600
2023-10-20,31.489999771118164,31.489999771118164,32.099998474121094,31.34000015258789,32.0,150600
2023-10-23,30.93000030517578,30.93000030517578,31.920000076293945,30.68000030517578,31.31999969482422,121200
2023-10-24,31.559999465942383,31.559999465942383,31.969999313354492,31.040000915527344,31.040000915527344,85300
2023-10-25,30.6200008392334,30.6200008392334,31.200000762939453,30.440000534057617,31.1299991607666,78500
2023-10-26,30.290000915527344,30.290000915527344,31.329999923706055,30.079999923706055,30.75,103800
2023-10-27,29.959999084472656,29.959999084472656,30.5,29.59000015258789,30.229999542236328,108600
2023-10-30,30.309999465942383,30.309999465942383,30.68000030517578,29.56999969482422,30.3799991607666,95100
2023-10-31,31.209999084472656,31.209999084472656,31.530000686645508,30.149999618530273,30.309999465942383,145100
2023-11-01,30.309999465942383,30.309999465942383,30.899999618530273,29.329999923706055,30.899999618530273,132100
2023-11-02,30.739999771118164,30.739999771118164,31.0,30.239999771118164,31.0,131800
2023-11-03,31.969999313354492,31.969999313354492,32.0,30.59000015258789,31.200000762939453,164200
2023-11-06,29.34000015258789,29.34000015258789,31.799999237060547,29.06999969482422,31.719999313354492,234500
2023-11-07,29.389999389648438,29.389999389648438,29.90999984741211,28.8700008392334,29.329999923706055,164500
2023-11-08,32.060001373291016,32.060001373291016,34.599998474121094,30.469999313354492,31.5,299700
2023-11-09,30.450000762939453,30.450000762939453,32.9900016784668,30.030000686645508,32.06999969482422,160700
2023-11-10,30.200000762939453,30.200000762939453,31.56999969482422,29.719999313354492,30.719999313354492,195300
2023-11-13,31.350000381469727,31.350000381469727,31.579999923706055,29.6299991607666,30.030000686645508,168000
2023-11-14,34.119998931884766,34.119998931884766,34.16999816894531,32.0,32.0,240100
2023-11-15,34.2599983215332,34.2599983215332,35.9900016784668,34.20000076293945,34.20000076293945,205500
2023-11-16,34.88999938964844,34.88999938964844,34.9900016784668,33.59000015258789,34.2599983215332,190400
2023-11-17,35.130001068115234,35.130001068115234,35.84000015258789,33.060001373291016,35.25,199500
2023-11-20,34.08000183105469,34.08000183105469,34.900001525878906,33.41999816894531,34.900001525878906,254600
2023-11-21,32.790000915527344,32.790000915527344,33.86000061035156,32.040000915527344,33.86000061035156,200800
2023-11-22,33.45000076293945,33.45000076293945,34.349998474121094,33.25,33.45000076293945,234900
2023-11-24,34.41999816894531,34.41999816894531,34.459999084472656,32.880001068115234,33.34000015258789,96100
2023-11-27,34.02000045776367,34.02000045776367,34.619998931884766,33.869998931884766,33.91999816894531,149600
2023-11-28,33.689998626708984,33.689998626708984,34.22999954223633,33.33000183105469,34.0,87000
2023-11-29,33.52000045776367,33.52000045776367,34.599998474121094,33.40999984741211,34.0,117400
2023-11-30,33.22999954223633,33.22999954223633,33.91999816894531,33.09000015258789,33.91999816894531,96000
2023-12-01,34.79999923706055,34.79999923706055,34.849998474121094,33.130001068115234,33.130001068115234,164500
2023-12-04,34.880001068115234,34.880001068115234,34.90999984741211,34.16999816894531,34.47999954223633,131900
2023-12-05,33.65999984741211,33.65999984741211,34.810001373291016,33.560001373291016,34.810001373291016,92000
2023-12-06,33.4900016784668,33.4900016784668,34.5,33.41999816894531,33.90999984741211,98700
2023-12-07,33.279998779296875,33.279998779296875,33.40999984741211,32.54999923706055,33.40999984741211,125700
2023-12-08,33.380001068115234,33.380001068115234,33.7400016784668,32.63999938964844,33.04999923706055,118200
2023-12-11,32.959999084472656,32.959999084472656,33.439998626708984,32.31999969482422,33.38999938964844,148200
2023-12-12,33.81999969482422,33.81999969482422,33.869998931884766,32.65999984741211,32.959999084472656,186500
2023-12-13,35.38999938964844,35.38999938964844,35.400001525878906,33.2400016784668,33.7400016784668,281900
2023-12-14,36.939998626708984,36.939998626708984,37.0,35.88999938964844,36.0,453200
2023-12-15,36.150001525878906,36.150001525878906,37.380001068115234,35.77000045776367,37.11000061035156,1470500
2023-12-18,36.15999984741211,36.15999984741211,37.20000076293945,35.869998931884766,36.59000015258789,202300
2023-12-19,37.43000030517578,37.43000030517578,37.810001373291016,36.560001373291016,36.560001373291016,228700
2023-12-20,36.119998931884766,36.119998931884766,38.060001373291016,36.06999969482422,37.5099983215332,166400
2023-12-21,36.91999816894531,36.91999816894531,36.939998626708984,36.150001525878906,36.619998931884766,103800
2023-12-22,37.93000030517578,37.93000030517578,38.20000076293945,36.36000061035156,36.58000183105469,178000
2023-12-26,39.47999954223633,39.47999954223633,39.52000045776367,37.20000076293945,38.189998626708984,251100
2023-12-27,40.16999816894531,40.16999816894531,40.25,39.20000076293945,39.4900016784668,326600
2023-12-28,39.70000076293945,39.70000076293945,40.5,39.470001220703125,39.90999984741211,210600
2023-12-29,38.29999923706055,38.29999923706055,39.90999984741211,38.130001068115234,39.709999084472656,152100
2024-01-02,38.779998779296875,38.779998779296875,39.619998931884766,37.849998474121094,37.849998474121094,154700
2024-01-03,37.9900016784668,37.9900016784668,38.689998626708984,37.9900016784668,38.34000015258789,217600
2024-01-04,37.369998931884766,37.369998931884766,38.13999938964844,37.29999923706055,38.099998474121094,168400
2024-01-05,36.810001373291016,36.810001373291016,37.2400016784668,36.619998931884766,36.81999969482422,144800
2024-01-08,38.119998931884766,38.119998931884766,38.16999816894531,36.869998931884766,36.869998931884766,126600
2024-01-09,37.849998474121094,37.849998474121094,39.4900016784668,36.13999938964844,37.529998779296875,141300
2024-01-10,37.65999984741211,37.65999984741211,37.72999954223633,36.70000076293945,37.650001525878906,142700
2024-01-11,37.279998779296875,37.279998779296875,37.79999923706055,36.79999923706055,37.56999969482422,136200
2024-01-12,36.66999816894531,36.66999816894531,37.79999923706055,36.47999954223633,37.77000045776367,143000
2024-01-16,35.7599983215332,35.7599983215332,36.349998474121094,35.45000076293945,36.09000015258789,185700
2024-01-17,35.380001068115234,35.380001068115234,35.68000030517578,34.33000183105469,34.93000030517578,92300
2024-01-18,34.77000045776367,34.77000045776367,35.560001373291016,34.54999923706055,35.459999084472656,155800
2024-01-19,35.2400016784668,35.2400016784668,35.2599983215332,34.11000061035156,34.970001220703125,129800
2024-01-22,36.88999938964844,36.88999938964844,37.650001525878906,35.58000183105469,35.720001220703125,207000
2024-01-23,36.81999969482422,36.81999969482422,38.119998931884766,36.5,37.54999923706055,121200
2024-01-24,36.70000076293945,36.70000076293945,37.709999084472656,35.880001068115234,37.70000076293945,169200
2024-01-25,35.470001220703125,35.470001220703125,37.54999923706055,35.20000076293945,37.25,235200
2024-01-26,35.279998779296875,35.279998779296875,36.2400016784668,34.849998474121094,35.88999938964844,167200
2024-01-29,35.869998931884766,35.869998931884766,35.91999816894531,35.0099983215332,35.2599983215332,235500
2024-01-30,36.060001373291016,36.060001373291016,36.15999984741211,35.220001220703125,35.63999938964844,138300
2024-01-31,34.75,34.75,36.689998626708984,34.75,36.060001373291016,158000
2024-02-01,35.72999954223633,35.72999954223633,35.84000015258789,34.779998779296875,34.880001068115234,124900
2024-02-02,35.86000061035156,35.86000061035156,36.130001068115234,35.22999954223633,35.36000061035156,99000
2024-02-05,35.29999923706055,35.29999923706055,35.66999816894531,35.13999938964844,35.4900016784668,119300
2024-02-06,36.540000915527344,36.540000915527344,36.91999816894531,35.38999938964844,35.38999938964844,106800
2024-02-07,36.06999969482422,36.06999969482422,36.650001525878906,35.75,36.650001525878906,147900
2024-02-08,36.709999084472656,36.709999084472656,36.939998626708984,36.0,36.0,106200
2024-02-09,37.27000045776367,37.27000045776367,37.459999084472656,36.40999984741211,36.97999954223633,137100
2024-02-12,38.41999816894531,38.41999816894531,38.79999923706055,37.58000183105469,37.58000183105469,141700
2024-02-13,36.34000015258789,36.34000015258789,37.95000076293945,35.93000030517578,37.029998779296875,192400
2024-02-14,37.54999923706055,37.54999923706055,37.70000076293945,36.529998779296875,37.150001525878906,143600
2024-02-15,39.0099983215332,39.0099983215332,39.13999938964844,37.70000076293945,37.849998474121094,197600
2024-02-16,38.5,38.5,38.869998931884766,37.63999938964844,38.61000061035156,166400
2024-02-20,39.2599983215332,39.2599983215332,39.29999923706055,37.779998779296875,37.81999969482422,184900
2024-02-21,38.75,38.75,39.25,38.18000030517578,39.220001220703125,129800
2024-02-22,41.70000076293945,41.70000076293945,43.119998931884766,40.25,40.43000030517578,487600
2024-02-23,40.81999969482422,40.81999969482422,42.75,40.709999084472656,41.70000076293945,313900
2024-02-26,42.790000915527344,42.790000915527344,43.869998931884766,42.0099983215332,42.209999084472656,273900
2024-02-27,43.540000915527344,43.540000915527344,43.86000061035156,41.11000061035156,42.459999084472656,378200
2024-02-28,43.77000045776367,43.77000045776367,45.31999969482422,41.29999923706055,44.349998474121094,262400
2024-02-29,45.040000915527344,45.040000915527344,45.47999954223633,44.15999984741211,44.15999984741211,292500
2024-03-01,43.56999969482422,43.56999969482422,45.2400016784668,43.02000045776367,45.0,185000
2024-03-04,43.970001220703125,43.970001220703125,44.900001525878906,43.349998474121094,44.33000183105469,162800
2024-03-05,43.220001220703125,43.220001220703125,44.2599983215332,42.70000076293945,43.68000030517578,147500
2024-03-06,43.81999969482422,43.81999969482422,44.2400016784668,43.099998474121094,43.5,118800
2024-03-07,44.709999084472656,44.709999084472656,45.38999938964844,43.61000061035156,43.61000061035156,185500
2024-03-08,44.720001220703125,44.720001220703125,45.709999084472656,44.470001220703125,45.04999923706055,227800
2024-03-11,42.209999084472656,42.209999084472656,44.970001220703125,42.0,44.72999954223633,244800
2024-03-12,42.040000915527344,42.040000915527344,42.58000183105469,41.599998474121094,42.11000061035156,107500
2024-03-13,41.0,41.0,42.7400016784668,40.619998931884766,41.86000061035156,123900
2024-03-14,40.09000015258789,40.09000015258789,40.91999816894531,39.5,40.5099983215332,180400
2024-03-15,39.880001068115234,39.880001068115234,40.63999938964844,39.4900016784668,39.650001525878906,360900
2024-03-18,39.56999969482422,39.56999969482422,40.40999984741211,39.41999816894531,39.90999984741211,113700
2024-03-19,39.970001220703125,39.970001220703125,40.66999816894531,39.369998931884766,39.540000915527344,101500
2024-03-20,41.54999923706055,41.54999923706055,42.15999984741211,39.56999969482422,39.75,124800
2024-03-21,40.91999816894531,40.91999816894531,42.439998626708984,40.56999969482422,41.81999969482422,141300
2024-03-22,39.66999816894531,39.66999816894531,41.11000061035156,39.5099983215332,41.02000045776367,106800
2024-03-25,39.290000915527344,39.290000915527344,40.20000076293945,39.150001525878906,39.79999923706055,76900
2024-03-26,39.5,39.5,40.119998931884766,39.4900016784668,39.77000045776367,92300
2024-03-27,41.119998931884766,41.119998931884766,41.189998626708984,39.77000045776367,40.220001220703125,145100
2024-03-28,41.9900016784668,41.9900016784668,42.90999984741211,40.86000061035156,41.189998626708984,135300
2024-04-01,42.040000915527344,42.040000915527344,43.189998626708984,41.40999984741211,42.220001220703125,114100
2024-04-02,42.060001373291016,42.060001373291016,42.58000183105469,40.380001068115234,41.09000015258789,234600
2024-04-03,42.099998474121094,42.099998474121094,42.349998474121094,41.59000015258789,41.630001068115234,161500
2024-04-04,41.38999938964844,41.38999938964844,43.0,41.31999969482422,42.58000183105469,123500
2024-04-05,41.75,41.75,42.70000076293945,40.91999816894531,41.150001525878906,76900
2024-04-08,42.20000076293945,42.20000076293945,42.68000030517578,41.63999938964844,42.08000183105469,85700
2024-04-09,42.560001373291016,42.560001373291016,42.560001373291016,41.61000061035156,42.31999969482422,58500
2024-04-10,41.150001525878906,41.150001525878906,41.91999816894531,40.65999984741211,41.04999923706055,129800
2024-04-11,41.220001220703125,41.220001220703125,41.400001525878906,40.36000061035156,41.400001525878906,82300
2024-04-12,40.720001220703125,40.720001220703125,41.5099983215332,40.16999816894531,40.77000045776367,107700
2024-04-15,39.150001525878906,39.150001525878906,41.119998931884766,38.59000015258789,40.9900016784668,154100
2024-04-16,37.88999938964844,37.88999938964844,39.45000076293945,37.81999969482422,39.040000915527344,115700
2024-04-17,37.40999984741211,37.40999984741211,39.47999954223633,37.34000015258789,37.939998626708984,105500
2024-04-18,37.09000015258789,37.09000015258789,38.400001525878906,36.90999984741211,37.0099983215332,195000
2024-04-19,37.220001220703125,37.220001220703125,37.810001373291016,36.959999084472656,36.959999084472656,117000
2024-04-22,37.43000030517578,37.43000030517578,37.83000183105469,36.90999984741211,36.939998626708984,84400
2024-04-23,37.47999954223633,37.47999954223633,38.31999969482422,37.380001068115234,37.380001068115234,99100
2024-04-24,37.0099983215332,37.0099983215332,38.310001373291016,36.95000076293945,37.209999084472656,79800
2024-04-25,36.560001373291016,36.560001373291016,37.380001068115234,35.959999084472656,36.33000183105469,112500
2024-04-26,36.720001220703125,36.720001220703125,37.36000061035156,36.279998779296875,36.59000015258789,86800
2024-04-29,37.93000030517578,37.93000030517578,38.02000045776367,36.83000183105469,36.83000183105469,85900
2024-04-30,37.150001525878906,37.150001525878906,37.93000030517578,36.790000915527344,37.93000030517578,108800
2024-05-01,37.25,37.25,38.130001068115234,36.93000030517578,37.29999923706055,121600
2024-05-02,37.06999969482422,37.06999969482422,37.95000076293945,36.4900016784668,37.5,114700
2024-05-03,37.459999084472656,37.459999084472656,38.18000030517578,36.779998779296875,37.75,107000
2024-05-06,38.31999969482422,38.31999969482422,38.63999938964844,37.72999954223633,37.72999954223633,106300
2024-05-07,37.93000030517578,37.93000030517578,39.16999816894531,37.869998931884766,38.22999954223633,125500
2024-05-08,38.09000015258789,38.09000015258789,38.4900016784668,34.90999984741211,37.0,158700
2024-05-09,39.04999923706055,39.04999923706055,39.31999969482422,37.84000015258789,37.84000015258789,147600
2024-05-10,38.88999938964844,38.88999938964844,39.2400016784668,38.529998779296875,39.13999938964844,145600
2024-05-13,39.150001525878906,39.150001525878906,39.70000076293945,38.43000030517578,39.29999923706055,114300
2024-05-14,40.02000045776367,40.02000045776367,40.220001220703125,39.380001068115234,39.720001220703125,120000
2024-05-15,41.18000030517578,41.18000030517578,41.369998931884766,39.95000076293945,40.02000045776367,186700
2024-05-16,41.130001068115234,41.130001068115234,41.90999984741211,40.619998931884766,41.029998779296875,166100
2024-05-17,40.900001525878906,40.900001525878906,41.599998474121094,40.52000045776367,41.15999984741211,170700
2024-05-20,39.060001373291016,39.060001373291016,40.40999984741211,38.97999954223633,40.099998474121094,154600
2024-05-21,38.90999984741211,38.90999984741211,39.029998779296875,38.33000183105469,38.560001373291016,83800
2024-05-22,38.099998474121094,38.099998474121094,38.95000076293945,38.029998779296875,38.459999084472656,110400
2024-05-23,37.689998626708984,37.689998626708984,38.41999816894531,37.119998931884766,38.060001373291016,153200
2024-05-24,39.970001220703125,39.970001220703125,40.15999984741211,36.61000061035156,38.040000915527344,187300
2024-05-28,39.959999084472656,39.959999084472656,40.63999938964844,39.470001220703125,40.33000183105469,111500
2024-05-29,39.540000915527344,39.540000915527344,39.88999938964844,39.2400016784668,39.2599983215332,105800
2024-05-30,40.060001373291016,40.060001373291016,40.83000183105469,39.02000045776367,39.5,232700
2024-05-31,41.43000030517578,41.43000030517578,42.349998474121094,40.040000915527344,40.060001373291016,371200
2024-06-03,42.2400016784668,42.2400016784668,42.25,41.209999084472656,41.97999954223633,141000
2024-06-04,42.439998626708984,42.439998626708984,42.79999923706055,41.77000045776367,41.77000045776367,163500
2024-06-05,41.75,41.75,42.939998626708984,41.58000183105469,42.439998626708984,123200
2024-06-06,41.38999938964844,41.38999938964844,41.70000076293945,41.209999084472656,41.38999938964844,89500
2024-06-07,40.56999969482422,40.56999969482422,41.43000030517578,40.38999938964844,40.81999969482422,121000
2024-06-10,39.380001068115234,39.380001068115234,40.02000045776367,37.689998626708984,39.939998626708984,227800
2024-06-11,39.7400016784668,39.7400016784668,39.93000030517578,38.540000915527344,38.939998626708984,149900
2024-06-12,40.040000915527344,40.040000915527344,41.630001068115234,39.77000045776367,40.27000045776367,152000
2024-06-13,38.880001068115234,38.880001068115234,40.220001220703125,38.029998779296875,40.220001220703125,180000
2024-06-14,39.4900016784668,39.4900016784668,39.56999969482422,38.0,38.38999938964844,159400
2024-06-17,40.0,40.0,40.119998931884766,38.88999938964844,39.130001068115234,133100
2024-06-18,41.75,41.75,41.810001373291016,39.79999923706055,40.11000061035156,235500
2024-06-20,40.54999923706055,40.54999923706055,42.45000076293945,40.5,41.279998779296875,236800
2024-06-21,41.27000045776367,41.27000045776367,41.5,39.83000183105469,40.52000045776367,551600
2024-06-24,40.66999816894531,40.66999816894531,41.779998779296875,40.630001068115234,41.36000061035156,155300
2024-06-25,39.540000915527344,39.540000915527344,40.7400016784668,39.45000076293945,40.5099983215332,205900
2024-06-26,40.029998779296875,40.029998779296875,40.27000045776367,39.06999969482422,39.06999969482422,187500
2024-06-27,40.77000045776367,40.77000045776367,40.79999923706055,39.66999816894531,40.63999938964844,162200
2024-06-28,40.560001373291016,40.560001373291016,41.54999923706055,39.9900016784668,41.099998474121094,383600
2024-07-01,39.72999954223633,39.72999954223633,40.529998779296875,39.150001525878906,40.4900016784668,146700
2024-07-02,39.900001525878906,39.900001525878906,40.810001373291016,39.7400016784668,40.0,137400
2024-07-03,39.91999816894531,39.91999816894531,40.380001068115234,39.63999938964844,40.20000076293945,98300
2024-07-05,39.7599983215332,39.7599983215332,40.20000076293945,39.380001068115234,39.81999969482422,100600
2024-07-08,39.68000030517578,39.68000030517578,40.84000015258789,39.630001068115234,40.310001373291016,169500
2024-07-09,38.34000015258789,38.34000015258789,39.650001525878906,38.31999969482422,39.5,174300
2024-07-10,38.20000076293945,38.20000076293945,38.849998474121094,37.790000915527344,38.29999923706055,164000
2024-07-11,45.0,45.0,45.439998626708984,39.7599983215332,40.029998779296875,738600
2024-07-12,47.189998626708984,47.189998626708984,48.34000015258789,45.209999084472656,45.4900016784668,433500
2024-07-15,47.59000015258789,47.59000015258789,49.79999923706055,46.81999969482422,48.459999084472656,301200
2024-07-16,50.95000076293945,50.95000076293945,51.16999816894531,47.72999954223633,48.45000076293945,334100
2024-07-17,50.810001373291016,50.810001373291016,53.119998931884766,50.18000030517578,50.18000030517578,391000
2024-07-18,48.869998931884766,48.869998931884766,52.130001068115234,48.459999084472656,50.45000076293945,347800
2024-07-19,49.33000183105469,49.33000183105469,50.13999938964844,48.02000045776367,48.66999816894531,230100
2024-07-22,49.709999084472656,49.709999084472656,49.880001068115234,48.630001068115234,49.77000045776367,156200
2024-07-23,51.22999954223633,51.22999954223633,51.709999084472656,49.11000061035156,49.349998474121094,161200
2024-07-24,50.47999954223633,50.47999954223633,52.25,50.06999969482422,50.959999084472656,173800
2024-07-25,52.47999954223633,52.47999954223633,53.0,50.25,50.779998779296875,197000
2024-07-26,52.20000076293945,52.20000076293945,54.27000045776367,51.470001220703125,53.0,237400
2024-07-29,52.22999954223633,52.22999954223633,53.95000076293945,51.959999084472656,52.369998931884766,145900
2024-07-30,52.40999984741211,52.40999984741211,54.150001525878906,52.04999923706055,52.810001373291016,127400
2024-07-31,52.459999084472656,52.459999084472656,54.20000076293945,52.08000183105469,52.959999084472656,207000
2024-08-01,51.56999969482422,51.56999969482422,53.540000915527344,50.31999969482422,53.0,191400
2024-08-02,49.279998779296875,49.279998779296875,50.099998474121094,47.90999984741211,48.84000015258789,202500
2024-08-05,47.18000030517578,47.18000030517578,47.630001068115234,45.779998779296875,46.0099983215332,193400
2024-08-06,47.58000183105469,47.58000183105469,48.38999938964844,46.810001373291016,47.349998474121094,150300
2024-08-07,46.36000061035156,46.36000061035156,49.060001373291016,46.0,48.41999816894531,231700
2024-08-08,46.849998474121094,46.849998474121094,51.849998474121094,45.63999938964844,51.849998474121094,256800
2024-08-09,47.90999984741211,47.90999984741211,48.5,46.790000915527344,47.08000183105469,145000
2024-08-12,46.7400016784668,46.7400016784668,47.91999816894531,46.52000045776367,47.869998931884766,150700
2024-08-13,47.689998626708984,47.689998626708984,48.16999816894531,46.959999084472656,47.439998626708984,136600
2024-08-14,46.58000183105469,46.58000183105469,47.939998626708984,46.18000030517578,47.5,486100
2024-08-15,47.70000076293945,47.70000076293945,47.900001525878906,46.529998779296875,47.900001525878906,454400
2024-08-16,48.22999954223633,48.22999954223633,48.79999923706055,47.04999923706055,47.75,341500
2024-08-19,47.86000061035156,47.86000061035156,48.209999084472656,47.29999923706055,47.5,179600
2024-08-20,47.2599983215332,47.2599983215332,48.04999923706055,46.630001068115234,47.72999954223633,244000
2024-08-21,48.31999969482422,48.31999969482422,48.59000015258789,46.88999938964844,47.939998626708984,210000
2024-08-22,47.93000030517578,47.93000030517578,48.83000183105469,47.630001068115234,48.31999969482422,178000
2024-08-23,48.119998931884766,48.119998931884766,48.75,47.650001525878906,48.43000030517578,300700
2024-08-26,48.5,48.5,48.84000015258789,48.06999969482422,48.7400016784668,314800
2024-08-27,48.709999084472656,48.709999084472656,50.04999923706055,48.119998931884766,48.34000015258789,175200
2024-08-28,48.279998779296875,48.279998779296875,49.150001525878906,47.84000015258789,48.5,128200
2024-08-29,47.54999923706055,47.54999923706055,49.099998474121094,47.47999954223633,48.79999923706055,117800
2024-08-30,47.790000915527344,47.790000915527344,48.47999954223633,47.029998779296875,47.84000015258789,136900
2024-09-03,47.400001525878906,47.400001525878906,48.65999984741211,46.66999816894531,47.27000045776367,198900
2024-09-04,47.08000183105469,47.08000183105469,47.83000183105469,46.97999954223633,47.36000061035156,117000
2024-09-05,47.86000061035156,47.86000061035156,48.02000045776367,47.060001373291016,47.439998626708984,122000
2024-09-06,47.63999938964844,47.63999938964844,48.79999923706055,46.63999938964844,48.02000045776367,200100
2024-09-09,47.349998474121094,47.349998474121094,47.72999954223633,46.5,47.220001220703125,276600
2024-09-10,47.93000030517578,47.93000030517578,48.189998626708984,47.27000045776367,47.56999969482422,174600
2024-09-11,49.08000183105469,49.08000183105469,49.15999984741211,47.36000061035156,47.54999923706055,232300
2024-09-12,51.66999816894531,51.66999816894531,52.5,49.439998626708984,49.630001068115234,303600
2024-09-13,54.470001220703125,54.470001220703125,55.22999954223633,52.13999938964844,52.13999938964844,418300
2024-09-16,55.11000061035156,55.11000061035156,56.25,54.599998474121094,54.599998474121094,290600
2024-09-17,55.47999954223633,55.47999954223633,57.470001220703125,55.290000915527344,55.75,334000
2024-09-18,57.15999984741211,57.15999984741211,58.779998779296875,55.25,55.34000015258789,437900
2024-09-19,57.84000015258789,57.84000015258789,58.459999084472656,57.36000061035156,58.36000061035156,307900
2024-09-20,57.0,57.0,58.459999084472656,56.369998931884766,58.25,878000
2024-09-23,57.029998779296875,57.029998779296875,57.75,56.619998931884766,57.31999969482422,164200
2024-09-24,55.58000183105469,55.58000183105469,57.119998931884766,55.459999084472656,57.06999969482422,190100
2024-09-25,55.720001220703125,55.720001220703125,56.61000061035156,55.34000015258789,55.709999084472656,216200
2024-09-26,56.189998626708984,56.189998626708984,57.09000015258789,55.83000183105469,56.06999969482422,268000
2024-09-27,56.529998779296875,56.529998779296875,57.70000076293945,55.81999969482422,56.81999969482422,162800
2024-09-30,57.939998626708984,57.939998626708984,57.939998626708984,56.36000061035156,56.36000061035156,244400
2024-10-01,57.84000015258789,57.84000015258789,58.5,56.84000015258789,57.66999816894531,331500
2024-10-02,57.869998931884766,57.869998931884766,58.400001525878906,57.0,57.310001373291016,161000
2024-10-03,59.47999954223633,59.47999954223633,59.88999938964844,57.77000045776367,58.060001373291016,353800
2024-10-04,59.88999938964844,59.88999938964844,61.5099983215332,59.220001220703125,59.2400016784668,506200
2024-10-07,59.31999969482422,59.31999969482422,60.560001373291016,58.5,59.459999084472656,414800
2024-10-08,58.93000030517578,58.93000030517578,59.83000183105469,58.4900016784668,59.540000915527344,255200
2024-10-09,58.33000183105469,58.33000183105469,59.459999084472656,57.540000915527344,58.93000030517578,195400
2024-10-10,56.9900016784668,56.9900016784668,57.790000915527344,56.630001068115234,57.5099983215332,258500
2024-10-11,56.22999954223633,56.22999954223633,57.27000045776367,56.119998931884766,56.54999923706055,168500
2024-10-14,59.63999938964844,59.63999938964844,59.7599983215332,56.58000183105469,56.849998474121094,509800
2024-10-15,61.06999969482422,61.06999969482422,61.54999923706055,59.45000076293945,59.52000045776367,348300
2024-10-16,62.540000915527344,62.540000915527344,63.20000076293945,61.380001068115234,61.4900016784668,367000
2024-10-17,61.369998931884766,61.369998931884766,62.5,60.869998931884766,62.36000061035156,256700
2024-10-18,60.59000015258789,60.59000015258789,61.4900016784668,60.5099983215332,61.4900016784668,122600
2024-10-21,60.11000061035156,60.11000061035156,60.43000030517578,59.380001068115234,60.43000030517578,222000
2024-10-22,57.900001525878906,57.900001525878906,60.2400016784668,57.810001373291016,59.97999954223633,214400
2024-10-23,54.65999984741211,54.65999984741211,57.869998931884766,54.31999969482422,57.369998931884766,240300
2024-10-24,55.63999938964844,55.63999938964844,56.970001220703125,54.689998626708984,54.86000061035156,206400
2024-10-25,55.68000030517578,55.68000030517578,56.279998779296875,55.0,55.91999816894531,117400
2024-10-28,56.08000183105469,56.08000183105469,57.09000015258789,55.77000045776367,56.310001373291016,131400
2024-10-29,55.84000015258789,55.84000015258789,55.939998626708984,54.810001373291016,55.47999954223633,162500
2024-10-30,55.61000061035156,55.61000061035156,56.34000015258789,55.349998474121094,55.650001525878906,123000
2024-10-31,53.779998779296875,53.779998779296875,55.54999923706055,53.68000030517578,55.43000030517578,173700
2024-11-01,54.529998779296875,54.529998779296875,55.5,54.099998474121094,54.540000915527344,161700
2024-11-04,54.29999923706055,54.29999923706055,54.869998931884766,53.689998626708984,54.0,144300
2024-11-05,56.0,56.0,56.189998626708984,54.0,54.09000015258789,196500
2024-11-06,59.4900016784668,59.4900016784668,60.9900016784668,58.029998779296875,59.83000183105469,353600
2024-11-07,59.08000183105469,59.08000183105469,60.90999984741211,58.709999084472656,59.349998474121094,279300
2024-11-08,46.959999084472656,46.959999084472656,57.41999816894531,46.540000915527344,57.40999984741211,796400
2024-11-11,46.810001373291016,46.810001373291016,48.630001068115234,45.54999923706055,48.5,674000
2024-11-12,42.90999984741211,42.90999984741211,46.7400016784668,42.47999954223633,46.52000045776367,591200
2024-11-13,41.90999984741211,41.90999984741211,45.400001525878906,41.689998626708984,44.86000061035156,585800
2024-11-14,41.900001525878906,41.900001525878906,42.810001373291016,40.970001220703125,41.95000076293945,432600
2024-11-15,40.810001373291016,40.810001373291016,42.400001525878906,39.41999816894531,42.349998474121094,392600
2024-11-18,40.5099983215332,40.5099983215332,41.31999969482422,40.08000183105469,40.63999938964844,256300
2024-11-19,40.93000030517578,40.93000030517578,41.54999923706055,39.900001525878906,40.150001525878906,377800
2024-11-20,41.040000915527344,41.040000915527344,41.290000915527344,40.279998779296875,40.599998474121094,190100
2024-11-21,42.11000061035156,42.11000061035156,42.380001068115234,40.84000015258789,41.61000061035156,269600
2024-11-22,42.11000061035156,42.11000061035156,42.849998474121094,41.9900016784668,42.220001220703125,280100
2024-11-25,42.400001525878906,42.400001525878906,43.41999816894531,41.86000061035156,42.11000061035156,403700
2024-11-26,42.459999084472656,42.459999084472656,43.16999816894531,42.029998779296875,42.2400016784668,309100
2024-11-27,42.86000061035156,42.86000061035156,44.220001220703125,42.22999954223633,42.9900016784668,376000
2024-11-29,43.25,43.25,43.54999923706055,42.689998626708984,43.150001525878906,226600
2024-12-02,44.810001373291016,44.810001373291016,45.15999984741211,43.400001525878906,43.72999954223633,298300
2024-12-03,43.209999084472656,43.209999084472656,44.810001373291016,42.91999816894531,44.810001373291016,228300
2024-12-04,43.41999816894531,43.41999816894531,44.15999984741211,42.959999084472656,43.70000076293945,184800
2024-12-05,42.900001525878906,42.900001525878906,43.70000076293945,42.65999984741211,43.70000076293945,226900
2024-12-06,41.40999984741211,41.40999984741211,43.29999923706055,41.33000183105469,43.09000015258789,238000
2024-12-09,40.0099983215332,40.0099983215332,41.7400016784668,39.939998626708984,41.7400016784668,207400
2024-12-10,39.470001220703125,39.470001220703125,40.41999816894531,39.31999969482422,40.060001373291016,311100
2024-12-11,38.5,38.5,39.720001220703125,38.470001220703125,39.70000076293945,307500
2024-12-12,37.7400016784668,37.7400016784668,39.310001373291016,37.709999084472656,38.599998474121094,214900
2024-12-13,37.630001068115234,37.630001068115234,37.91999816894531,37.2599983215332,37.56999969482422,214200
2024-12-16,36.79999923706055,36.79999923706055,38.11000061035156,36.72999954223633,37.060001373291016,299400
2024-12-17,35.52000045776367,35.52000045776367,37.290000915527344,35.470001220703125,36.439998626708984,295700
2024-12-18,35.040000915527344,35.040000915527344,36.65999984741211,34.31999969482422,35.540000915527344,339800
2024-12-19,35.09000015258789,35.09000015258789,35.459999084472656,34.630001068115234,35.25,296900
2024-12-20,33.70000076293945,33.70000076293945,35.93000030517578,33.439998626708984,34.900001525878906,1050500
2024-12-23,33.470001220703125,33.470001220703125,34.41999816894531,33.18000030517578,33.970001220703125,382600
2024-12-24,33.47999954223633,33.47999954223633,33.5099983215332,32.58000183105469,33.41999816894531,138200
2024-12-26,33.529998779296875,33.529998779296875,33.58000183105469,32.75,33.18000030517578,236400
2024-12-27,32.720001220703125,32.720001220703125,33.5099983215332,32.209999084472656,33.220001220703125,235100
2024-12-30,31.979999542236328,31.979999542236328,32.93000030517578,31.649999618530273,32.65999984741211,210900
2024-12-31,31.530000686645508,31.530000686645508,32.400001525878906,31.34000015258789,32.08000183105469,271700
2025-01-02,32.20000076293945,32.20000076293945,32.86000061035156,31.75,31.809999465942383,420600
2025-01-03,32.18000030517578,32.18000030517578,32.83000183105469,31.889999389648438,32.40999984741211,259500
2025-01-06,31.440000534057617,31.440000534057617,32.63999938964844,31.1200008392334,32.130001068115234,408500
2025-01-07,31.0,31.0,32.18000030517578,30.860000610351562,31.639999389648438,264700
2025-01-08,31.65999984741211,31.65999984741211,31.850000381469727,30.049999237060547,30.850000381469727,455400
2025-01-10,29.479999542236328,29.479999542236328,30.93000030517578,29.350000381469727,30.889999389648438,364800
2025-01-13,30.280000686645508,30.280000686645508,30.889999389648438,29.079999923706055,29.079999923706055,408300
2025-01-14,31.190000534057617,31.190000534057617,31.350000381469727,29.489999771118164,30.100000381469727,338400
2025-01-15,31.34000015258789,31.34000015258789,32.4900016784668,31.010000228881836,31.989999771118164,616500
2025-01-16,33.36000061035156,33.36000061035156,33.40999984741211,30.860000610351562,31.15999984741211,339500
2025-01-17,35.16999816894531,35.16999816894531,35.369998931884766,33.040000915527344,33.61000061035156,719500
2025-01-21,37.13999938964844,37.13999938964844,37.540000915527344,35.5,35.5,642300
2025-01-22,38.02000045776367,38.02000045776367,38.41999816894531,36.709999084472656,36.709999084472656,513000
2025-01-23,37.959999084472656,37.959999084472656,38.310001373291016,37.0,37.84000015258789,425700
2025-01-24,37.099998474121094,37.099998474121094,38.0099983215332,36.709999084472656,37.9900016784668,331200
2025-01-27,37.720001220703125,37.720001220703125,38.88999938964844,37.099998474121094,37.099998474121094,296600
2025-01-28,37.93000030517578,37.93000030517578,38.599998474121094,37.58000183105469,37.58000183105469,249600
2025-01-29,36.90999984741211,36.90999984741211,38.709999084472656,36.59000015258789,37.66999816894531,292600
2025-01-30,36.81999969482422,36.81999969482422,37.4900016784668,36.2400016784668,37.11000061035156,204100
2025-01-31,36.869998931884766,36.869998931884766,37.56999969482422,36.63999938964844,36.779998779296875,315700
2025-02-03,36.279998779296875,36.279998779296875,37.22999954223633,35.5,35.970001220703125,241200
2025-02-04,36.9900016784668,36.9900016784668,37.34000015258789,36.06999969482422,36.06999969482422,223200
2025-02-05,36.529998779296875,36.529998779296875,37.43000030517578,36.040000915527344,37.0099983215332,211700
2025-02-06,35.58000183105469,35.58000183105469,36.84000015258789,35.13999938964844,36.529998779296875,221500
2025-02-07,35.779998779296875,35.779998779296875,36.060001373291016,35.20000076293945,35.619998931884766,211600
2025-02-10,36.72999954223633,36.72999954223633,36.75,35.45000076293945,36.029998779296875,258800
2025-02-11,38.040000915527344,38.040000915527344,38.5,36.34000015258789,36.34000015258789,313300
2025-02-12,38.380001068115234,38.380001068115234,38.59000015258789,37.209999084472656,37.290000915527344,272200
2025-02-13,39.20000076293945,39.20000076293945,39.84000015258789,38.75,38.75,208900
2025-02-14,38.959999084472656,38.959999084472656,39.81999969482422,38.95000076293945,39.470001220703125,236600
2025-02-18,38.900001525878906,38.900001525878906,39.970001220703125,38.310001373291016,38.90999984741211,325400
2025-02-19,39.09000015258789,39.09000015258789,39.599998474121094,38.369998931884766,38.369998931884766,313000
2025-02-20,37.38999938964844,37.38999938964844,39.150001525878906,37.310001373291016,39.029998779296875,257900
2025-02-21,35.68000030517578,35.68000030517578,38.09000015258789,35.63999938964844,37.68000030517578,291700
2025-02-24,34.59000015258789,34.59000015258789,36.18000030517578,34.56999969482422,36.04999923706055,478600
2025-02-25,35.369998931884766,35.369998931884766,35.970001220703125,34.52000045776367,34.90999984741211,356000
2025-02-26,35.099998474121094,35.099998474121094,36.20000076293945,34.880001068115234,35.20000076293945,220900
2025-02-27,34.68000030517578,34.68000030517578,36.130001068115234,34.619998931884766,35.189998626708984,235900
2025-02-28,25.3799991607666,25.3799991607666,31.209999084472656,23.1200008392334,31.209999084472656,1007000
2025-03-03,26.479999542236328,26.479999542236328,27.190000534057617,25.389999389648438,25.549999237060547,627500
2025-03-04,26.780000686645508,26.780000686645508,27.540000915527344,25.940000534057617,26.5,524200
2025-03-05,27.190000534057617,27.190000534057617,27.260000228881836,26.290000915527344,26.920000076293945,327300
2025-03-06,27.209999084472656,27.209999084472656,27.309999465942383,26.610000610351562,26.989999771118164,242500
2025-03-07,29.3799991607666,29.3799991607666,29.729999542236328,26.940000534057617,26.940000534057617,513800
2025-03-10,28.809999465942383,28.809999465942383,30.329999923706055,28.190000534057617,28.8700008392334,543400
2025-03-11,28.200000762939453,28.200000762939453,30.440000534057617,27.809999465942383,28.809999465942383,329200
2025-03-12,29.65999984741211,29.65999984741211,29.940000534057617,27.90999984741211,28.299999237060547,392900
2025-03-13,29.200000762939453,29.200000762939453,30.100000381469727,28.850000381469727,29.610000610351562,327600
2025-03-14,29.34000015258789,29.34000015258789,30.639999389648438,29.040000915527344,29.540000915527344,343100
2025-03-17,30.600000381469727,30.600000381469727,30.690000534057617,29.1299991607666,29.15999984741211,245700
2025-03-18,32.029998779296875,32.029998779296875,32.34000015258789,29.950000762939453,30.290000915527344,393500
2025-03-19,31.510000228881836,31.510000228881836,32.0,31.200000762939453,31.770000457763672,397100
2025-03-20,30.81999969482422,30.81999969482422,31.950000762939453,30.030000686645508,30.90999984741211,295800
2025-03-21,30.889999389648438,30.889999389648438,31.309999465942383,29.950000762939453,30.530000686645508,679500
2025-03-24,31.889999389648438,31.889999389648438,32.060001373291016,30.469999313354492,31.479999542236328,267500
2025-03-25,30.790000915527344,30.790000915527344,32.33000183105469,30.360000610351562,31.8799991607666,273100
2025-03-26,30.790000915527344,30.790000915527344,31.200000762939453,30.459999084472656,30.90999984741211,159200
2025-03-27,31.360000610351562,31.360000610351562,31.479999542236328,30.540000915527344,30.860000610351562,190100
2025-03-28,30.540000915527344,30.540000915527344,31.450000762939453,29.729999542236328,31.399999618530273,272700
2025-03-31,31.010000228881836,31.010000228881836,31.389999389648438,29.760000228881836,29.829999923706055,335600
2025-04-01,29.860000610351562,29.860000610351562,31.389999389648438,29.469999313354492,30.610000610351562,348600
2025-04-02,30.020000457763672,30.020000457763672,30.450000762939453,29.309999465942383,29.549999237060547,285800
2025-04-03,30.34000015258789,30.34000015258789,30.899999618530273,29.1299991607666,29.1299991607666,296100
2025-04-04,30.06999969482422,30.06999969482422,30.34000015258789,28.270000457763672,29.209999084472656,288900
2025-04-07,29.290000915527344,29.290000915527344,30.950000762939453,27.639999389648438,28.549999237060547,448200
2025-04-08,31.09000015258789,31.09000015258789,32.849998474121094,30.65999984741211,32.0,551700
2025-04-09,31.93000030517578,31.93000030517578,33.88999938964844,30.200000762939453,30.68000030517578,462400
2025-04-10,32.220001220703125,32.220001220703125,32.83000183105469,31.139999389648438,31.139999389648438,293700
2025-04-11,33.099998474121094,33.099998474121094,33.43000030517578,31.43000030517578,32.540000915527344,176500
2025-04-14,34.04999923706055,34.04999923706055,34.09000015258789,32.04999923706055,33.38999938964844,257100
2025-04-15,33.7599983215332,33.7599983215332,34.150001525878906,32.93000030517578,34.09000015258789,267700
2025-04-16,32.70000076293945,32.70000076293945,34.04999923706055,32.31999969482422,32.65999984741211,242900
2025-04-17,31.3799991607666,31.3799991607666,33.029998779296875,30.829999923706055,32.369998931884766,344200
2025-04-21,29.559999465942383,29.559999465942383,31.65999984741211,29.40999984741211,31.229999542236328,293100
2025-04-22,30.389999389648438,30.389999389648438,30.440000534057617,29.200000762939453,30.079999923706055,279600
2025-04-23,30.899999618530273,30.899999618530273,31.84000015258789,30.8700008392334,31.309999465942383,304400
2025-04-24,31.399999618530273,31.399999618530273,31.469999313354492,30.600000381469727,31.0,215100
2025-04-25,30.600000381469727,30.600000381469727,31.15999984741211,30.1299991607666,31.15999984741211,207000
2025-04-28,30.739999771118164,30.739999771118164,31.31999969482422,30.420000076293945,30.56999969482422,190400
2025-04-29,31.149999618530273,31.149999618530273,31.709999084472656,30.229999542236328,30.81999969482422,206800
2025-04-30,31.170000076293945,31.170000076293945,31.5,30.209999084472656,30.950000762939453,209700
2025-05-01,31.440000534057617,31.440000534057617,31.979999542236328,30.5,31.549999237060547,207300
2025-05-02,32.4900016784668,32.4900016784668,32.540000915527344,31.479999542236328,31.920000076293945,176700
2025-05-05,32.38999938964844,32.38999938964844,32.849998474121094,31.09000015258789,31.6200008392334,165800
2025-05-06,32.040000915527344,32.040000915527344,32.459999084472656,31.540000915527344,32.18000030517578,182100
2025-05-07,32.13999938964844,32.13999938964844,32.540000915527344,31.510000228881836,32.040000915527344,296400
2025-05-08,33.439998626708984,33.439998626708984,33.66999816894531,32.220001220703125,32.779998779296875,281900
2025-05-09,29.709999084472656,29.709999084472656,32.61000061035156,29.649999618530273,32.099998474121094,387400
2025-05-12,28.540000915527344,28.540000915527344,30.860000610351562,28.5,30.56999969482422,444700
2025-05-13,26.700000762939453,26.700000762939453,29.200000762939453,26.389999389648438,28.799999237060547,537200
2025-05-14,26.5,26.5,28.030000686645508,26.200000762939453,26.969999313354492,624300
2025-05-15,27.059999465942383,27.059999465942383,27.510000228881836,25.040000915527344,26.670000076293945,339300
2025-05-16,27.18000030517578,27.18000030517578,27.350000381469727,26.06999969482422,26.90999984741211,273400
2025-05-19,26.850000381469727,26.850000381469727,27.170000076293945,26.540000915527344,26.899999618530273,241200
2025-05-20,27.079999923706055,27.079999923706055,27.59000015258789,26.520000457763672,26.770000457763672,207200
2025-05-21,25.190000534057617,25.190000534057617,26.81999969482422,24.979999542236328,26.739999771118164,301300
2025-05-22,24.469999313354492,24.469999313354492,25.239999771118164,23.829999923706055,25.1200008392334,415200
2025-05-23,24.290000915527344,24.290000915527344,24.610000610351562,23.8799991607666,24.3700008392334,254500
2025-05-27,24.969999313354492,24.969999313354492,25.3799991607666,24.290000915527344,24.65999984741211,279900
2025-05-28,24.610000610351562,24.610000610351562,25.100000381469727,24.219999313354492,25.0,208000
2025-05-29,24.3799991607666,24.3799991607666,25.15999984741211,24.3700008392334,24.780000686645508,167700
2025-05-30,24.790000915527344,24.790000915527344,25.209999084472656,24.170000076293945,24.3799991607666,213200
2025-06-02,24.5,24.5,25.5,24.09000015258789,24.68000030517578,195000
2025-06-03,25.190000534057617,25.190000534057617,25.739999771118164,24.450000762939453,24.6299991607666,196100
2025-06-04,25.059999465942383,25.059999465942383,25.850000381469727,24.989999771118164,25.5,164300
2025-06-05,24.799999237060547,24.799999237060547,25.209999084472656,24.670000076293945,25.0,156100
2025-06-06,25.260000228881836,25.260000228881836,25.43000030517578,24.940000534057617,25.049999237060547,138900
2025-06-09,25.280000686645508,25.280000686645508,25.469999313354492,24.760000228881836,25.459999084472656,191400
2025-06-10,26.530000686645508,26.530000686645508,26.530000686645508,24.989999771118164,25.440000534057617,206700
2025-06-11,26.360000610351562,26.360000610351562,27.3799991607666,26.350000381469727,26.649999618530273,326300
2025-06-12,26.350000381469727,26.350000381469727,26.549999237060547,25.940000534057617,26.049999237060547,213100
2025-06-13,25.75,25.75,26.299999237060547,25.5,25.6299991607666,212700
2025-06-16,24.940000534057617,24.940000534057617,26.40999984741211,24.780000686645508,26.079999923706055,275300
2025-06-17,24.65999984741211,24.65999984741211,25.1299991607666,24.34000015258789,24.6200008392334,219700
2025-06-18,24.260000228881836,24.260000228881836,24.799999237060547,24.139999389648438,24.559999465942383,190600
2025-06-20,24.0,24.0,24.520000457763672,23.81999969482422,24.229999542236328,670800
2025-06-23,25.06999969482422,25.06999969482422,25.1200008392334,23.690000534057617,24.0,298600
2025-06-24,26.700000762939453,26.700000762939453,26.8700008392334,24.649999618530273,25.260000228881836,335200
2025-06-25,25.040000915527344,25.040000915527344,26.540000915527344,24.690000534057617,26.510000228881836,273000
2025-06-26,24.719999313354492,24.719999313354492,25.280000686645508,24.229999542236328,24.979999542236328,223700
2025-06-27,24.729999542236328,24.729999542236328,25.1200008392334,24.110000610351562,24.84000015258789,481300
2025-06-30,24.8799991607666,24.8799991607666,25.420000076293945,24.299999237060547,24.760000228881836,301600
2025-07-01,25.059999465942383,25.059999465942383,25.959999084472656,24.56999969482422,24.700000762939453,221200
2025-07-02,24.649999618530273,24.649999618530273,25.700000762939453,24.389999389648438,25.700000762939453,231600
2025-07-03,25.280000686645508,25.280000686645508,25.799999237060547,24.639999389648438,24.729999542236328,159800
2025-07-07,24.149999618530273,24.149999618530273,25.739999771118164,24.1299991607666,25.299999237060547,268300
2025-07-08,24.469999313354492,24.469999313354492,24.700000762939453,24.139999389648438,24.25,222100
2025-07-09,24.81999969482422,24.81999969482422,24.889999389648438,24.280000686645508,24.6200008392334,205800
2025-07-10,25.610000610351562,25.610000610351562,25.799999237060547,24.43000030517578,24.729999542236328,278200
2025-07-11,24.899999618530273,24.899999618530273,25.5,24.639999389648438,25.5,310500
2025-07-14,25.1200008392334,25.1200008392334,25.690000534057617,24.239999771118164,24.75,304000
2025-07-15,24.489999771118164,24.489999771118164,25.489999771118164,24.360000610351562,25.100000381469727,367100
2025-07-16,25.280000686645508,25.280000686645508,25.459999084472656,24.5,24.690000534057617,293600
2025-07-17,24.690000534057617,24.690000534057617,25.450000762939453,24.610000610351562,25.31999969482422,319000
2025-07-18,22.649999618530273,22.649999618530273,24.93000030517578,22.579999923706055,24.93000030517578,448800
2025-07-21,23.040000915527344,23.040000915527344,23.8799991607666,22.739999771118164,22.969999313354492,278600
2025-07-22,22.959999084472656,22.959999084472656,23.959999084472656,22.84000015258789,23.170000076293945,262500
2025-07-23,23.440000534057617,23.440000534057617,23.549999237060547,22.799999237060547,23.1200008392334,278200
2025-07-24,22.5,22.5,23.43000030517578,22.450000762939453,23.190000534057617,326400
2025-07-25,23.270000457763672,23.270000457763672,23.520000457763672,22.6200008392334,22.65999984741211,296000
2025-07-28,23.649999618530273,23.649999618530273,23.760000228881836,23.030000686645508,23.309999465942383,334300
2025-07-29,23.43000030517578,23.43000030517578,23.780000686645508,23.25,23.610000610351562,407400
2025-07-30,24.079999923706055,24.079999923706055,24.110000610351562,23.309999465942383,23.3700008392334,465400
2025-07-31,23.860000610351562,23.860000610351562,24.209999084472656,23.719999313354492,23.780000686645508,354500
2025-08-01,21.56999969482422,21.56999969482422,23.90999984741211,21.43000030517578,23.729999542236328,638000
2025-08-04,21.8799991607666,21.8799991607666,22.299999237060547,21.459999084472656,21.649999618530273,435700
2025-08-05,22.31999969482422,22.31999969482422,23.06999969482422,21.850000381469727,21.950000762939453,436800
2025-08-06,21.809999465942383,21.809999465942383,22.360000610351562,21.360000610351562,22.280000686645508,343900
2025-08-07,21.459999084472656,21.459999084472656,22.040000915527344,21.200000762939453,21.790000915527344,457600
2025-08-08,28.079999923706055,28.079999923706055,29.760000228881836,23.850000381469727,24.0,1809100
2025-08-11,28.690000534057617,28.690000534057617,30.260000228881836,27.559999465942383,28.170000076293945,933400
2025-08-12,29.100000381469727,29.100000381469727,29.6200008392334,28.5,28.950000762939453,503600
2025-08-13,29.6299991607666,29.6299991607666,30.780000686645508,29.1200008392334,29.190000534057617,539800
2025-08-14,29.540000915527344,29.540000915527344,29.790000915527344,28.729999542236328,29.530000686645508,471000
2025-08-15,29.329999923706055,29.329999923706055,29.979999542236328,28.950000762939453,29.850000381469727,467600
2025-08-18,29.940000534057617,29.940000534057617,30.479999542236328,29.469999313354492,29.5,366500
2025-08-19,29.709999084472656,29.709999084472656,30.149999618530273,29.299999237060547,29.899999618530273,213900
2025-08-20,29.110000610351562,29.110000610351562,29.8799991607666,29.079999923706055,29.600000381469727,215900
2025-08-21,29.969999313354492,29.969999313354492,30.18000030517578,28.700000762939453,29.0,528800
2025-08-22,30.68000030517578,30.68000030517578,31.170000076293945,29.709999084472656,30.110000610351562,347000
2025-08-25,29.93000030517578,29.93000030517578,30.729999542236328,29.920000076293945,30.520000457763672,357800
2025-08-26,30.290000915527344,30.290000915527344,30.31999969482422,29.860000610351562,29.969999313354492,261600
2025-08-27,31.209999084472656,31.209999084472656,31.219999313354492,30.190000534057617,30.200000762939453,296900
2025-08-28,31.329999923706055,31.329999923706055,31.6299991607666,30.329999923706055,31.209999084472656,394900
2025-08-29,31.959999084472656,31.959999084472656,32.15999984741211,31.43000030517578,31.450000762939453,358000
2025-09-02,31.8799991607666,31.8799991607666,32.08000183105469,31.190000534057617,31.719999313354492,327200
2025-09-03,30.700000762939453,30.700000762939453,31.649999618530273,29.950000762939453,31.149999618530273,406300
2025-09-04,30.81999969482422,30.81999969482422,31.229999542236328,30.399999618530273,30.68000030517578,257700
2025-09-05,29.700000762939453,29.700000762939453,31.219999313354492,29.520000457763672,30.81999969482422,359400
2025-09-08,29.510000228881836,29.510000228881836,29.920000076293945,29.280000686645508,29.889999389648438,430300
2025-09-09,30.260000228881836,30.260000228881836,30.540000915527344,29.030000686645508,29.3799991607666,460100
2025-09-10,29.09000015258789,29.09000015258789,30.3700008392334,28.479999542236328,30.020000457763672,357100
2025-09-11,30.3799991607666,30.3799991607666,30.549999237060547,29.329999923706055,29.350000381469727,377400
2025-09-12,29.829999923706055,29.829999923706055,30.329999923706055,29.729999542236328,30.270000457763672,214900
2025-09-15,29.190000534057617,29.190000534057617,29.829999923706055,29.020000457763672,29.829999923706055,248700
2025-09-16,29.709999084472656,29.709999084472656,30.579999923706055,29.010000228881836,29.25,342400
2025-09-17,29.079999923706055,29.079999923706055,30.549999237060547,28.950000762939453,29.709999084472656,257500
2025-09-18,29.790000915527344,29.790000915527344,29.950000762939453,29.139999389648438,29.34000015258789,283000
2025-09-19,27.770000457763672,27.770000457763672,29.75,27.709999084472656,29.75,863900
2025-09-22,27.079999923706055,27.079999923706055,27.8700008392334,26.520000457763672,27.59000015258789,486200
2025-09-23,27.639999389648438,27.639999389648438,27.8700008392334,27.260000228881836,27.280000686645508,254400
2025-09-24,28.079999923706055,28.079999923706055,28.450000762939453,27.170000076293945,27.6299991607666,337000
2025-09-25,27.8799991607666,27.8799991607666,28.290000915527344,27.389999389648438,28.040000915527344,287100
2025-09-26,29.68000030517578,29.68000030517578,29.959999084472656,27.6200008392334,28.010000228881836,410000
2025-09-29,28.979999542236328,28.979999542236328,30.59000015258789,28.940000534057617,30.010000228881836,462700
2025-09-30,28.350000381469727,28.350000381469727,29.290000915527344,28.049999237060547,28.790000915527344,276300
2025-10-01,28.15999984741211,28.15999984741211,28.719999313354492,27.860000610351562,28.350000381469727,242500
2025-10-02,27.770000457763672,27.770000457763672,28.420000076293945,27.639999389648438,28.079999923706055,205700
2025-10-03,28.75,28.75,29.8799991607666,27.8799991607666,27.8799991607666,284200
2025-10-06,28.8700008392334,28.8700008392334,29.530000686645508,28.170000076293945,28.6299991607666,235900
2025-10-07,30.329999923706055,30.329999923706055,30.610000610351562,28.739999771118164,28.959999084472656,420900
2025-10-08,30.729999542236328,30.729999542236328,31.1200008392334,30.219999313354492,30.399999618530273,287900
2025-10-09,30.420000076293945,30.420000076293945,31.18000030517578,30.229999542236328,30.84000015258789,234800
2025-10-10,29.110000610351562,29.110000610351562,30.75,29.059999465942383,30.639999389648438,238600
2025-10-13,29.31999969482422,29.31999969482422,29.739999771118164,28.889999389648438,29.260000228881836,186700
2025-10-14,29.649999618530273,29.649999618530273,29.670000076293945,28.809999465942383,28.809999465942383,209800
2025-10-15,30.479999542236328,30.479999542236328,30.489999771118164,29.549999237060547,29.709999084472656,349700
2025-10-16,31.790000915527344,31.790000915527344,31.860000610351562,30.030000686645508,30.670000076293945,404300
2025-10-17,32.0099983215332,32.0099983215332,32.470001220703125,31.239999771118164,31.489999771118164,425300
2025-10-20,32.9900016784668,32.9900016784668,33.13999938964844,32.2400016784668,32.41999816894531,319200
2025-10-21,33.16999816894531,33.16999816894531,33.290000915527344,32.540000915527344,33.099998474121094,265000
2025-10-22,33.099998474121094,33.099998474121094,33.38999938964844,32.58000183105469,33.16999816894531,327200
2025-10-23,33.15999984741211,33.15999984741211,33.459999084472656,32.4900016784668,32.72999954223633,257700
2025-10-24,33.29999923706055,33.29999923706055,33.959999084472656,33.150001525878906,33.59000015258789,219400
2025-10-27,33.04999923706055,33.04999923706055,33.790000915527344,32.54999923706055,33.150001525878906,236000
2025-10-28,33.88999938964844,33.88999938964844,34.79999923706055,32.189998626708984,33.150001525878906,558300
2025-10-29,33.25,33.25,34.220001220703125,32.54999923706055,33.70000076293945,356900
2025-10-30,31.809999465942383,31.809999465942383,33.33000183105469,31.75,32.84000015258789,375200
2025-10-31,31.209999084472656,31.209999084472656,31.780000686645508,30.84000015258789,31.3700008392334,308700
2025-11-03,32.9900016784668,32.9900016784668,33.650001525878906,31.799999237060547,32.5099983215332,643000
2025-11-04,33.099998474121094,33.099998474121094,33.900001525878906,32.7400016784668,32.7400016784668,707600
2025-11-05,33.2400016784668,33.2400016784668,33.619998931884766,32.189998626708984,32.95000076293945,320500
2025-11-06,33.36000061035156,33.36000061035156,34.18000030517578,32.849998474121094,33.189998626708984,751800
2025-11-07,25.540000915527344,25.540000915527344,31.0,25.540000915527344,31.0,1204100
2025-11-10,22.43000030517578,22.43000030517578,25.600000381469727,22.040000915527344,25.549999237060547,1054700
2025-11-11,23.799999237060547,23.799999237060547,24.040000915527344,22.049999237060547,22.5,712500
2025-11-12,23.559999465942383,23.559999465942383,24.5,23.31999969482422,23.760000228881836,833000
2025-11-13,21.90999984741211,21.90999984741211,23.600000381469727,21.860000610351562,23.420000076293945,696900
2025-11-14,21.530000686645508,21.530000686645508,21.84000015258789,20.780000686645508,21.760000228881836,532600
2025-11-17,21.030000686645508,21.030000686645508,21.780000686645508,21.020000457763672,21.5,397200
2025-11-18,21.3799991607666,21.3799991607666,21.739999771118164,20.799999237060547,20.979999542236328,642100
2025-11-19,22.030000686645508,22.030000686645508,22.1200008392334,20.719999313354492,21.360000610351562,751300
2025-11-20,20.34000015258789,20.34000015258789,22.559999465942383,20.299999237060547,22.260000228881836,592300
2025-11-21,22.5,22.5,22.65999984741211,20.1200008392334,20.309999465942383,817300
2025-11-24,22.600000381469727,22.600000381469727,23.15999984741211,21.780000686645508,21.959999084472656,662100
2025-11-25,23.219999313354492,23.219999313354492,23.610000610351562,22.809999465942383,22.84000015258789,419100
2025-11-26,23.049999237060547,23.049999237060547,23.649999618530273,22.969999313354492,23.229999542236328,404200
2025-11-28,23.040000915527344,23.040000915527344,23.299999237060547,22.860000610351562,23.100000381469727,204400
2025-12-01,23.18000030517578,23.18000030517578,23.670000076293945,22.690000534057617,22.860000610351562,441900
2025-12-02,22.81999969482422,22.81999969482422,23.59000015258789,22.6200008392334,23.389999389648438,526100
2025-12-03,23.020000457763672,23.020000457763672,23.31999969482422,22.739999771118164,22.8700008392334,368200
2025-12-04,22.790000915527344,22.790000915527344,23.110000610351562,22.450000762939453,22.8799991607666,259400
2025-12-05,22.06999969482422,22.06999969482422,23.229999542236328,21.75,22.889999389648438,448400
2025-12-08,22.0,22.0,22.469999313354492,21.8799991607666,22.25,362300
2025-12-09,21.350000381469727,21.350000381469727,22.209999084472656,21.229999542236328,22.09000015258789,388400
2025-12-10,21.15999984741211,21.15999984741211,21.700000762939453,20.639999389648438,21.200000762939453,535200
2025-12-11,22.459999084472656,22.459999084472656,22.65999984741211,21.309999465942383,21.309999465942383,601000
2025-12-12,23.469999313354492,23.469999313354492,23.989999771118164,22.6299991607666,22.770000457763672,850100
2025-12-15,22.299999237060547,22.299999237060547,23.389999389648438,22.1299991607666,23.389999389648438,709100
2025-12-16,22.309999465942383,22.309999465942383,22.43000030517578,21.979999542236328,22.290000915527344,551200
2025-12-17,22.639999389648438,22.639999389648438,23.030000686645508,22.209999084472656,22.309999465942383,563700
2025-12-18,23.209999084472656,23.209999084472656,23.420000076293945,22.709999084472656,22.809999465942383,633200
2025-12-19,23.8700008392334,23.8700008392334,24.59000015258789,22.989999771118164,23.170000076293945,1780500
2025-12-22,24.010000228881836,24.010000228881836,24.540000915527344,23.489999771118164,23.690000534057617,463700
2025-12-23,24.440000534057617,24.440000534057617,24.450000762939453,23.56999969482422,23.93000030517578,355300
2025-12-24,25.1200008392334,25.1200008392334,25.479999542236328,24.440000534057617,24.440000534057617,251300
2025-12-26,25.40999984741211,25.40999984741211,25.459999084472656,24.690000534057617,25.100000381469727,281700
2025-12-29,25.18000030517578,25.18000030517578,25.540000915527344,24.860000610351562,25.299999237060547,302000
2025-12-30,24.969999313354492,24.969999313354492,25.34000015258789,24.940000534057617,25.15999984741211,415400
2025-12-31,24.809999465942383,24.809999465942383,25.0,24.469999313354492,24.889999389648438,405600
2026-01-02,25.219999313354492,25.219999313354492,25.5,24.65999984741211,25.329999923706055,602900
2026-01-05,27.399999618530273,27.399999618530273,27.469999313354492,25.010000228881836,25.190000534057617,578300
2026-01-06,27.989999771118164,27.989999771118164,28.489999771118164,26.790000915527344,27.270000457763672,646900
2026-01-07,28.18000030517578,28.18000030517578,28.25,26.809999465942383,27.899999618530273,711300
2026-01-08,28.219999313354492,28.219999313354492,28.979999542236328,27.8700008392334,28.219999313354492,379700
2026-01-09,28.43000030517578,28.43000030517578,28.899999618530273,27.700000762939453,28.459999084472656,283100
2026-01-12,29.209999084472656,29.209999084472656,29.329999923706055,27.549999237060547,28.280000686645508,404400
2026-01-13,27.1200008392334,27.1200008392334,29.299999237060547,27.1200008392334,29.299999237060547,655700
2026-01-14,25.68000030517578,25.68000030517578,27.139999389648438,25.520000457763672,26.950000762939453,382900
2026-01-15,27.3799991607666,27.3799991607666,27.799999237060547,25.6299991607666,25.850000381469727,251600
2026-01-16,26.950000762939453,26.950000762939453,27.3799991607666,26.760000228881836,27.3799991607666,454300
2026-01-20,26.209999084472656,26.209999084472656,26.950000762939453,26.059999465942383,26.34000015258789,371400
2026-01-21,26.68000030517578,26.68000030517578,27.219999313354492,26.1299991607666,26.489999771118164,291200
2026-01-22,27.600000381469727,27.600000381469727,28.75,26.850000381469727,26.860000610351562,521300
2026-01-23,27.15999984741211,27.15999984741211,28.190000534057617,26.979999542236328,27.700000762939453,318300
2026-01-26,27.219999313354492,27.219999313354492,27.479999542236328,26.729999542236328,27.15999984741211,342200
2026-01-27,21.479999542236328,21.479999542236328,25.579999923706055,20.5,25.40999984741211,1839500
2026-01-28,22.0,22.0,22.979999542236328,21.8700008392334,22.010000228881836,823900
2026-01-29,22.40999984741211,22.40999984741211,22.850000381469727,22.0,22.0,500200
2026-01-30,22.739999771118164,22.739999771118164,23.34000015258789,22.020000457763672,22.389999389648438,773900
2026-02-02,22.31999969482422,22.31999969482422,22.889999389648438,21.75,22.40999984741211,620300
2026-02-03,21.280000686645508,21.280000686645508,22.969999313354492,20.920000076293945,22.1200008392334,524900
2026-02-04,22.030000686645508,22.030000686645508,22.510000228881836,21.260000228881836,21.40999984741211,599800
2026-02-05,21.709999084472656,21.709999084472656,22.6200008392334,21.6200008392334,22.0,425800
2026-02-06,21.100000381469727,21.100000381469727,22.139999389648438,20.799999237060547,21.729999542236328,954300
2026-02-09,18.59000015258789,18.59000015258789,21.209999084472656,18.559999465942383,21.049999237060547,779100
2026-02-10,19.270000457763672,19.270000457763672,19.959999084472656,18.43000030517578,18.540000915527344,721200
2026-02-11,19.030000686645508,19.030000686645508,19.600000381469727,18.6200008392334,19.229999542236328,633800
2026-02-12,18.15999984741211,18.15999984741211,19.670000076293945,18.079999923706055,19.260000228881836,541800
2026-02-13,18.780000686645508,18.780000686645508,18.969999313354492,18.360000610351562,18.469999313354492,314600
2026-02-17,19.219999313354492,19.219999313354492,19.350000381469727,18.59000015258789,18.8700008392334,295000
2026-02-18,19.450000762939453,19.450000762939453,19.959999084472656,19.100000381469727,19.100000381469727,543700
2026-02-19,19.770000457763672,19.770000457763672,19.829999923706055,18.739999771118164,19.3700008392334,298500
2026-02-20,19.860000610351562,19.860000610351562,20.040000915527344,19.18000030517578,19.969999313354492,280000
2026-02-23,19.81999969482422,19.81999969482422,20.25,19.559999465942383,19.850000381469727,577200
2026-02-24,19.219999313354492,19.219999313354492,19.8700008392334,18.899999618530273,19.8700008392334,330400
2026-02-25,19.950000762939453,19.950000762939453,20.18000030517578,19.31999969482422,19.59000015258789,377400
2026-02-26,20.90999984741211,20.90999984741211,21.020000457763672,19.84000015258789,19.989999771118164,328200
2026-02-27,20.329999923706055,20.329999923706055,21.549999237060547,20.270000457763672,20.530000686645508,566600
2026-03-02,26.31999969482422,26.31999969482422,26.540000915527344,23.989999771118164,24.040000915527344,2436400
2026-03-03,24.510000228881836,24.510000228881836,25.809999465942383,22.760000228881836,25.809999465942383,856300
2026-03-04,25.59000015258789,25.59000015258789,26.6299991607666,24.5,25.299999237060547,721000
2026-03-05,25.06999969482422,25.06999969482422,26.100000381469727,24.489999771118164,25.56999969482422,410400
2026-03-06,24.90999984741211,24.90999984741211,25.040000915527344,23.950000762939453,24.729999542236328,413000
2026-03-09,24.719999313354492,24.719999313354492,25.34000015258789,23.760000228881836,24.489999771118164,493100
2026-03-10,23.440000534057617,23.440000534057617,24.959999084472656,22.899999618530273,24.700000762939453,417600
2026-03-11,24.190000534057617,24.190000534057617,24.190000534057617,22.989999771118164,23.399999618530273,448400
2026-03-12,23.25,23.25,24.489999771118164,23.09000015258789,23.770000457763672,533500
2026-03-13,24.260000228881836,24.260000228881836,24.850000381469727,23.700000762939453,23.90999984741211,499900
2026-03-16,24.600000381469727,24.600000381469727,25.149999618530273,23.920000076293945,24.520000457763672,328900
2026-03-17,24.799999237060547,24.799999237060547,25.290000915527344,24.510000228881836,24.600000381469727,386400
2026-03-18,24.489999771118164,24.489999771118164,24.850000381469727,24.049999237060547,24.59000015258789,349800
2026-03-19,24.18000030517578,24.18000030517578,24.899999618530273,23.59000015258789,24.489999771118164,287600
2026-03-20,24.229999542236328,24.229999542236328,24.600000381469727,23.6299991607666,24.290000915527344,920500
2026-03-23,23.809999465942383,23.809999465942383,25.40999984741211,23.770000457763672,24.700000762939453,436500
2026-03-24,24.020000457763672,24.020000457763672,24.170000076293945,23.0,23.5,335200
2026-03-25,24.479999542236328,24.479999542236328,24.719999313354492,23.579999923706055,24.31999969482422,267500
2026-03-26,24.270000457763672,24.270000457763672,24.799999237060547,23.8799991607666,24.34000015258789,417600
2026-03-27,24.190000534057617,24.190000534057617,24.489999771118164,23.75,24.200000762939453,333400
2026-03-30,24.34000015258789,24.34000015258789,24.5,23.760000228881836,24.399999618530273,382300
2026-03-31,24.520000457763672,24.520000457763672,24.889999389648438,23.959999084472656,24.3700008392334,402900
2026-04-01,24.510000228881836,24.510000228881836,25.15999984741211,24.350000381469727,24.59000015258789,285500
2026-04-02,25.049999237060547,25.049999237060547,25.1200008392334,23.75,24.100000381469727,302700
2026-04-06,26.0,26.0,26.389999389648438,24.8700008392334,25.040000915527344,454100
2026-04-07,27.75,27.75,28.079999923706055,26.709999084472656,26.799999237060547,642500
2026-04-08,27.40999984741211,27.40999984741211,28.56999969482422,27.270000457763672,28.3700008392334,477500
2026-04-09,28.229999542236328,28.229999542236328,28.459999084472656,26.920000076293945,27.280000686645508,300600
2026-04-10,27.6299991607666,27.6299991607666,28.43000030517578,27.3700008392334,28.329999923706055,275300
2026-04-13,28.8799991607666,28.8799991607666,28.969999313354492,27.299999237060547,27.5,391500
2026-04-14,29.06999969482422,29.06999969482422,29.969999313354492,28.850000381469727,28.8799991607666,343400
2026-04-15,29.229999542236328,29.229999542236328,29.75,28.639999389648438,29.450000762939453,291800
2026-04-16,30.600000381469727,30.600000381469727,30.700000762939453,29.0,29.25,582300
2026-04-17,31.5,31.5,32.0,30.489999771118164,30.969999313354492,840600
2026-04-20,31.450000762939453,31.450000762939453,32.0099983215332,30.5,31.31999969482422,579000
2026-04-21,32.54999923706055,32.54999923706055,33.0,31.65999984741211,32.0,678600
2026-04-22,33.70000076293945,33.70000076293945,33.7400016784668,32.4900016784668,33.0,418900
2026-04-23,32.93000030517578,32.93000030517578,34.38999938964844,32.630001068115234,32.90999984741211,428600
2026-04-24,33.720001220703125,33.720001220703125,33.779998779296875,32.11000061035156,32.650001525878906,444700
2026-04-27,34.0099983215332,34.0099983215332,34.86000061035156,33.45000076293945,33.939998626708984,354300
2026-04-28,34.88999938964844,34.88999938964844,34.939998626708984,33.56999969482422,34.0099983215332,601400
2026-04-29,35.02000045776367,35.02000045776367,35.380001068115234,34.439998626708984,34.900001525878906,434400
