Date,Open,High,Low,Close,Adj Close,Volume
2015-01-02,39.98370361328125,40.21184158325195,39.592613220214844,39.82075119018555,33.94589614868164,3964594
2015-01-05,39.38077163696289,39.48397445678711,38.6474723815918,38.832157135009766,33.103153228759766,6754997
2015-01-06,38.957088470458984,39.13090515136719,38.51710891723633,38.62574768066406,32.92719650268555,6930076
2015-01-07,38.951656341552734,39.02770233154297,38.51710891723633,38.810428619384766,33.084625244140625,6065359
2015-01-08,39.26127243041992,39.902225494384766,39.23954391479492,39.8153190612793,33.941280364990234,5669175
2015-01-09,39.77729415893555,39.902225494384766,39.26127243041992,39.315589904785156,33.51526641845703,4221229
2015-01-12,39.47854232788086,39.603477478027344,39.17979431152344,39.50027084350586,33.67270278930664,4674299
2015-01-13,39.72840881347656,40.14665985107422,38.89190673828125,39.0928840637207,33.32541275024414,5311653
2015-01-14,38.826725006103516,38.973384857177734,38.56599807739258,38.962520599365234,33.21427917480469,4985428
2015-01-15,39.17436218261719,39.27756881713867,38.68549728393555,38.826725006103516,33.09852981567383,3731891
2015-01-16,38.810428619384766,39.14720153808594,38.479087829589844,39.1146125793457,33.34394454956055,4149246
2015-01-20,39.445953369140625,39.456817626953125,38.799564361572266,39.00597381591797,33.2513313293457,5047102
2015-01-21,39.01683807373047,39.15263366699219,38.74524688720703,38.76154327392578,33.0429573059082,5576205
2015-01-22,39.04399871826172,39.26670455932617,38.58772277832031,39.25040817260742,33.45970916748047,5022616
2015-01-23,39.16893005371094,39.21781539916992,38.77240753173828,38.799564361572266,33.075382232666016,3247156
2015-01-26,38.794132232666016,38.87017822265625,38.40847396850586,38.500816345214844,32.82070541381836,8382073
2015-01-27,38.354156494140625,38.60401916503906,38.04454040527344,38.38131332397461,32.718833923339844,5441812
2015-01-28,38.59858703613281,38.6474723815918,38.10972213745117,38.10972213745117,32.4873046875,8207178
2015-01-29,38.71808624267578,39.05485916137695,38.169471740722656,38.77240753173828,33.05222702026367,9036917
2015-01-30,38.58772277832031,39.03856658935547,38.13145065307617,38.191200256347656,32.556758880615234,10089048
2015-02-02,38.22378921508789,38.326995849609375,37.58283615112305,38.316131591796875,32.663265228271484,5441996
2015-02-03,38.37588119506836,38.51710891723633,37.821834564208984,38.26724624633789,32.62159729003906,5848305
2015-02-04,38.05540466308594,38.42477035522461,37.9684944152832,38.06083679199219,32.44562530517578,4705964
2015-02-05,38.56599807739258,39.01140594482422,38.40304183959961,38.76154327392578,33.0429573059082,6125928
2015-02-06,38.6800651550293,38.89190673828125,38.468223571777344,38.54970169067383,32.86237335205078,5213896
2015-02-09,38.359588623046875,38.51167678833008,37.65888214111328,37.870723724365234,32.2835693359375,6066279
2015-02-10,38.10429000854492,38.212928771972656,37.843563079833984,38.14774703979492,32.51972198486328,3660644
2015-02-11,38.10972213745117,38.332427978515625,37.49049377441406,37.854427337646484,32.269676208496094,5275754
2015-02-12,37.92504119873047,38.09342575073242,37.78924560546875,38.06626892089844,32.450260162353516,3860761
2015-02-13,37.88701629638672,38.27811050415039,37.740360260009766,38.23465347290039,32.593807220458984,3999020
2015-02-17,37.98479080200195,38.06626892089844,37.724063873291016,37.90874481201172,32.31599044799805,5919551
2015-02-18,37.47962951660156,37.47962951660156,36.8658332824707,37.15372085571289,31.672340393066406,10539909
2015-02-19,37.03965377807617,37.066810607910156,36.577945709228516,36.621402740478516,31.218551635742188,10845147
2015-02-20,36.556217193603516,36.91471862792969,35.81748962402344,36.88212966918945,31.440832138061523,19788541
2015-02-23,36.95817565917969,37.53395080566406,36.90385818481445,37.28408432006836,31.783477783203125,7395665
2015-02-24,37.28408432006836,37.55024337768555,37.213470458984375,37.51222229003906,31.977954864501953,8988130
2015-02-25,37.47962951660156,37.58283615112305,37.27322006225586,37.40358352661133,31.885353088378906,5560556
2015-02-26,37.31667709350586,37.56110763549805,37.224334716796875,37.30038070678711,31.797361373901367,4364643
2015-02-27,37.354698181152344,37.718631744384766,37.27865219116211,37.56110763549805,32.019622802734375,6061124
2015-03-02,37.56110763549805,38.03910827636719,37.51222229003906,38.0010871887207,32.394691467285156,6627784
2015-03-03,37.88701629638672,37.91417694091797,37.5448112487793,37.707767486572266,32.14464569091797,4455772
2015-03-04,37.707767486572266,37.805538177490234,37.41444778442383,37.61542510986328,32.065921783447266,4009882
2015-03-05,37.751220703125,37.816402435302734,37.45790481567383,37.59370040893555,32.047401428222656,3744594
2015-03-06,37.42531204223633,37.43617630004883,36.708309173583984,36.78978729248047,31.36210060119629,7265875
2015-03-09,36.724605560302734,36.8984260559082,36.50733184814453,36.773494720458984,31.59075927734375,5373327
2015-03-10,36.594242095947266,36.99076461791992,36.51819610595703,36.773494720458984,31.59075927734375,6968369
2015-03-11,36.93101501464844,36.93101501464844,36.33351516723633,36.39869689941406,31.268783569335938,6679332
2015-03-12,36.4747428894043,36.621402740478516,36.35524368286133,36.39326477050781,31.264101028442383,6117275
2015-03-13,36.38783264160156,36.6485595703125,36.262901306152344,36.588809967041016,31.432096481323242,7141423
2015-03-16,36.80608367919922,37.197174072265625,36.80065155029297,37.17001724243164,31.93138885498047,5460774
2015-03-17,36.99619674682617,37.40358352661133,36.90928649902344,37.19174575805664,31.95006561279297,6266028
2015-03-18,37.093971252441406,37.41444778442383,36.68115234375,37.235198974609375,31.987394332885742,8128751
2015-03-19,37.197174072265625,37.28408432006836,36.80065155029297,36.92558288574219,31.721406936645508,8700198
2015-03-20,37.13742446899414,37.327537536621094,36.83867645263672,37.03422164916992,31.814743041992188,12609561
2015-03-23,37.03422164916992,37.58283615112305,36.96903991699219,37.39271926879883,32.122703552246094,7451448
2015-03-24,37.29494857788086,37.43074417114258,37.15372085571289,37.208038330078125,31.964052200317383,7361054
2015-03-25,37.18631362915039,37.46876525878906,36.96360778808594,37.01249313354492,31.796058654785156,6207852
2015-03-26,36.93644714355469,37.28408432006836,36.82781219482422,36.94731140136719,31.740066528320312,6112488
2015-03-27,37.14285659790039,37.27322006225586,36.93644714355469,37.235198974609375,31.987394332885742,3893163
2015-03-30,37.376426696777344,37.39815139770508,37.093971252441406,37.349266052246094,32.08538055419922,4841278
2015-03-31,37.197174072265625,37.381858825683594,37.099403381347656,37.208038330078125,31.964052200317383,5482130
2015-04-01,37.04508590698242,37.104835510253906,36.52362823486328,36.68658447265625,31.516094207763672,7211197
2015-04-02,36.66485595703125,37.072242736816406,36.4530143737793,36.93644714355469,31.730741500854492,4774634
2015-04-06,37.01792526245117,37.387290954589844,36.80608367919922,37.27865219116211,32.02472686767578,4122367
2015-04-07,37.26778793334961,37.832698822021484,37.240631103515625,37.66431427001953,32.35602951049805,5838363
2015-04-08,37.66431427001953,37.859859466552734,37.5556755065918,37.751220703125,32.43068313598633,5346632
2015-04-09,37.74578857421875,38.13145065307617,37.62085723876953,38.10429000854492,32.73399353027344,6593910
2015-04-10,38.02824783325195,38.343292236328125,37.93047332763672,38.332427978515625,32.92998504638672,4562366
2015-04-13,38.359588623046875,38.359588623046875,37.92504119873047,37.95220184326172,32.60333251953125,5710782
2015-04-14,37.76751708984375,38.07713317871094,37.66431427001953,38.0119514465332,32.654666900634766,6542362
2015-04-15,38.158607482910156,38.299835205078125,38.02824783325195,38.13145065307617,32.75731658935547,5051336
2015-04-16,38.05540466308594,38.191200256347656,37.94676971435547,38.10429000854492,32.73399353027344,5277779
2015-04-17,37.88701629638672,38.12601852416992,37.805538177490234,37.97392654418945,32.62199401855469,4423187
2015-04-20,38.06083679199219,38.39217758178711,38.05540466308594,38.218360900878906,32.83198928833008,4399438
2015-04-21,38.27267837524414,38.348724365234375,37.94676971435547,38.04997253417969,32.68733596801758,7221875
2015-04-22,38.185768127441406,38.26724624633789,37.88701629638672,38.22922134399414,32.84132766723633,4915286
2015-04-23,38.305267333984375,39.14720153808594,38.03367614746094,38.843021392822266,33.36861801147461,8504131
2015-04-24,38.77783966064453,38.78327178955078,38.365020751953125,38.64204025268555,33.19594955444336,5532021
2015-04-27,38.63117980957031,38.804996490478516,38.191200256347656,38.22378921508789,32.83664321899414,5341846
2015-04-28,38.02824783325195,38.218360900878906,37.78924560546875,38.14774703979492,32.771324157714844,4016326
2015-04-29,38.06083679199219,38.13688278198242,37.729496002197266,37.88701629638672,32.547340393066406,3677582
2015-04-30,37.729496002197266,37.729496002197266,37.202606201171875,37.338401794433594,32.0760498046875,4471605
2015-05-01,37.43074417114258,37.76751708984375,37.365562438964844,37.713199615478516,32.398014068603516,3735941
2015-05-04,37.75665283203125,38.08799743652344,37.713199615478516,37.9902229309082,32.63599395751953,3681632
2015-05-05,37.92504119873047,38.0228157043457,37.696903228759766,37.832698822021484,32.50067901611328,4530517
2015-05-06,38.0010871887207,38.01738357543945,37.30581283569336,37.43074417114258,32.15538787841797,4594952
2015-05-07,37.60456466674805,37.88701629638672,37.251495361328125,37.65888214111328,32.35135269165039,4856006
2015-05-08,37.98479080200195,38.06083679199219,37.6099967956543,37.80010986328125,32.47269821166992,3635423
2015-05-11,37.696903228759766,37.74578857421875,37.50135803222656,37.62628936767578,32.3233528137207,5230281
2015-05-12,37.5665397644043,37.691471099853516,37.246063232421875,37.28408432006836,32.029380798339844,6034982
2015-05-13,37.26235580444336,37.40901565551758,36.90385818481445,36.99076461791992,31.77739906311035,5204323
2015-05-14,37.208038330078125,37.53937911987305,37.066810607910156,37.50135803222656,32.216033935546875,4589613
2015-05-15,37.5882682800293,37.816402435302734,37.50135803222656,37.67517852783203,32.36534881591797,6252772
2015-05-18,37.713199615478516,37.74578857421875,36.6485595703125,37.072242736816406,31.847393035888672,13369894
2015-05-19,37.14285659790039,37.50679016113281,37.00162887573242,37.197174072265625,31.95471954345703,9495326
2015-05-20,37.213470458984375,37.29494857788086,36.83867645263672,36.90928649902344,31.707408905029297,8035045
2015-05-21,36.87126541137695,36.94731140136719,36.49103546142578,36.68658447265625,31.516094207763672,9988898
2015-05-22,36.66485595703125,36.97990036010742,36.561649322509766,36.594242095947266,31.436769485473633,6295484
2015-05-26,36.610538482666016,36.719173431396484,36.4530143737793,36.51276397705078,31.36676025390625,6649508
2015-05-27,36.605106353759766,36.6376953125,36.241172790527344,36.41499328613281,31.282779693603516,10562553
2015-05-28,36.30635452270508,36.52906036376953,36.279197692871094,36.4747428894043,31.579051971435547,8872331
2015-05-29,36.50189971923828,36.588809967041016,35.94242477416992,36.18142318725586,31.325103759765625,11771538
2015-06-01,36.279197692871094,36.34981155395508,35.86637878417969,36.04019546508789,31.202835083007812,8751930
2015-06-02,35.93156051635742,36.16512680053711,35.86094665527344,36.05105972290039,31.21223258972168,8825386
2015-06-03,36.16512680053711,36.19228744506836,35.73601150512695,35.79576110839844,30.99119758605957,12395821
2015-06-04,35.638240814208984,35.75774002075195,35.38294219970703,35.643672943115234,30.859521865844727,10515056
2015-06-05,35.5784912109375,35.632808685302734,35.28517150878906,35.3177604675293,30.577360153198242,7974660
2015-06-08,35.3612174987793,35.38837432861328,35.05160140991211,35.05703353881836,30.35161590576172,6931549
2015-06-09,35.035308837890625,35.05703353881836,34.76914596557617,34.80717086791992,30.135297775268555,9781417
2015-06-10,34.92667007446289,35.93156051635742,34.845191955566406,35.86094665527344,31.047632217407227,17805232
2015-06-11,35.86637878417969,37.15372085571289,35.80662536621094,37.077674865722656,32.10106658935547,23528532
2015-06-12,37.00162887573242,37.235198974609375,36.82781219482422,37.077674865722656,32.10106658935547,18214118
2015-06-15,36.90928649902344,37.04508590698242,36.599674224853516,36.90385818481445,31.95056915283203,11330066
2015-06-16,36.90385818481445,37.229766845703125,36.583377838134766,36.8549690246582,31.908248901367188,17176530
2015-06-17,36.97990036010742,37.18088150024414,36.599674224853516,37.01792526245117,32.04932403564453,11603639
2015-06-18,37.03965377807617,37.75665283203125,37.02335739135742,37.61542510986328,32.56663131713867,13697040
2015-06-19,37.65345001220703,37.9902229309082,37.48506164550781,37.702335357666016,32.64187240600586,14188219
2015-06-22,37.696903228759766,38.27267837524414,37.5665397644043,38.03910827636719,32.93345260620117,12785929
2015-06-23,38.0119514465332,38.473655700683594,37.77294921875,38.38674545288086,33.23442459106445,12088742
2015-06-24,38.53883743286133,39.07658767700195,38.495384216308594,38.91363525390625,33.690589904785156,19227036
2015-06-25,38.72895050048828,39.40250015258789,38.6474723815918,39.293861389160156,34.01978302001953,17348664
2015-06-26,39.26670455932617,39.565452575683594,38.940792083740234,39.06572341918945,33.822269439697266,24021736
2015-06-29,38.6474723815918,39.03313446044922,38.348724365234375,38.37588119506836,33.22502136230469,12327336
2015-06-30,38.63661193847656,38.6474723815918,37.91417694091797,37.98479080200195,32.886409759521484,18308193
2015-07-01,37.54999923706055,38.939998626708984,37.43000030517578,38.86000061035156,33.644161224365234,24435200
2015-07-02,38.77000045776367,38.849998474121094,38.20000076293945,38.29999923706055,33.15932083129883,20257100
2015-07-06,38.150001525878906,38.40999984741211,37.75,38.040000915527344,32.93421173095703,17521500
2015-07-07,37.88999938964844,38.0,36.47999954223633,37.11000061035156,32.1290397644043,17082700
2015-07-08,36.97999954223633,37.150001525878906,36.400001525878906,36.5,31.600919723510742,7799300
2015-07-09,37.08000183105469,37.09000015258789,36.72999954223633,37.02000045776367,32.051124572753906,10327200
2015-07-10,37.34000015258789,37.720001220703125,36.93000030517578,37.61000061035156,32.56193923950195,10109600
2015-07-13,37.72999954223633,37.72999954223633,37.290000915527344,37.599998474121094,32.553279876708984,8969100
2015-07-14,37.47999954223633,37.790000915527344,37.33000183105469,37.72999954223633,32.665828704833984,11631000
2015-07-15,37.7599983215332,37.810001373291016,37.529998779296875,37.70000076293945,32.63985061645508,12867400
2015-07-16,37.7599983215332,37.83000183105469,37.540000915527344,37.77000045776367,32.70046615600586,8280700
2015-07-17,37.7400016784668,37.83000183105469,37.27000045776367,37.36000061035156,32.34549331665039,8858100
2015-07-20,37.43000030517578,37.75,37.2599983215332,37.65999984741211,32.6052131652832,12162900
2015-07-21,37.650001525878906,37.88999938964844,37.599998474121094,37.849998474121094,32.76972579956055,7290900
2015-07-22,37.72999954223633,37.86000061035156,37.650001525878906,37.709999084472656,32.64850616455078,8715400
2015-07-23,37.79999923706055,38.209999084472656,37.7599983215332,37.970001220703125,32.873619079589844,10271800
2015-07-24,37.79999923706055,37.970001220703125,37.59000015258789,37.63999938964844,32.587913513183594,6612600
2015-07-27,37.599998474121094,37.900001525878906,37.5,37.70000076293945,32.63985061645508,8898000
2015-07-28,37.959999084472656,38.150001525878906,37.68000030517578,38.09000015258789,32.977516174316406,8299900
2015-07-29,38.18000030517578,38.7599983215332,38.04999923706055,38.5,33.33247375488281,8413900
2015-07-30,37.81999969482422,40.06999969482422,37.709999084472656,40.0099983215332,34.63979721069336,14504000
2015-07-31,39.75,40.150001525878906,39.720001220703125,40.08000183105469,34.70041275024414,11660300
2015-08-03,39.91999816894531,40.06999969482422,39.38999938964844,39.5099983215332,34.20691680908203,6949200
2015-08-04,40.40999984741211,41.08000183105469,39.75,40.310001373291016,34.899539947509766,76058800
2015-08-05,40.560001373291016,43.439998626708984,40.400001525878906,42.130001068115234,36.47524642944336,40376600
2015-08-06,41.88999938964844,42.560001373291016,41.779998779296875,41.93000030517578,36.302101135253906,23178500
2015-08-07,41.939998626708984,42.709999084472656,41.459999084472656,41.880001068115234,36.25881576538086,11530500
2015-08-10,42.029998779296875,42.45000076293945,41.93000030517578,42.040000915527344,36.3973388671875,9214300
2015-08-11,41.689998626708984,41.97999954223633,41.4900016784668,41.7599983215332,36.154911041259766,6935500
2015-08-12,41.560001373291016,41.63999938964844,40.40999984741211,40.81999969482422,35.341087341308594,7711300
2015-08-13,40.810001373291016,41.040000915527344,40.5099983215332,40.81999969482422,35.341087341308594,4966900
2015-08-14,41.099998474121094,41.099998474121094,40.65999984741211,40.900001525878906,35.41035079956055,4402500
2015-08-17,40.75,40.810001373291016,40.470001220703125,40.7599983215332,35.28913879394531,6676300
2015-08-18,40.689998626708984,40.97999954223633,40.52000045776367,40.59000015258789,35.1419563293457,4176100
2015-08-19,40.47999954223633,40.58000183105469,40.060001373291016,40.13999938964844,34.75233840942383,6773900
2015-08-20,40.0,40.13999938964844,39.5099983215332,39.61000061035156,34.293487548828125,7850000
2015-08-21,39.25,39.40999984741211,38.0099983215332,38.279998779296875,33.141998291015625,15192700
2015-08-24,36.369998931884766,37.5099983215332,34.5,37.16999816894531,32.180992126464844,15628800
2015-08-25,37.9900016784668,37.9900016784668,36.880001068115234,36.970001220703125,32.007835388183594,10118100
2015-08-26,37.619998931884766,37.810001373291016,36.709999084472656,37.66999816894531,32.61387634277344,8622300
2015-08-27,37.970001220703125,38.77000045776367,37.7400016784668,38.59000015258789,33.41040802001953,9217800
2015-08-28,38.5,39.04999923706055,38.34000015258789,38.75,33.548912048339844,6382400
2015-08-31,38.650001525878906,38.90999984741211,38.369998931884766,38.45000076293945,33.289180755615234,4810100
2015-09-01,37.66999816894531,37.9900016784668,36.95000076293945,37.22999954223633,32.23294448852539,6330700
2015-09-02,37.630001068115234,37.65999984741211,37.0,37.400001525878906,32.4804573059082,3414100
2015-09-03,37.540000915527344,37.790000915527344,36.91999816894531,37.04999923706055,32.176490783691406,5842300
2015-09-04,36.560001373291016,36.709999084472656,35.90999984741211,36.13999938964844,31.386180877685547,8565000
2015-09-08,36.83000183105469,36.849998474121094,36.34000015258789,36.5099983215332,31.7075138092041,8096800
2015-09-09,37.040000915527344,37.2599983215332,36.25,36.310001373291016,31.53382682800293,4296900
2015-09-10,36.25,36.31999969482422,35.75,36.06999969482422,31.32540512084961,5880800
2015-09-11,35.900001525878906,36.20000076293945,35.880001068115234,36.02000045776367,31.281978607177734,3885200
2015-09-14,35.959999084472656,36.13999938964844,35.720001220703125,35.970001220703125,31.238550186157227,3269900
2015-09-15,35.91999816894531,36.38999938964844,35.88999938964844,36.25,31.481712341308594,3137800
2015-09-16,36.279998779296875,36.369998931884766,35.97999954223633,36.209999084472656,31.44698143005371,3037700
2015-09-17,36.25,36.880001068115234,36.119998931884766,36.349998474121094,31.568559646606445,3351200
2015-09-18,35.88999938964844,36.279998779296875,35.869998931884766,36.25,31.481712341308594,6928100
2015-09-21,36.439998626708984,36.70000076293945,35.90999984741211,35.95000076293945,31.221181869506836,4207200
2015-09-22,35.59000015258789,35.619998931884766,34.84000015258789,35.47999954223633,30.813005447387695,6022300
2015-09-23,35.58000183105469,35.97999954223633,35.33000183105469,35.7599983215332,31.05616569519043,4406300
2015-09-24,35.54999923706055,35.58000183105469,34.77000045776367,35.290000915527344,30.64799690246582,6047300
2015-09-25,35.529998779296875,35.540000915527344,34.25,34.45000076293945,29.918485641479492,3936200
2015-09-28,34.25,34.34000015258789,32.52000045776367,32.59000015258789,28.303150177001953,7741700
2015-09-29,32.540000915527344,33.25,32.220001220703125,32.689998626708984,28.389997482299805,9033800
2015-09-30,33.11000061035156,33.25,32.56999969482422,32.849998474121094,28.528953552246094,6117600
2015-10-01,32.689998626708984,32.86000061035156,32.310001373291016,32.72999954223633,28.424734115600586,5616100
2015-10-02,32.41999816894531,33.56999969482422,32.18000030517578,33.54999923706055,29.136873245239258,7624300
2015-10-05,33.83000183105469,33.86000061035156,33.11000061035156,33.29999923706055,28.919757843017578,7007100
2015-10-06,33.33000183105469,33.5,32.18000030517578,32.27000045776367,28.025243759155273,9273700
2015-10-07,32.369998931884766,32.95000076293945,32.25,32.90999984741211,28.5810546875,7084700
2015-10-08,32.93000030517578,33.33000183105469,32.619998931884766,33.25,28.876340866088867,6958900
2015-10-09,33.189998626708984,33.47999954223633,33.150001525878906,33.209999084472656,28.84159278869629,4960200
2015-10-12,33.16999816894531,33.529998779296875,33.099998474121094,33.470001220703125,29.067392349243164,3747600
2015-10-13,33.34000015258789,33.529998779296875,33.06999969482422,33.099998474121094,28.746074676513672,6068300
2015-10-14,33.130001068115234,33.27000045776367,32.91999816894531,33.04999923706055,28.702638626098633,3246800
2015-10-15,33.15999984741211,33.779998779296875,32.959999084472656,33.70000076293945,29.267147064208984,4024800
2015-10-16,33.86000061035156,34.16999816894531,33.630001068115234,33.91999816894531,29.458209991455078,4708300
2015-10-19,33.86000061035156,34.09000015258789,33.779998779296875,34.02000045776367,29.545047760009766,4482500
2015-10-20,33.970001220703125,34.5,33.880001068115234,34.2599983215332,29.753488540649414,5599700
2015-10-21,34.4900016784668,35.68000030517578,34.40999984741211,35.599998474121094,30.917211532592773,12740800
2015-10-22,35.650001525878906,35.65999984741211,34.43000030517578,34.91999816894531,30.326671600341797,7132700
2015-10-23,35.130001068115234,35.630001068115234,35.040000915527344,35.400001525878906,30.7435302734375,4959200
2015-10-26,35.470001220703125,36.16999816894531,35.400001525878906,35.90999984741211,31.186447143554688,6671300
2015-10-27,36.04999923706055,36.97999954223633,36.04999923706055,36.63999938964844,31.82041358947754,5736100
2015-10-28,36.56999969482422,37.560001373291016,36.060001373291016,37.25,32.35017395019531,10065200
2015-10-29,37.189998626708984,37.7599983215332,37.09000015258789,37.59000015258789,32.64545440673828,6967200
2015-10-30,37.599998474121094,37.63999938964844,37.310001373291016,37.38999938964844,32.47176742553711,6100600
2015-11-02,37.5099983215332,37.86000061035156,37.400001525878906,37.77000045776367,32.80178451538086,3848400
2015-11-03,37.779998779296875,38.38999938964844,37.599998474121094,38.220001220703125,33.19260025024414,4684600
2015-11-04,38.150001525878906,38.790000915527344,37.459999084472656,37.56999969482422,32.62808609008789,5725000
2015-11-05,37.72999954223633,37.869998931884766,37.220001220703125,37.54999923706055,32.610721588134766,3445200
2015-11-06,37.45000076293945,37.970001220703125,37.25,37.970001220703125,32.9754753112793,2964400
2015-11-09,37.810001373291016,37.959999084472656,37.45000076293945,37.65999984741211,32.70624542236328,3454300
2015-11-10,37.58000183105469,38.06999969482422,37.45000076293945,37.97999954223633,32.984161376953125,3779100
2015-11-11,38.0,38.11000061035156,37.79999923706055,37.880001068115234,32.897308349609375,3579900
2015-11-12,37.4900016784668,37.79999923706055,37.349998474121094,37.459999084472656,32.53255844116211,2826100
2015-11-13,37.52000045776367,37.849998474121094,37.400001525878906,37.56999969482422,32.62808609008789,3127500
2015-11-16,37.380001068115234,37.959999084472656,37.31999969482422,37.93000030517578,32.940731048583984,3842300
2015-11-17,37.90999984741211,38.0099983215332,37.54999923706055,37.77000045776367,32.80178451538086,3157100
2015-11-18,37.90999984741211,38.15999984741211,37.77000045776367,38.06999969482422,33.062313079833984,3950400
2015-11-19,37.95000076293945,38.119998931884766,37.720001220703125,37.90999984741211,32.92336654663086,2783000
2015-11-20,38.11000061035156,38.560001373291016,38.0,38.310001373291016,33.27073669433594,6891900
2015-11-23,38.2400016784668,38.279998779296875,37.900001525878906,38.06999969482422,33.062313079833984,5250300
2015-11-24,37.709999084472656,38.459999084472656,37.709999084472656,38.040000915527344,33.0362548828125,6299500
2015-11-25,38.08000183105469,38.08000183105469,37.720001220703125,37.880001068115234,32.897308349609375,2677900
2015-11-27,37.84000015258789,37.880001068115234,37.650001525878906,37.68000030517578,32.72361373901367,1737200
2015-11-30,37.72999954223633,37.849998474121094,37.470001220703125,37.650001525878906,32.697566986083984,5449200
2015-12-01,37.880001068115234,38.040000915527344,37.619998931884766,37.939998626708984,32.94941329956055,3693900
2015-12-02,37.90999984741211,38.0,37.310001373291016,37.36000061035156,32.54436111450195,2976500
2015-12-03,37.470001220703125,37.70000076293945,36.81999969482422,36.869998931884766,32.11750411987305,6117100
2015-12-04,36.90999984741211,37.72999954223633,36.90999984741211,37.540000915527344,32.70116424560547,4767900
2015-12-07,37.5,37.779998779296875,37.34000015258789,37.72999954223633,32.866668701171875,3592500
2015-12-08,37.5,37.52000045776367,37.029998779296875,37.20000076293945,32.40497970581055,2260200
2015-12-09,36.90999984741211,37.5,36.650001525878906,36.77000045776367,32.030399322509766,2123700
2015-12-10,36.84000015258789,37.61000061035156,36.66999816894531,37.279998779296875,32.474666595458984,3727400
2015-12-11,36.88999938964844,38.400001525878906,36.540000915527344,36.84000015258789,32.09138107299805,3339600
2015-12-14,36.849998474121094,36.97999954223633,36.08000183105469,36.529998779296875,31.82135581970215,4524700
2015-12-15,36.790000915527344,37.400001525878906,36.77000045776367,37.2599983215332,32.457244873046875,3423400
2015-12-16,37.400001525878906,37.88999938964844,37.15999984741211,37.83000183105469,32.953773498535156,4320300
2015-12-17,37.790000915527344,37.84000015258789,37.369998931884766,37.540000915527344,32.70116424560547,2666700
2015-12-18,37.34000015258789,37.380001068115234,36.650001525878906,36.650001525878906,31.92588233947754,5620700
2015-12-21,36.7400016784668,36.939998626708984,36.349998474121094,36.68000030517578,31.95199966430664,2578400
2015-12-22,36.810001373291016,37.720001220703125,36.63999938964844,37.619998931884766,32.77083206176758,4051100
2015-12-23,37.709999084472656,38.34000015258789,37.560001373291016,38.13999938964844,33.22380828857422,4177100
2015-12-24,38.060001373291016,38.380001068115234,38.060001373291016,38.150001525878906,33.23252868652344,2762200
2015-12-28,38.02000045776367,38.310001373291016,37.86000061035156,38.13999938964844,33.22380828857422,2698700
2015-12-29,38.38999938964844,38.689998626708984,38.29999923706055,38.560001373291016,33.58967971801758,3281800
2015-12-30,38.47999954223633,38.650001525878906,37.9900016784668,38.04999923706055,33.14541244506836,2909400
2015-12-31,37.86000061035156,38.54999923706055,37.720001220703125,38.150001525878906,33.23252868652344,3521700
2016-01-04,37.65999984741211,37.689998626708984,36.849998474121094,37.16999816894531,32.378849029541016,6261000
2016-01-05,37.15999984741211,37.43000030517578,36.869998931884766,37.31999969482422,32.50950241088867,4345700
2016-01-06,36.790000915527344,37.529998779296875,36.75,37.40999984741211,32.58790969848633,10814700
2016-01-07,36.88999938964844,37.040000915527344,36.15999984741211,36.790000915527344,32.04783248901367,7258200
2016-01-08,36.869998931884766,36.959999084472656,36.11000061035156,36.20000076293945,31.53387451171875,5440500
2016-01-11,36.310001373291016,36.5,35.2400016784668,35.59000015258789,31.00250816345215,5010800
2016-01-12,35.790000915527344,36.220001220703125,34.95000076293945,35.47999954223633,30.90668487548828,5281800
2016-01-13,35.7400016784668,36.20000076293945,34.7599983215332,34.83000183105469,30.34046745300293,5592500
2016-01-14,34.970001220703125,35.54999923706055,34.75,35.310001373291016,30.75859832763672,11573500
2016-01-15,34.56999969482422,35.459999084472656,34.540000915527344,35.099998474121094,30.575658798217773,6550600
2016-01-19,35.45000076293945,35.5,34.91999816894531,35.36000061035156,30.802162170410156,6271000
2016-01-20,34.81999969482422,35.060001373291016,34.060001373291016,34.7599983215332,30.27948760986328,5797500
2016-01-21,34.79999923706055,35.439998626708984,34.56999969482422,35.25,30.706331253051758,3436500
2016-01-22,35.75,36.130001068115234,35.709999084472656,36.06999969482422,31.42063331604004,3005700
2016-01-25,36.029998779296875,36.5,35.93000030517578,36.04999923706055,31.403209686279297,3870000
2016-01-26,36.13999938964844,36.560001373291016,35.97999954223633,36.540000915527344,31.830049514770508,2262800
2016-01-27,36.43000030517578,37.25,36.33000183105469,36.5,31.795202255249023,6976800
2016-01-28,36.959999084472656,37.22999954223633,35.41999816894531,35.70000076293945,31.098329544067383,6941500
2016-01-29,35.63999938964844,36.630001068115234,35.630001068115234,36.599998474121094,31.88231658935547,8212200
2016-02-01,36.369998931884766,37.4900016784668,36.279998779296875,37.279998779296875,32.474666595458984,9933100
2016-02-02,37.5,38.290000915527344,36.369998931884766,37.95000076293945,33.05829620361328,9251800
2016-02-03,38.22999954223633,38.45000076293945,37.41999816894531,38.2599983215332,33.32834243774414,8133600
2016-02-04,38.33000183105469,38.52000045776367,37.779998779296875,38.290000915527344,33.354488372802734,6869800
2016-02-05,38.099998474121094,38.29999923706055,37.2599983215332,37.4900016784668,32.65760040283203,5029500
2016-02-08,37.08000183105469,37.150001525878906,35.540000915527344,36.0,31.359651565551758,6256000
2016-02-09,35.880001068115234,36.58000183105469,35.779998779296875,36.189998626708984,31.525163650512695,4552800
2016-02-10,36.47999954223633,37.459999084472656,36.38999938964844,36.90999984741211,32.15235900878906,3779900
2016-02-11,36.290000915527344,36.560001373291016,35.7400016784668,35.880001068115234,31.255117416381836,5006500
2016-02-12,36.11000061035156,36.630001068115234,35.790000915527344,36.61000061035156,31.891019821166992,3560900
2016-02-16,36.880001068115234,37.459999084472656,36.66999816894531,37.40999984741211,32.58790969848633,4289100
2016-02-17,37.66999816894531,38.56999969482422,37.66999816894531,38.209999084472656,33.28479766845703,4610400
2016-02-18,38.13999938964844,38.34000015258789,37.90999984741211,38.06999969482422,33.162841796875,3962900
2016-02-19,37.97999954223633,38.029998779296875,37.36000061035156,37.650001525878906,32.79698181152344,12723900
2016-02-22,38.16999816894531,38.470001220703125,37.88999938964844,38.40999984741211,33.459014892578125,4695000
2016-02-23,38.150001525878906,38.40999984741211,37.689998626708984,38.34000015258789,33.39802551269531,3495100
2016-02-24,37.93000030517578,39.02000045776367,37.779998779296875,38.970001220703125,33.94682693481445,3975500
2016-02-25,39.06999969482422,39.86000061035156,38.900001525878906,39.84000015258789,34.70469665527344,4347300
2016-02-26,39.83000183105469,40.560001373291016,39.38999938964844,39.43000030517578,34.3475227355957,6168300
2016-02-29,39.47999954223633,40.04999923706055,39.380001068115234,39.5099983215332,34.4172248840332,6517000
2016-03-01,39.650001525878906,40.0,39.25,39.97999954223633,34.82664108276367,4163700
2016-03-02,39.52000045776367,39.939998626708984,39.52000045776367,39.709999084472656,34.69123840332031,3541400
2016-03-03,39.47999954223633,39.529998779296875,38.9900016784668,39.33000183105469,34.35926055908203,4829600
2016-03-04,39.22999954223633,39.7599983215332,38.9900016784668,39.459999084472656,34.47282028198242,4913000
2016-03-07,39.290000915527344,39.9900016784668,39.209999084472656,39.81999969482422,34.78733444213867,3799800
2016-03-08,39.66999816894531,39.849998474121094,39.40999984741211,39.58000183105469,34.577659606933594,3128600
2016-03-09,39.7599983215332,39.88999938964844,39.060001373291016,39.59000015258789,34.58639907836914,2609100
2016-03-10,39.75,40.16999816894531,39.41999816894531,39.79999923706055,34.76985549926758,3806300
2016-03-11,39.970001220703125,40.5,39.880001068115234,40.47999954223633,35.3639030456543,2612900
2016-03-14,40.189998626708984,40.66999816894531,40.04999923706055,40.439998626708984,35.32897186279297,2475700
2016-03-15,40.060001373291016,40.2400016784668,39.88999938964844,40.119998931884766,35.04941940307617,2225100
2016-03-16,40.08000183105469,40.29999923706055,39.689998626708984,40.029998779296875,34.970787048339844,2298100
2016-03-17,40.0,40.0,39.279998779296875,39.720001220703125,34.69995880126953,2477800
2016-03-18,39.779998779296875,40.40999984741211,39.560001373291016,40.130001068115234,35.05815124511719,6178300
2016-03-21,40.130001068115234,40.2599983215332,39.869998931884766,40.04999923706055,34.98826599121094,3641000
2016-03-22,39.959999084472656,40.84000015258789,39.90999984741211,40.599998474121094,35.46875,4553800
2016-03-23,40.720001220703125,41.06999969482422,40.31999969482422,40.689998626708984,35.547367095947266,8920800
2016-03-24,40.36000061035156,40.5099983215332,39.900001525878906,40.11000061035156,35.04068374633789,4569200
2016-03-28,40.150001525878906,40.650001525878906,39.97999954223633,40.47999954223633,35.3639030456543,2631000
2016-03-29,40.47999954223633,41.369998931884766,40.27000045776367,41.279998779296875,36.06279373168945,3976400
2016-03-30,41.290000915527344,41.45000076293945,40.939998626708984,41.2599983215332,36.04533767700195,5153600
2016-03-31,41.33000183105469,41.5,41.04999923706055,41.08000183105469,35.888084411621094,5681100
2016-04-01,40.720001220703125,41.72999954223633,40.52000045776367,41.689998626708984,36.42098617553711,3811700
2016-04-04,41.75,42.310001373291016,41.61000061035156,42.08000183105469,36.76169204711914,4351500
2016-04-05,41.79999923706055,41.9900016784668,41.13999938964844,41.310001373291016,36.08902359008789,5425300
2016-04-06,41.20000076293945,42.22999954223633,41.20000076293945,42.220001220703125,36.88399887084961,4387900
2016-04-07,42.040000915527344,42.29999923706055,41.349998474121094,41.72999954223633,36.4559326171875,3392800
2016-04-08,41.91999816894531,42.0,41.560001373291016,41.84000015258789,36.552024841308594,2115400
2016-04-11,41.959999084472656,42.22999954223633,41.79999923706055,41.939998626708984,36.63939666748047,3530000
2016-04-12,41.91999816894531,42.150001525878906,41.720001220703125,42.029998779296875,36.71800994873047,2815600
2016-04-13,42.20000076293945,42.41999816894531,42.11000061035156,42.34000015258789,36.98884582519531,2205100
2016-04-14,42.810001373291016,42.97999954223633,42.349998474121094,42.650001525878906,37.2596549987793,3522800
2016-04-15,42.63999938964844,42.689998626708984,42.43000030517578,42.689998626708984,37.29460144042969,3798700
2016-04-18,42.529998779296875,43.25,42.529998779296875,43.099998474121094,37.65279006958008,6143800
2016-04-19,43.08000183105469,43.5,42.970001220703125,43.369998931884766,37.88865280151367,5773200
2016-04-20,43.369998931884766,43.52000045776367,43.09000015258789,43.2599983215332,37.79255294799805,5090500
2016-04-21,43.290000915527344,43.459999084472656,42.869998931884766,43.0099983215332,37.57415008544922,4023500
2016-04-22,43.099998474121094,43.59000015258789,43.0,43.31999969482422,37.84498596191406,33386700
2016-04-25,43.310001373291016,43.689998626708984,43.25,43.630001068115234,38.11579513549805,16409400
2016-04-26,44.0,44.75,43.529998779296875,43.970001220703125,38.41283416748047,14621000
2016-04-27,44.34000015258789,44.779998779296875,44.06999969482422,44.18000030517578,38.59629440307617,11937900
2016-04-28,44.04999923706055,44.66999816894531,43.95000076293945,44.2599983215332,38.66617202758789,16267800
2016-04-29,44.119998931884766,44.61000061035156,43.84000015258789,44.220001220703125,38.63123321533203,8992200
2016-05-02,44.38999938964844,44.720001220703125,44.2400016784668,44.709999084472656,39.059303283691406,6968800
2016-05-03,44.36000061035156,44.95000076293945,44.310001373291016,44.38999938964844,38.77974319458008,16850800
2016-05-04,44.27000045776367,45.25,44.150001525878906,45.119998931884766,39.417484283447266,15993100
2016-05-05,45.08000183105469,45.459999084472656,44.90999984741211,45.29999923706055,39.57474899291992,21337300
2016-05-06,45.20000076293945,45.459999084472656,44.61000061035156,45.06999969482422,39.37380599975586,21284100
2016-05-09,45.040000915527344,45.52000045776367,45.040000915527344,45.150001525878906,39.44369888305664,20858400
2016-05-10,45.04999923706055,45.66999816894531,44.81999969482422,45.5,39.74946594238281,21345800
2016-05-11,45.29999923706055,46.5099983215332,45.2400016784668,46.38999938964844,40.52696990966797,34540700
2016-05-12,46.560001373291016,46.95000076293945,45.220001220703125,45.630001068115234,39.8630256652832,21637800
2016-05-13,45.560001373291016,45.90999984741211,45.22999954223633,45.52000045776367,39.76693344116211,24874100
2016-05-16,45.38999938964844,45.880001068115234,45.29999923706055,45.470001220703125,39.7232551574707,25229800
2016-05-17,45.349998474121094,45.779998779296875,44.220001220703125,44.599998474121094,38.96320724487305,33325900
2016-05-18,44.59000015258789,45.08000183105469,44.040000915527344,45.08000183105469,39.382545471191406,36029500
2016-05-19,44.369998931884766,44.650001525878906,43.04999923706055,43.15999984741211,37.705204010009766,18350100
2016-05-20,43.349998474121094,43.5099983215332,42.88999938964844,42.91999816894531,37.49553680419922,11681600
2016-05-23,42.95000076293945,43.08000183105469,42.56999969482422,42.70000076293945,37.30333709716797,4981100
2016-05-24,42.81999969482422,43.91999816894531,42.790000915527344,43.65999984741211,38.14201354980469,18388300
2016-05-25,43.93000030517578,43.93000030517578,43.15999984741211,43.5,38.00222396850586,9703300
2016-05-26,43.630001068115234,43.7400016784668,43.25,43.43000030517578,37.94108581542969,14075700
2016-05-27,43.470001220703125,43.54999923706055,43.150001525878906,43.310001373291016,37.83625030517578,7582500
2016-05-31,43.310001373291016,43.439998626708984,42.91999816894531,43.15999984741211,37.705204010009766,7448900
2016-06-01,43.029998779296875,43.400001525878906,42.84000015258789,43.33000183105469,37.96808624267578,4804700
2016-06-02,43.310001373291016,43.599998474121094,43.11000061035156,43.43000030517578,38.05571365356445,4482900
2016-06-03,43.150001525878906,43.58000183105469,43.06999969482422,43.47999954223633,38.09950637817383,3582700
2016-06-06,43.5,43.970001220703125,43.41999816894531,43.970001220703125,38.528873443603516,7498700
2016-06-07,43.939998626708984,44.189998626708984,43.77000045776367,43.93000030517578,38.49382400512695,3446900
2016-06-08,43.86000061035156,44.619998931884766,43.810001373291016,44.599998474121094,39.080909729003906,4372500
2016-06-09,44.529998779296875,44.790000915527344,44.220001220703125,44.75,39.21235275268555,3770100
2016-06-10,44.40999984741211,44.59000015258789,44.060001373291016,44.4900016784668,38.98454666137695,3331000
2016-06-13,44.119998931884766,44.779998779296875,44.119998931884766,44.40999984741211,38.91443634033203,3145200
2016-06-14,44.310001373291016,44.599998474121094,44.060001373291016,44.439998626708984,38.94071960449219,3924800
2016-06-15,44.599998474121094,44.630001068115234,44.18000030517578,44.209999084472656,38.739173889160156,2429400
2016-06-16,44.13999938964844,44.619998931884766,44.0099983215332,44.56999969482422,39.05463409423828,3558800
2016-06-17,44.630001068115234,44.66999816894531,44.0,44.439998626708984,38.94071960449219,5158100
2016-06-20,44.83000183105469,45.04999923706055,44.540000915527344,44.959999084472656,39.396385192871094,7286300
2016-06-21,45.04999923706055,45.11000061035156,44.59000015258789,45.0099983215332,39.440181732177734,2810200
2016-06-22,45.09000015258789,45.15999984741211,44.779998779296875,44.939998626708984,39.37884521484375,5368900
2016-06-23,45.18000030517578,45.959999084472656,45.15999984741211,45.959999084472656,40.27263259887695,3274700
2016-06-24,44.84000015258789,44.84000015258789,43.720001220703125,43.849998474121094,38.423736572265625,11205000
2016-06-27,43.54999923706055,43.54999923706055,42.220001220703125,42.349998474121094,37.10934829711914,7807600
2016-06-28,42.70000076293945,43.40999984741211,42.310001373291016,43.380001068115234,38.01188659667969,6167400
2016-06-29,43.779998779296875,44.84000015258789,43.779998779296875,44.81999969482422,39.2736930847168,4085100
2016-06-30,44.9900016784668,45.2400016784668,44.7599983215332,45.220001220703125,39.62418746948242,5242500
2016-07-01,45.18000030517578,45.5,45.029998779296875,45.45000076293945,39.82574462890625,2377200
2016-07-05,45.25,45.58000183105469,45.150001525878906,45.310001373291016,39.703060150146484,3980800
2016-07-06,45.22999954223633,46.11000061035156,44.9900016784668,45.9900016784668,40.298912048339844,4877000
2016-07-07,45.91999816894531,46.36000061035156,45.86000061035156,46.119998931884766,40.412818908691406,2485400
2016-07-08,46.310001373291016,46.66999816894531,46.16999816894531,46.650001525878906,40.87723922729492,3256800
2016-07-11,46.869998931884766,46.900001525878906,46.369998931884766,46.4900016784668,40.73704528808594,4482500
2016-07-12,46.5,47.13999938964844,46.38999938964844,46.849998474121094,41.05249786376953,3544600
2016-07-13,47.130001068115234,47.220001220703125,46.7400016784668,46.81999969482422,41.026206970214844,2485200
2016-07-14,47.09000015258789,47.209999084472656,46.7400016784668,46.95000076293945,41.14011764526367,2907000
2016-07-15,47.08000183105469,47.20000076293945,46.560001373291016,46.77000045776367,40.98239517211914,2961700
2016-07-18,46.810001373291016,46.86000061035156,46.34000015258789,46.54999923706055,40.789608001708984,2811800
2016-07-19,46.439998626708984,46.529998779296875,45.900001525878906,46.20000076293945,40.48292922973633,3484900
2016-07-20,46.47999954223633,46.86000061035156,46.459999084472656,46.70000076293945,40.921058654785156,1663200
2016-07-21,46.63999938964844,46.720001220703125,45.869998931884766,46.099998474121094,40.395301818847656,2355900
2016-07-22,46.18000030517578,46.31999969482422,45.66999816894531,46.31999969482422,40.58808517456055,2980500
2016-07-25,46.38999938964844,46.439998626708984,45.869998931884766,46.099998474121094,40.395301818847656,2601100
2016-07-26,46.54999923706055,48.09000015258789,46.470001220703125,48.0099983215332,42.068939208984375,6844600
2016-07-27,48.0099983215332,48.5,47.470001220703125,48.31999969482422,42.3405876159668,5926400
2016-07-28,48.310001373291016,48.4900016784668,47.959999084472656,48.220001220703125,42.252960205078125,3776900
2016-07-29,48.18000030517578,48.34000015258789,47.81999969482422,48.02000045776367,42.07771682739258,5489200
2016-08-01,48.060001373291016,48.7599983215332,47.9900016784668,48.5,42.49829864501953,4063900
2016-08-02,48.470001220703125,48.689998626708984,48.220001220703125,48.47999954223633,42.48078918457031,4180200
2016-08-03,48.38999938964844,48.43000030517578,47.959999084472656,48.119998931884766,42.16533279418945,2531100
2016-08-04,48.09000015258789,48.349998474121094,47.75,48.08000183105469,42.13028335571289,4607900
2016-08-05,48.29999923706055,48.400001525878906,48.02000045776367,48.060001373291016,42.11275100708008,2323800
2016-08-08,48.08000183105469,48.310001373291016,47.93000030517578,47.97999954223633,42.04265594482422,2609600
2016-08-09,48.060001373291016,48.27000045776367,47.959999084472656,48.150001525878906,42.191627502441406,1897700
2016-08-10,48.20000076293945,48.70000076293945,48.029998779296875,48.599998474121094,42.5859489440918,4132200
2016-08-11,48.61000061035156,49.4900016784668,48.599998474121094,49.029998779296875,42.962730407714844,3499900
2016-08-12,49.119998931884766,49.119998931884766,48.45000076293945,48.59000015258789,42.577171325683594,2273600
2016-08-15,48.70000076293945,48.97999954223633,48.38999938964844,48.40999984741211,42.41945266723633,2312200
2016-08-16,48.25,48.36000061035156,48.04999923706055,48.2400016784668,42.27048873901367,3383100
2016-08-17,48.29999923706055,48.349998474121094,47.54999923706055,47.97999954223633,42.04265594482422,3768800
2016-08-18,47.900001525878906,48.2400016784668,47.849998474121094,48.0099983215332,42.068939208984375,3314000
2016-08-19,47.869998931884766,48.060001373291016,47.59000015258789,47.95000076293945,42.01637649536133,3084600
2016-08-22,47.66999816894531,48.09000015258789,47.66999816894531,47.97999954223633,42.04265594482422,2887300
2016-08-23,48.06999969482422,48.349998474121094,47.939998626708984,47.97999954223633,42.04265594482422,2280500
2016-08-24,48.029998779296875,48.34000015258789,46.970001220703125,47.060001373291016,41.236507415771484,3513500
2016-08-25,46.9900016784668,47.599998474121094,46.90999984741211,47.099998474121094,41.27155303955078,5112700
2016-08-26,47.2400016784668,47.540000915527344,46.91999816894531,47.18000030517578,41.341644287109375,3197900
2016-08-29,47.290000915527344,47.540000915527344,47.150001525878906,47.40999984741211,41.54318618774414,3494500
2016-08-30,47.72999954223633,47.72999954223633,46.779998779296875,46.88999938964844,41.08755111694336,3304300
2016-08-31,46.84000015258789,46.93000030517578,46.52000045776367,46.72999954223633,41.061180114746094,3553700
2016-09-01,46.75,46.779998779296875,45.90999984741211,46.18000030517578,40.577903747558594,4249300
2016-09-02,46.380001068115234,46.439998626708984,46.08000183105469,46.279998779296875,40.665767669677734,3081400
2016-09-06,46.2400016784668,46.400001525878906,45.47999954223633,45.95000076293945,40.375816345214844,5956600
2016-09-07,45.849998474121094,46.130001068115234,45.77000045776367,45.900001525878906,40.33186721801758,3992300
2016-09-08,45.83000183105469,46.380001068115234,45.75,46.06999969482422,40.48124694824219,5145200
2016-09-09,45.72999954223633,45.97999954223633,45.08000183105469,45.09000015258789,39.62013244628906,4613300
2016-09-12,44.869998931884766,45.849998474121094,44.689998626708984,45.72999954223633,40.18250274658203,4486100
2016-09-13,45.400001525878906,45.95000076293945,45.16999816894531,45.380001068115234,39.87495422363281,5529700
2016-09-14,45.349998474121094,45.86000061035156,45.22999954223633,45.43000030517578,39.918888092041016,3772200
2016-09-15,45.540000915527344,47.279998779296875,45.41999816894531,47.06999969482422,41.35993576049805,6337500
2016-09-16,47.09000015258789,47.400001525878906,46.75,47.279998779296875,41.54446029663086,14557000
2016-09-19,47.36000061035156,47.779998779296875,47.119998931884766,47.25,41.51810073852539,3026200
2016-09-20,47.43000030517578,47.75,47.369998931884766,47.38999938964844,41.641109466552734,4296100
2016-09-21,47.38999938964844,47.9900016784668,47.31999969482422,47.91999816894531,42.1068229675293,2752000
2016-09-22,48.08000183105469,48.2599983215332,48.0,48.20000076293945,42.35284423828125,5580400
2016-09-23,47.97999954223633,47.9900016784668,47.349998474121094,47.4900016784668,41.728973388671875,3310700
2016-09-26,47.34000015258789,47.41999816894531,47.0099983215332,47.20000076293945,41.474159240722656,2418400
2016-09-27,47.29999923706055,47.470001220703125,47.0099983215332,47.33000183105469,41.588409423828125,3377000
2016-09-28,47.38999938964844,47.939998626708984,47.15999984741211,47.91999816894531,42.1068229675293,3488500
2016-09-29,47.83000183105469,47.83000183105469,46.720001220703125,46.91999816894531,41.22814178466797,3310900
2016-09-30,47.13999938964844,47.77000045776367,47.0099983215332,47.599998474121094,41.82563400268555,3176100
2016-10-03,47.29999923706055,47.68000030517578,47.040000915527344,47.63999938964844,41.860782623291016,2601500
2016-10-04,47.58000183105469,47.7599983215332,46.959999084472656,47.290000915527344,41.55325698852539,2548200
2016-10-05,47.380001068115234,47.939998626708984,47.36000061035156,47.91999816894531,42.1068229675293,3071000
2016-10-06,47.790000915527344,48.220001220703125,47.65999984741211,48.220001220703125,42.370426177978516,2955800
2016-10-07,48.369998931884766,48.54999923706055,48.040000915527344,48.45000076293945,42.57252883911133,3583300
2016-10-10,48.65999984741211,48.84000015258789,48.18000030517578,48.29999923706055,42.44071578979492,2885900
2016-10-11,48.13999938964844,48.16999816894531,46.70000076293945,47.0099983215332,41.30721664428711,2886500
2016-10-12,47.150001525878906,47.33000183105469,46.84000015258789,46.97999954223633,41.28084182739258,2782600
2016-10-13,46.95000076293945,47.88999938964844,46.63999938964844,47.720001220703125,41.93108367919922,6311800
2016-10-14,48.0,48.25,47.380001068115234,47.45000076293945,41.6938362121582,4489800
2016-10-17,47.439998626708984,47.54999923706055,47.31999969482422,47.369998931884766,41.623538970947266,2470800
2016-10-18,47.779998779296875,48.11000061035156,47.36000061035156,48.060001373291016,42.22983932495117,2720300
2016-10-19,48.119998931884766,48.25,47.5,47.83000183105469,42.027748107910156,2822200
2016-10-20,47.790000915527344,48.34000015258789,47.720001220703125,48.189998626708984,42.34406280517578,2066700
2016-10-21,47.810001373291016,48.2400016784668,47.59000015258789,48.18000030517578,42.33527755737305,3667000
2016-10-24,48.54999923706055,48.90999984741211,48.29999923706055,48.439998626708984,42.56373977661133,5544900
2016-10-25,49.939998626708984,50.15999984741211,48.90999984741211,49.15999984741211,43.1963996887207,9771400
2016-10-26,49.130001068115234,49.189998626708984,47.29999923706055,47.439998626708984,41.68505096435547,6697600
2016-10-27,47.66999816894531,47.66999816894531,46.54999923706055,46.81999969482422,41.140262603759766,5657200
2016-10-28,46.90999984741211,47.75,46.75,47.20000076293945,41.474159240722656,4525100
2016-10-31,47.20000076293945,47.709999084472656,46.77000045776367,47.59000015258789,41.816856384277344,4176500
2016-11-01,47.650001525878906,47.65999984741211,46.58000183105469,46.88999938964844,41.2017822265625,7288000
2016-11-02,46.849998474121094,47.34000015258789,46.66999816894531,46.7400016784668,41.069976806640625,5649900
2016-11-03,46.93000030517578,47.290000915527344,46.84000015258789,46.880001068115234,41.19298553466797,3193500
2016-11-04,47.04999923706055,47.41999816894531,46.88999938964844,46.9900016784668,41.289634704589844,3187400
2016-11-07,47.61000061035156,49.290000915527344,47.41999816894531,47.619998931884766,41.84320068359375,2376500
2016-11-08,47.5099983215332,48.349998474121094,47.349998474121094,48.08000183105469,42.24741744995117,4412500
2016-11-09,47.86000061035156,48.0,45.79999923706055,46.599998474121094,40.94694900512695,7559700
2016-11-10,47.029998779296875,47.97999954223633,46.869998931884766,47.84000015258789,42.03654098510742,4331100
2016-11-11,47.790000915527344,48.02000045776367,46.790000915527344,46.81999969482422,41.140262603759766,3402200
2016-11-14,46.90999984741211,47.0,44.959999084472656,45.02000045776367,39.55861282348633,5467200
2016-11-15,45.189998626708984,46.189998626708984,45.029998779296875,46.06999969482422,40.48124694824219,4520300
2016-11-16,46.08000183105469,46.66999816894531,45.97999954223633,46.040000915527344,40.45488357543945,4743800
2016-11-17,46.09000015258789,47.150001525878906,46.040000915527344,47.099998474121094,41.38629913330078,4135600
2016-11-18,47.099998474121094,47.189998626708984,46.79999923706055,46.97999954223633,41.28084182739258,2399300
2016-11-21,47.220001220703125,47.43000030517578,46.91999816894531,47.060001373291016,41.35114669799805,1998700
2016-11-22,46.88999938964844,46.88999938964844,45.599998474121094,46.18000030517578,40.577903747558594,5318700
2016-11-23,46.02000045776367,46.79999923706055,46.0,46.560001373291016,40.911800384521484,2321000
2016-11-25,46.779998779296875,47.040000915527344,46.619998931884766,46.720001220703125,41.052398681640625,1117000
2016-11-28,46.58000183105469,46.939998626708984,46.529998779296875,46.61000061035156,40.95573425292969,2468000
2016-11-29,46.68000030517578,46.779998779296875,44.68000030517578,44.7599983215332,39.33015060424805,10201500
2016-11-30,44.68000030517578,44.779998779296875,43.2400016784668,44.369998931884766,39.10102844238281,9351100
2016-12-01,44.41999816894531,44.779998779296875,43.31999969482422,43.630001068115234,38.44890594482422,8849700
2016-12-02,43.779998779296875,44.20000076293945,43.689998626708984,44.0099983215332,38.78378677368164,5933600
2016-12-05,44.13999938964844,44.31999969482422,43.5,43.88999938964844,38.67803955078125,7128100
2016-12-06,44.08000183105469,44.45000076293945,43.470001220703125,43.9900016784668,38.766178131103516,5269900
2016-12-07,43.630001068115234,44.27000045776367,43.130001068115234,44.119998931884766,38.880714416503906,5871300
2016-12-08,43.93000030517578,44.20000076293945,43.75,44.08000183105469,38.84547424316406,2771400
2016-12-09,44.209999084472656,44.869998931884766,44.09000015258789,44.84000015258789,39.515228271484375,2493100
2016-12-12,44.689998626708984,45.310001373291016,44.689998626708984,44.9900016784668,39.64741134643555,2516900
2016-12-13,45.11000061035156,45.41999816894531,44.77000045776367,45.02000045776367,39.67384338378906,2564700
2016-12-14,45.11000061035156,45.38999938964844,44.90999984741211,45.040000915527344,39.691471099853516,3210400
2016-12-15,44.959999084472656,45.310001373291016,44.75,45.09000015258789,39.735538482666016,3640700
2016-12-16,45.16999816894531,45.209999084472656,44.56999969482422,44.720001220703125,39.40946960449219,6990900
2016-12-19,44.849998474121094,45.099998474121094,44.599998474121094,44.63999938964844,39.33897399902344,2179600
2016-12-20,44.70000076293945,44.7599983215332,44.0,44.099998474121094,38.86310577392578,3283600
2016-12-21,44.06999969482422,44.31999969482422,43.810001373291016,44.09000015258789,38.85429000854492,2103400
2016-12-22,44.150001525878906,44.380001068115234,44.02000045776367,44.15999984741211,38.91596603393555,1728700
2016-12-23,44.20000076293945,44.400001525878906,44.029998779296875,44.220001220703125,38.96885299682617,1998400
2016-12-27,44.25,44.5099983215332,44.220001220703125,44.380001068115234,39.1098518371582,1610500
2016-12-28,44.41999816894531,44.439998626708984,43.95000076293945,44.189998626708984,38.94240188598633,1765000
2016-12-29,44.13999938964844,44.540000915527344,44.09000015258789,44.2599983215332,39.004093170166016,1568800
2016-12-30,44.439998626708984,44.75,44.220001220703125,44.34000015258789,39.07460403442383,2206500
2017-01-03,44.380001068115234,44.7400016784668,44.060001373291016,44.439998626708984,39.162723541259766,2937400
2017-01-04,44.540000915527344,44.869998931884766,44.459999084472656,44.75,39.43592071533203,2161500
2017-01-05,44.75,45.2400016784668,44.56999969482422,45.04999923706055,39.700286865234375,2345000
2017-01-06,45.060001373291016,45.61000061035156,44.880001068115234,45.52000045776367,40.11447525024414,2930900
2017-01-09,45.72999954223633,46.220001220703125,45.4900016784668,46.16999816894531,40.68729019165039,4265700
2017-01-10,46.220001220703125,46.75,46.060001373291016,46.5099983215332,40.986907958984375,2990700
2017-01-11,46.619998931884766,47.0099983215332,46.5099983215332,46.9900016784668,41.409912109375,3649800
2017-01-12,46.810001373291016,46.939998626708984,46.0099983215332,46.5099983215332,40.986907958984375,2510400
2017-01-13,46.59000015258789,46.83000183105469,46.34000015258789,46.45000076293945,40.93403625488281,1240100
2017-01-17,46.189998626708984,46.59000015258789,45.790000915527344,46.52000045776367,40.995723724365234,2570800
2017-01-18,46.52000045776367,46.970001220703125,46.38999938964844,46.77000045776367,41.21603775024414,2376800
2017-01-19,46.68000030517578,46.869998931884766,46.279998779296875,46.56999969482422,41.039794921875,1928500
2017-01-20,46.70000076293945,47.400001525878906,46.20000076293945,46.22999954223633,40.74015426635742,3541200
2017-01-23,46.060001373291016,46.38999938964844,45.650001525878906,46.02000045776367,40.55510711669922,2700300
2017-01-24,45.970001220703125,46.0,45.470001220703125,45.849998474121094,40.40529251098633,1911500
2017-01-25,45.86000061035156,46.36000061035156,45.81999969482422,46.13999938964844,40.66083908081055,2662600
2017-01-26,45.959999084472656,46.31999969482422,45.529998779296875,46.04999923706055,40.58152770996094,2315100
2017-01-27,46.130001068115234,47.15999984741211,46.04999923706055,47.08000183105469,41.489234924316406,2349500
2017-01-30,46.9900016784668,47.0099983215332,46.5,46.900001525878906,41.33058547973633,2451100
2017-01-31,46.86000061035156,48.08000183105469,46.68000030517578,47.90999984741211,42.22065353393555,6331700
2017-02-01,48.68000030517578,49.290000915527344,46.849998474121094,48.099998474121094,42.38810729980469,6030200
2017-02-02,47.91999816894531,48.970001220703125,47.91999816894531,48.130001068115234,42.41453552246094,3928800
2017-02-03,48.369998931884766,48.880001068115234,48.34000015258789,48.630001068115234,42.85515594482422,2526600
2017-02-06,48.5,48.619998931884766,48.119998931884766,48.349998474121094,42.60840606689453,1893400
2017-02-07,48.47999954223633,48.68000030517578,48.34000015258789,48.59000015258789,42.819908142089844,1854400
2017-02-08,48.5,48.65999984741211,48.150001525878906,48.349998474121094,42.60840606689453,1883500
2017-02-09,48.45000076293945,49.029998779296875,48.400001525878906,48.93000030517578,43.11954116821289,2299500
2017-02-10,48.93000030517578,49.13999938964844,48.77000045776367,49.0,43.18121337890625,1397500
2017-02-13,49.040000915527344,49.439998626708984,48.880001068115234,49.22999954223633,43.38390350341797,1685900
2017-02-14,48.9900016784668,49.310001373291016,48.77000045776367,48.959999084472656,43.14596176147461,2737600
2017-02-15,48.59000015258789,49.58000183105469,48.58000183105469,49.439998626708984,43.5689697265625,2594500
2017-02-16,49.400001525878906,49.54999923706055,49.0099983215332,49.41999816894531,43.55134582519531,1640000
2017-02-17,49.31999969482422,49.7400016784668,49.29999923706055,49.72999954223633,43.82453536987305,2835800
2017-02-21,49.75,50.20000076293945,49.59000015258789,49.959999084472656,44.02721405029297,3427300
2017-02-22,49.810001373291016,50.220001220703125,49.79999923706055,50.060001373291016,44.1153450012207,1685000
2017-02-23,50.25,50.7599983215332,50.060001373291016,50.38999938964844,44.40615463256836,1828500
2017-02-24,50.279998779296875,50.58000183105469,50.22999954223633,50.4900016784668,44.49428939819336,2470000
2017-02-27,50.5,50.77000045776367,50.38999938964844,50.439998626708984,44.45021438598633,2445300
2017-02-28,50.40999984741211,51.400001525878906,50.369998931884766,50.91999816894531,44.873226165771484,6405700
2017-03-01,51.27000045776367,51.27000045776367,50.599998474121094,51.209999084472656,45.24428939819336,3649400
2017-03-02,51.16999816894531,51.16999816894531,50.599998474121094,50.77000045776367,44.85554504394531,2145600
2017-03-03,50.810001373291016,50.93000030517578,50.52000045776367,50.90999984741211,44.9792366027832,2582500
2017-03-06,50.61000061035156,50.9900016784668,50.5099983215332,50.68000030517578,44.77603530883789,5087200
2017-03-07,50.540000915527344,51.220001220703125,50.349998474121094,51.040000915527344,45.09410095214844,3717500
2017-03-08,51.08000183105469,51.43000030517578,50.7599983215332,51.36000061035156,45.37682342529297,4059500
2017-03-09,51.36000061035156,52.20000076293945,51.310001373291016,52.130001068115234,46.057125091552734,5026200
2017-03-10,52.279998779296875,52.33000183105469,51.7599983215332,52.0099983215332,45.95109176635742,2320600
2017-03-13,52.0,52.33000183105469,51.77000045776367,52.29999923706055,46.207298278808594,2410400
2017-03-14,52.09000015258789,52.18000030517578,51.86000061035156,51.900001525878906,45.853919982910156,1758000
2017-03-15,51.900001525878906,52.2599983215332,51.84000015258789,52.15999984741211,46.0836181640625,2914900
2017-03-16,52.040000915527344,52.150001525878906,51.209999084472656,51.43000030517578,45.43865966796875,2665500
2017-03-17,51.459999084472656,51.83000183105469,51.43000030517578,51.630001068115234,45.61537551879883,3494600
2017-03-20,51.63999938964844,51.709999084472656,51.16999816894531,51.189998626708984,45.226627349853516,2335000
2017-03-21,51.439998626708984,51.88999938964844,51.029998779296875,51.400001525878906,45.41216278076172,3180900
2017-03-22,51.290000915527344,51.97999954223633,51.150001525878906,51.790000915527344,45.7567253112793,3170600
2017-03-23,51.56999969482422,51.970001220703125,51.38999938964844,51.689998626708984,45.66837692260742,1348200
2017-03-24,51.720001220703125,52.189998626708984,51.58000183105469,52.02000045776367,45.95992660522461,2655500
2017-03-27,51.790000915527344,51.97999954223633,51.38999938964844,51.83000183105469,45.79207229614258,1568500
2017-03-28,51.75,51.9900016784668,51.56999969482422,51.88999938964844,45.84507369995117,2372700
2017-03-29,51.720001220703125,52.189998626708984,51.560001373291016,51.97999954223633,45.92458724975586,2500800
2017-03-30,51.86000061035156,52.310001373291016,51.68000030517578,52.25,46.16313934326172,2530700
2017-03-31,52.04999923706055,52.16999816894531,51.75,51.86000061035156,45.81856918334961,2198900
2017-04-03,51.90999984741211,52.29999923706055,51.56999969482422,52.290000915527344,46.1984748840332,2655100
2017-04-04,52.72999954223633,52.72999954223633,51.880001068115234,52.380001068115234,46.27799987792969,2816600
2017-04-05,52.54999923706055,53.18000030517578,52.380001068115234,52.54999923706055,46.42818832397461,2839800
2017-04-06,52.41999816894531,52.529998779296875,52.099998474121094,52.529998779296875,46.4105110168457,2552900
2017-04-07,52.459999084472656,52.88999938964844,52.369998931884766,52.790000915527344,46.64023208618164,3417500
2017-04-10,52.79999923706055,52.970001220703125,52.66999816894531,52.84000015258789,46.68440628051758,4972000
2017-04-11,52.939998626708984,53.029998779296875,52.650001525878906,52.970001220703125,46.79927062988281,2774500
2017-04-12,52.900001525878906,53.540000915527344,52.86000061035156,53.529998779296875,47.29402542114258,3741300
2017-04-13,53.36000061035156,53.4900016784668,53.08000183105469,53.25,47.0466423034668,3923800
2017-04-17,52.709999084472656,53.20000076293945,52.27000045776367,52.81999969482422,46.66673278808594,3764600
2017-04-18,52.709999084472656,53.22999954223633,52.599998474121094,52.72999954223633,46.58721923828125,2933700
2017-04-19,52.88999938964844,53.16999816894531,52.689998626708984,52.709999084472656,46.56955337524414,4243000
2017-04-20,52.650001525878906,52.939998626708984,52.380001068115234,52.88999938964844,46.72858428955078,2998300
2017-04-21,52.849998474121094,52.97999954223633,52.59000015258789,52.880001068115234,46.719749450683594,3217500
2017-04-24,53.43000030517578,53.709999084472656,53.31999969482422,53.45000076293945,47.22334671020508,2664000
2017-04-25,53.290000915527344,53.619998931884766,53.040000915527344,53.209999084472656,47.01129150390625,4410500
2017-04-26,54.0,55.61000061035156,53.75,55.59000015258789,49.11403274536133,7921700
2017-04-27,55.650001525878906,56.5,55.279998779296875,55.41999816894531,48.963844299316406,6411300
2017-04-28,55.54999923706055,55.880001068115234,55.310001373291016,55.68000030517578,49.193565368652344,3456600
2017-05-01,55.72999954223633,55.95000076293945,55.34000015258789,55.59000015258789,49.11403274536133,2548900
2017-05-02,55.810001373291016,55.90999984741211,55.540000915527344,55.68000030517578,49.193565368652344,2408900
2017-05-03,55.72999954223633,56.0099983215332,55.349998474121094,55.90999984741211,49.39677429199219,2838700
2017-05-04,55.93000030517578,56.04999923706055,55.59000015258789,55.959999084472656,49.44094467163086,1776200
2017-05-05,56.0,56.15999984741211,55.70000076293945,55.95000076293945,49.432098388671875,1760800
2017-05-08,55.90999984741211,55.970001220703125,55.619998931884766,55.70000076293945,49.21123504638672,2219400
2017-05-09,55.790000915527344,56.25,55.560001373291016,56.13999938964844,49.59996795654297,5019600
2017-05-10,56.099998474121094,56.27000045776367,55.72999954223633,56.189998626708984,49.644142150878906,1889800
2017-05-11,56.11000061035156,56.369998931884766,55.900001525878906,56.349998474121094,49.78550338745117,2130700
2017-05-12,56.349998474121094,56.5,55.97999954223633,56.189998626708984,49.644142150878906,1508200
2017-05-15,56.04999923706055,56.77000045776367,55.939998626708984,56.70000076293945,50.0947380065918,1396500
2017-05-16,57.0,57.790000915527344,56.810001373291016,57.58000183105469,50.87220764160156,4913600
2017-05-17,57.58000183105469,57.58000183105469,56.849998474121094,56.86000061035156,50.23609924316406,3144900
2017-05-18,56.83000183105469,57.13999938964844,56.540000915527344,57.06999969482422,50.421634674072266,3274300
2017-05-19,57.20000076293945,57.33000183105469,56.9900016784668,57.209999084472656,50.54532241821289,2054700
2017-05-22,57.380001068115234,57.84000015258789,57.16999816894531,57.650001525878906,50.93406677246094,1440100
2017-05-23,57.63999938964844,57.959999084472656,57.58000183105469,57.91999816894531,51.17261505126953,1646300
2017-05-24,58.02000045776367,58.459999084472656,57.849998474121094,58.34000015258789,51.54368209838867,2402200
2017-05-25,58.45000076293945,59.40999984741211,58.31999969482422,59.13999938964844,52.25048828125,3216100
2017-05-26,59.06999969482422,59.11000061035156,58.45000076293945,58.63999938964844,51.808719635009766,2014100
2017-05-30,58.70000076293945,59.4900016784668,58.529998779296875,59.349998474121094,52.436031341552734,2559900
2017-05-31,59.439998626708984,59.779998779296875,59.15999984741211,59.310001373291016,52.542335510253906,4111600
2017-06-01,59.5099983215332,60.33000183105469,59.189998626708984,60.0,53.15358352661133,2820200
2017-06-02,60.029998779296875,60.15999984741211,59.619998931884766,59.720001220703125,52.90554428100586,3219800
2017-06-05,60.380001068115234,60.45000076293945,59.540000915527344,59.59000015258789,52.79038619995117,2714500
2017-06-06,59.52000045776367,59.81999969482422,59.279998779296875,59.38999938964844,52.613189697265625,3043900
2017-06-07,59.540000915527344,59.70000076293945,59.290000915527344,59.599998474121094,52.799232482910156,2088000
2017-06-08,59.630001068115234,59.959999084472656,59.459999084472656,59.7599983215332,52.940982818603516,4531100
2017-06-09,59.869998931884766,60.060001373291016,58.56999969482422,58.90999984741211,52.18797302246094,3069900
2017-06-12,58.689998626708984,58.779998779296875,57.13999938964844,57.150001525878906,50.628807067871094,5790900
2017-06-13,57.380001068115234,58.150001525878906,57.2400016784668,57.880001068115234,51.2755012512207,3731600
2017-06-14,58.11000061035156,58.790000915527344,57.68000030517578,57.97999954223633,51.364097595214844,2427700
2017-06-15,57.54999923706055,58.099998474121094,57.31999969482422,57.93000030517578,51.319793701171875,3264900
2017-06-16,58.08000183105469,58.349998474121094,57.7400016784668,57.93000030517578,51.319793701171875,6522800
2017-06-19,58.220001220703125,59.720001220703125,58.220001220703125,59.54999923706055,52.75493240356445,4703700
2017-06-20,59.68000030517578,60.119998931884766,59.68000030517578,59.880001068115234,53.04729080200195,3074900
2017-06-21,60.029998779296875,60.470001220703125,59.93000030517578,60.04999923706055,53.197898864746094,2411000
2017-06-22,60.0,60.9900016784668,59.90999984741211,60.68000030517578,53.756004333496094,3070500
2017-06-23,60.68000030517578,61.5099983215332,60.45000076293945,61.380001068115234,54.376121520996094,3900600
2017-06-26,61.380001068115234,61.52000045776367,60.959999084472656,60.97999954223633,54.02177429199219,1911300
2017-06-27,60.91999816894531,61.06999969482422,60.59000015258789,60.689998626708984,53.76485824584961,2546800
2017-06-28,60.939998626708984,61.25,60.77000045776367,60.869998931884766,53.92432403564453,2152500
2017-06-29,60.810001373291016,60.810001373291016,59.72999954223633,60.15999984741211,53.29534912109375,2062100
2017-06-30,60.40999984741211,60.7599983215332,60.27000045776367,60.540000915527344,53.63197708129883,2428600
2017-07-03,60.779998779296875,60.880001068115234,60.15999984741211,60.2400016784668,53.366214752197266,1354600
2017-07-05,60.40999984741211,60.86000061035156,60.220001220703125,60.709999084472656,53.78258514404297,1782900
2017-07-06,60.439998626708984,60.66999816894531,60.0099983215332,60.15999984741211,53.29534912109375,3123100
2017-07-07,60.380001068115234,60.83000183105469,60.22999954223633,60.720001220703125,53.791439056396484,2561800
2017-07-10,60.619998931884766,60.720001220703125,60.2599983215332,60.54999923706055,53.640838623046875,1542600
2017-07-11,61.34000015258789,61.38999938964844,60.349998474121094,60.630001068115234,53.71171188354492,2592400
2017-07-12,60.790000915527344,61.439998626708984,60.72999954223633,61.279998779296875,54.287540435791016,1505500
2017-07-13,61.36000061035156,61.41999816894531,60.790000915527344,61.29999923706055,54.305259704589844,1736200
2017-07-14,61.279998779296875,62.25,61.209999084472656,62.11000061035156,55.0228385925293,1951300
2017-07-17,62.099998474121094,62.380001068115234,61.90999984741211,62.20000076293945,55.102561950683594,2730000
2017-07-18,62.380001068115234,62.4900016784668,61.959999084472656,62.13999938964844,55.049415588378906,2239100
2017-07-19,62.34000015258789,62.5099983215332,62.11000061035156,62.45000076293945,55.324039459228516,3049300
2017-07-20,62.5099983215332,63.08000183105469,62.2599983215332,63.040000915527344,55.846710205078125,2394400
2017-07-21,62.88999938964844,63.13999938964844,62.599998474121094,62.66999816894531,55.5189323425293,2798800
2017-07-24,62.81999969482422,62.880001068115234,62.470001220703125,62.72999954223633,55.572086334228516,1669200
2017-07-25,62.97999954223633,63.0099983215332,61.68000030517578,62.09000015258789,55.00511169433594,3074400
2017-07-26,61.04999923706055,61.720001220703125,60.130001068115234,61.220001220703125,54.2343864440918,4118900
2017-07-27,61.63999938964844,61.63999938964844,59.880001068115234,60.380001068115234,53.490234375,3414600
2017-07-28,60.400001525878906,60.84000015258789,60.150001525878906,60.72999954223633,53.80030059814453,2054400
2017-07-31,60.779998779296875,61.040000915527344,60.36000061035156,60.47999954223633,53.578819274902344,2042600
2017-08-01,60.880001068115234,61.18000030517578,60.560001373291016,60.709999084472656,53.78258514404297,2650200
2017-08-02,60.689998626708984,60.689998626708984,59.27000045776367,59.5,52.71063995361328,3536800
2017-08-03,59.099998474121094,59.790000915527344,58.810001373291016,59.59000015258789,52.79038619995117,2017900
2017-08-04,59.7599983215332,60.13999938964844,59.45000076293945,59.880001068115234,53.04729080200195,1594200
2017-08-07,59.84000015258789,59.90999984741211,59.4900016784668,59.72999954223633,52.914398193359375,1858600
2017-08-08,59.65999984741211,60.0,59.36000061035156,59.720001220703125,52.90554428100586,1969600
2017-08-09,59.720001220703125,60.099998474121094,59.5,60.02000045776367,53.17130661010742,2196800
2017-08-10,59.65999984741211,59.97999954223633,59.43000030517578,59.709999084472656,52.89668655395508,2939200
2017-08-11,59.619998931884766,60.369998931884766,59.619998931884766,59.84000015258789,53.01185989379883,2213800
2017-08-14,60.06999969482422,60.58000183105469,60.060001373291016,60.22999954223633,53.35734939575195,1976400
2017-08-15,60.189998626708984,60.95000076293945,60.130001068115234,60.79999923706055,53.86231231689453,2161200
2017-08-16,61.0,61.529998779296875,60.810001373291016,61.36000061035156,54.35840606689453,2965500
2017-08-17,61.029998779296875,61.47999954223633,60.77000045776367,60.81999969482422,53.880035400390625,2608700
2017-08-18,60.720001220703125,61.27000045776367,60.619998931884766,60.869998931884766,53.92432403564453,2308200
2017-08-21,60.790000915527344,61.150001525878906,60.529998779296875,61.11000061035156,54.13692855834961,1677800
2017-08-22,61.02000045776367,62.209999084472656,61.02000045776367,62.150001525878906,55.05826950073242,1789700
2017-08-23,62.0,62.06999969482422,61.31999969482422,61.45000076293945,54.438148498535156,2734200
2017-08-24,61.689998626708984,61.83000183105469,61.459999084472656,61.5099983215332,54.49129104614258,2286100
2017-08-25,61.790000915527344,61.790000915527344,61.45000076293945,61.5099983215332,54.49129104614258,2389300
2017-08-28,61.63999938964844,61.810001373291016,61.540000915527344,61.63999938964844,54.60646057128906,2386400
2017-08-29,61.41999816894531,61.619998931884766,61.20000076293945,61.40999984741211,54.4027099609375,1562200
2017-08-30,61.29999923706055,61.709999084472656,61.290000915527344,61.47999954223633,54.606990814208984,1918700
2017-08-31,61.779998779296875,62.130001068115234,61.61000061035156,62.040000915527344,55.10439682006836,3532700
2017-09-01,62.11000061035156,62.5,61.93000030517578,62.22999954223633,55.27314758300781,2214900
2017-09-05,61.9900016784668,62.439998626708984,61.83000183105469,62.18000030517578,55.22874450683594,1772600
2017-09-06,62.29999923706055,62.68000030517578,62.18000030517578,62.529998779296875,55.539608001708984,1498200
2017-09-07,62.63999938964844,63.0,62.349998474121094,62.84000015258789,55.81494903564453,1724600
2017-09-08,62.93000030517578,64.4000015258789,62.72999954223633,63.279998779296875,56.20576095581055,2583000
2017-09-11,63.630001068115234,64.31999969482422,63.56999969482422,64.27999877929688,57.0939826965332,2711600
2017-09-12,64.4000015258789,64.55999755859375,63.83000183105469,64.1500015258789,56.9785041809082,1840400
2017-09-13,64.1500015258789,64.75,64.04000091552734,64.61000061035156,57.38707733154297,2482500
2017-09-14,64.36000061035156,64.73999786376953,64.18000030517578,64.31999969482422,57.12950897216797,1864500
2017-09-15,64.11000061035156,64.33000183105469,63.880001068115234,63.959999084472656,56.809749603271484,4525600
2017-09-18,64.06999969482422,64.30999755859375,63.93000030517578,64.30999755859375,57.120609283447266,1547200
2017-09-19,64.27999877929688,64.3499984741211,63.91999816894531,64.0199966430664,56.863033294677734,1825500
2017-09-20,64.1500015258789,64.51000213623047,64.05999755859375,64.27999877929688,57.0939826965332,1680100
2017-09-21,64.20999908447266,64.31999969482422,63.349998474121094,63.380001068115234,56.29458999633789,1595000
2017-09-22,63.47999954223633,63.75,63.34000015258789,63.5099983215332,56.41004943847656,2352300
2017-09-25,63.5099983215332,63.54999923706055,62.56999969482422,62.7599983215332,55.743900299072266,1679000
2017-09-26,62.86000061035156,62.880001068115234,62.43000030517578,62.52000045776367,55.530731201171875,1301600
2017-09-27,62.619998931884766,62.86000061035156,61.939998626708984,62.459999084472656,55.47743606567383,2310900
2017-09-28,62.279998779296875,62.529998779296875,61.86000061035156,62.34000015258789,55.370849609375,1529100
2017-09-29,62.290000915527344,62.77000045776367,62.150001525878906,62.75,55.73501968383789,1579100
2017-10-02,62.91999816894531,63.400001525878906,62.900001525878906,63.15999984741211,56.09917449951172,1811600
2017-10-03,62.970001220703125,63.119998931884766,62.45000076293945,62.619998931884766,55.61956024169922,1648800
2017-10-04,62.7400016784668,63.0099983215332,62.61000061035156,62.900001525878906,55.86825180053711,1902800
2017-10-05,62.7400016784668,62.88999938964844,62.54999923706055,62.709999084472656,55.699493408203125,1792300
2017-10-06,62.619998931884766,63.09000015258789,62.41999816894531,62.90999984741211,55.87712097167969,2513100
2017-10-09,63.04999923706055,63.04999923706055,61.11000061035156,61.45000076293945,54.580352783203125,2610200
2017-10-10,61.369998931884766,61.7599983215332,60.779998779296875,61.709999084472656,54.811275482177734,2264700
2017-10-11,61.72999954223633,62.15999984741211,61.619998931884766,62.0099983215332,55.077735900878906,2280900
2017-10-12,62.0099983215332,62.58000183105469,61.869998931884766,62.529998779296875,55.539608001708984,1460000
2017-10-13,62.59000015258789,62.869998931884766,62.290000915527344,62.81999969482422,55.79718780517578,2837100
2017-10-16,62.900001525878906,63.709999084472656,62.900001525878906,63.650001525878906,56.534400939941406,2715100
2017-10-17,63.59000015258789,64.18000030517578,63.33000183105469,63.91999816894531,56.774227142333984,2484400
2017-10-18,63.900001525878906,64.11000061035156,63.540000915527344,63.84000015258789,56.703163146972656,1340100
2017-10-19,63.939998626708984,64.05999755859375,62.810001373291016,63.470001220703125,56.3745231628418,3306700
2017-10-20,63.709999084472656,63.90999984741211,63.400001525878906,63.59000015258789,56.481117248535156,2738600
2017-10-23,63.75,64.66999816894531,63.709999084472656,64.12000274658203,56.951873779296875,1798900
2017-10-24,64.13999938964844,64.38999938964844,63.5,64.3499984741211,57.1561393737793,4001500
2017-10-25,63.2400016784668,65.0,62.52000045776367,64.37999725341797,57.18278503417969,3117200
2017-10-26,64.52999877929688,65.43000030517578,64.20999908447266,64.93000030517578,57.67131423950195,2264900
2017-10-27,64.94000244140625,65.69999694824219,64.75,65.68000030517578,58.33747100830078,2460400
2017-10-30,65.37000274658203,65.41999816894531,64.23999786376953,64.56999969482422,57.351539611816406,2891500
2017-10-31,64.81999969482422,64.94999694824219,64.19999694824219,64.47000122070312,57.26273727416992,2679300
2017-11-01,64.5999984741211,64.86000061035156,64.19000244140625,64.19999694824219,57.022911071777344,1848700
2017-11-02,64.04000091552734,64.41000366210938,63.7599983215332,64.06999969482422,56.9074592590332,1775000
2017-11-03,63.880001068115234,65.0999984741211,63.779998779296875,64.9000015258789,57.64466857910156,1629300
2017-11-06,65.0999984741211,65.16999816894531,64.31999969482422,64.36000061035156,57.165035247802734,2178900
2017-11-07,64.44000244140625,64.95999908447266,64.19999694824219,64.31999969482422,57.12950897216797,2233800
2017-11-08,64.25,65.1500015258789,64.08999633789062,65.01000213623047,57.742366790771484,1887300
2017-11-09,64.94000244140625,65.41000366210938,64.69999694824219,65.38999938964844,58.079891204833984,1626600
2017-11-10,65.05999755859375,65.12999725341797,62.91999816894531,64.04000091552734,56.88079833984375,4103000
2017-11-13,63.689998626708984,64.61000061035156,63.34000015258789,64.41000366210938,57.20944595336914,1657600
2017-11-14,64.05999755859375,64.58000183105469,63.61000061035156,64.45999908447266,57.253849029541016,2304500
2017-11-15,64.41000366210938,64.80999755859375,64.13999938964844,64.41999816894531,57.21831130981445,2508100
2017-11-16,64.56999969482422,65.29000091552734,64.33000183105469,64.98999786376953,57.7245979309082,2557500
2017-11-17,64.66000366210938,64.87000274658203,63.02000045776367,63.880001068115234,56.73869705200195,4883400
2017-11-20,64.01000213623047,64.20999908447266,63.7599983215332,63.880001068115234,56.73869705200195,2582400
2017-11-21,64.20999908447266,64.56999969482422,64.0,64.25,57.06732940673828,2952900
2017-11-22,64.30999755859375,64.61000061035156,63.81999969482422,64.04000091552734,56.88079833984375,1553400
2017-11-24,64.08000183105469,64.31999969482422,63.86000061035156,64.12000274658203,56.951873779296875,692500
2017-11-27,64.23999786376953,64.77999877929688,64.01000213623047,64.73999786376953,57.5025520324707,2563100
2017-11-28,64.86000061035156,66.18000030517578,64.30000305175781,66.05000305175781,58.666099548339844,5399700
2017-11-29,66.0,66.0,64.66000366210938,65.18000030517578,57.89335632324219,4770100
2017-11-30,65.19000244140625,65.8499984741211,64.62999725341797,65.52999877929688,58.347476959228516,4236400
2017-12-01,65.44000244140625,65.91999816894531,64.5199966430664,65.48999786376953,58.31184768676758,2598400
2017-12-04,65.5999984741211,65.72000122070312,64.23999786376953,64.25,57.2077522277832,2945900
2017-12-05,64.13999938964844,64.80000305175781,63.900001525878906,64.0199966430664,57.002967834472656,2562400
2017-12-06,64.0,64.0,63.38999938964844,63.720001220703125,56.73585891723633,2387100
2017-12-07,63.56999969482422,63.720001220703125,63.209999084472656,63.52000045776367,56.557777404785156,2794400
2017-12-08,63.720001220703125,64.08000183105469,63.650001525878906,64.05000305175781,57.029685974121094,1723900
2017-12-11,63.900001525878906,64.3499984741211,63.720001220703125,64.13999938964844,57.10981369018555,1805400
2017-12-12,64.29000091552734,64.58000183105469,64.05000305175781,64.30999755859375,57.26118469238281,2577000
2017-12-13,64.37000274658203,64.95999908447266,64.0999984741211,64.72000122070312,57.626251220703125,3067400
2017-12-14,64.91000366210938,65.61000061035156,64.73999786376953,64.77999877929688,57.67966842651367,3405300
2017-12-15,65.06999969482422,65.54000091552734,64.73999786376953,65.33000183105469,58.169376373291016,4988900
2017-12-18,65.48999786376953,65.62999725341797,65.11000061035156,65.44999694824219,58.27622604370117,3157200
2017-12-19,65.5999984741211,65.98999786376953,65.44999694824219,65.77999877929688,58.57005310058594,2642900
2017-12-20,65.91000366210938,66.0,65.25,65.29000091552734,58.133758544921875,1665700
2017-12-21,65.48999786376953,65.55999755859375,64.41999816894531,64.52999877929688,57.457069396972656,3603500
2017-12-22,64.41000366210938,64.9800033569336,64.41000366210938,64.72000122070312,57.626251220703125,1293900
2017-12-26,64.83999633789062,65.27999877929688,64.83999633789062,65.0199966430664,57.89336013793945,1563200
2017-12-27,65.0,65.0999984741211,64.51000213623047,64.77999877929688,57.67966842651367,1853000
2017-12-28,64.95999908447266,65.08999633789062,64.66000366210938,64.9000015258789,57.78651428222656,1626500
2017-12-29,65.0999984741211,65.30000305175781,64.63999938964844,64.63999938964844,57.55500030517578,1539600
2018-01-02,66.08999633789062,68.0,65.81999969482422,67.16999816894531,59.807701110839844,5571300
2018-01-03,67.62000274658203,68.66999816894531,67.23999786376953,68.25,60.769325256347656,4259900
2018-01-04,68.63999938964844,68.86000061035156,68.01000213623047,68.41000366210938,60.911808013916016,3698000
2018-01-05,68.5999984741211,69.3499984741211,68.30000305175781,69.18000030517578,61.59738540649414,2190000
2018-01-08,69.18000030517578,69.30999755859375,68.69999694824219,69.27999877929688,61.686439514160156,2634900
2018-01-09,69.33000183105469,69.6500015258789,69.08999633789062,69.37999725341797,61.775455474853516,3141700
2018-01-10,69.06999969482422,69.23999786376953,68.25,68.43000030517578,60.92958450317383,2074100
2018-01-11,68.44999694824219,68.66999816894531,68.0,68.45999908447266,60.956329345703125,2104500
2018-01-12,68.62000274658203,68.62000274658203,68.26000213623047,68.33999633789062,60.849456787109375,2372000
2018-01-16,68.5,68.5,67.54000091552734,67.66999816894531,60.252899169921875,4247000
2018-01-17,68.0199966430664,68.30000305175781,67.80999755859375,68.19999694824219,60.724815368652344,3151900
2018-01-18,68.31999969482422,69.47000122070312,68.31999969482422,69.19999694824219,61.615203857421875,4383100
2018-01-19,69.36000061035156,70.0199966430664,69.36000061035156,70.01000213623047,62.33642578125,3530500
2018-01-22,70.02999877929688,70.25,69.79000091552734,70.19999694824219,62.5056037902832,3381200
2018-01-23,70.0999984741211,70.13999938964844,69.4000015258789,69.5999984741211,61.971370697021484,2344100
2018-01-24,69.9000015258789,70.44999694824219,69.69999694824219,70.13999938964844,62.452178955078125,2491400
2018-01-25,70.5,71.05999755859375,70.33999633789062,71.05000305175781,63.26242446899414,2357300
2018-01-26,71.5,72.26000213623047,70.7300033569336,72.26000213623047,64.33980560302734,2885900
2018-01-29,71.87000274658203,72.48999786376953,71.87000274658203,72.05000305175781,64.15283203125,2581900
2018-01-30,71.52999877929688,72.08000183105469,71.0,71.75,63.88571548461914,2710100
2018-01-31,72.0999984741211,72.58000183105469,71.55000305175781,72.02999877929688,64.135009765625,4320700
2018-02-01,69.58000183105469,70.76000213623047,69.16000366210938,69.94999694824219,62.282997131347656,5971600
2018-02-02,69.66000366210938,69.94000244140625,68.4800033569336,68.55000305175781,61.03645706176758,4100000
2018-02-05,68.33999633789062,68.66000366210938,65.45999908447266,65.5199966430664,58.33854675292969,4634300
2018-02-06,64.29000091552734,67.16999816894531,63.86000061035156,66.66999816894531,59.36251449584961,5225300
2018-02-07,66.4800033569336,66.94999694824219,65.4800033569336,65.55000305175781,58.36526870727539,3943300
2018-02-08,65.55000305175781,65.69999694824219,62.52000045776367,62.560001373291016,55.70299530029297,4900700
2018-02-09,63.27000045776367,64.93000030517578,62.84000015258789,64.30999755859375,57.26118469238281,5678000
2018-02-12,64.7300033569336,65.43000030517578,64.3499984741211,65.0,57.87556076049805,4232700
2018-02-13,64.47000122070312,64.86000061035156,63.84000015258789,64.62999725341797,57.546112060546875,2871300
2018-02-14,64.33999633789062,66.11000061035156,64.19999694824219,66.02999877929688,58.79265594482422,3556400
2018-02-15,66.55000305175781,66.76000213623047,65.77999877929688,66.44000244140625,59.157718658447266,2064700
2018-02-16,66.30999755859375,67.11000061035156,66.2699966430664,66.33000183105469,59.059791564941406,3732200
2018-02-20,66.76000213623047,67.61000061035156,65.93000030517578,67.04000091552734,59.69195556640625,3784200
2018-02-21,67.08999633789062,68.33999633789062,66.9000015258789,67.05000305175781,59.70085144042969,2517100
2018-02-22,67.44000244140625,68.30000305175781,67.11000061035156,67.43000030517578,60.03921127319336,4542100
2018-02-23,67.43000030517578,68.41999816894531,67.20999908447266,68.36000061035156,60.86727523803711,2079900
2018-02-26,68.58000183105469,69.23999786376953,68.18000030517578,69.13999938964844,61.5617790222168,2493000
2018-02-27,69.1500015258789,69.36000061035156,68.69000244140625,68.69000244140625,61.16111755371094,1767500
2018-02-28,68.83000183105469,69.33000183105469,67.7300033569336,67.79000091552734,60.359737396240234,3590100
2018-03-01,67.5999984741211,67.69999694824219,65.7300033569336,66.30999755859375,59.181640625,3217600
2018-03-02,65.63999938964844,66.36000061035156,65.55000305175781,66.27999877929688,59.15487289428711,2824200
2018-03-05,65.93000030517578,67.16999816894531,65.77999877929688,66.8499984741211,59.66360092163086,4767600
2018-03-06,67.0199966430664,67.12000274658203,66.48999786376953,67.01000213623047,59.8064079284668,2046200
2018-03-07,66.5,67.20999908447266,66.25,67.0199966430664,59.815338134765625,2840200
2018-03-08,67.19999694824219,68.04000091552734,67.0999984741211,67.81999969482422,60.52932357788086,3553900
2018-03-09,68.33999633789062,68.9800033569336,67.81999969482422,68.88999938964844,61.48429870605469,2438000
2018-03-12,68.95999908447266,69.1500015258789,68.44000244140625,68.5,61.13623809814453,1976600
2018-03-13,68.69999694824219,68.9800033569336,68.0,68.08999633789062,60.770294189453125,2441700
2018-03-14,68.38999938964844,68.43000030517578,67.08999633789062,67.27999877929688,60.04737091064453,2484500
2018-03-15,67.47000122070312,67.87000274658203,67.29000091552734,67.58999633789062,60.32404327392578,2120900
2018-03-16,67.80000305175781,68.12000274658203,67.66999816894531,67.88999938964844,60.5918083190918,4669900
2018-03-19,67.80000305175781,67.9800033569336,66.25,66.76000213623047,59.5832633972168,3247300
2018-03-20,66.91000366210938,67.31999969482422,66.62999725341797,66.91000366210938,59.7171516418457,1837400
2018-03-21,66.93000030517578,67.0999984741211,66.19999694824219,66.45999908447266,59.31552505493164,4014200
2018-03-22,65.91999816894531,66.80999755859375,65.51000213623047,65.55000305175781,58.503353118896484,3790200
2018-03-23,65.55000305175781,65.70999908447266,64.18000030517578,64.29000091552734,57.378814697265625,2419900
2018-03-26,65.01000213623047,65.5999984741211,64.2699966430664,65.48999786376953,58.449798583984375,2790700
2018-03-27,65.75,66.13999938964844,64.52999877929688,64.87000274658203,57.89644241333008,3761000
2018-03-28,65.0199966430664,65.25,63.84000015258789,63.849998474121094,56.98610305786133,3629200
2018-03-29,64.19999694824219,65.88999938964844,63.939998626708984,65.04000091552734,58.04818344116211,3967900
2018-04-02,64.91999816894531,65.37999725341797,62.75,63.43000030517578,56.611244201660156,2859200
2018-04-03,63.70000076293945,64.19999694824219,63.130001068115234,64.0199966430664,57.1378288269043,2461000
2018-04-04,63.2599983215332,64.58999633789062,62.66999816894531,64.41000366210938,57.48590087890625,2759600
2018-04-05,64.81999969482422,65.80999755859375,64.68000030517578,65.5199966430664,58.47657012939453,3909400
2018-04-06,64.9800033569336,65.26000213623047,63.15999984741211,63.88999938964844,57.02180099487305,3003800
2018-04-09,64.48999786376953,65.6500015258789,64.16999816894531,64.79000091552734,57.82504653930664,2733400
2018-04-10,65.30999755859375,66.75,65.30999755859375,66.19999694824219,59.08346939086914,3359600
2018-04-11,65.5,65.7300033569336,64.7699966430664,64.94000244140625,57.95893096923828,3989500
2018-04-12,65.33999633789062,66.02999877929688,65.26000213623047,65.7699966430664,58.69969177246094,2229800
2018-04-13,66.08999633789062,66.20999908447266,65.36000061035156,65.72000122070312,58.65508270263672,2280600
2018-04-16,66.36000061035156,66.80999755859375,66.0999984741211,66.29000091552734,59.16379928588867,1894900
2018-04-17,66.68000030517578,66.94000244140625,66.01000213623047,66.86000061035156,59.67251968383789,2944100
2018-04-18,66.8499984741211,67.68000030517578,65.41000366210938,67.22000122070312,59.99382400512695,3947400
2018-04-19,67.0999984741211,67.4800033569336,66.70999908447266,66.9800033569336,59.77964401245117,2430000
2018-04-20,67.05999755859375,67.4000015258789,66.76000213623047,67.05000305175781,59.84209060668945,2890700
2018-04-23,67.30999755859375,67.5,66.80999755859375,67.18000030517578,59.9581184387207,2824300
2018-04-24,67.25,67.86000061035156,65.80999755859375,66.1500015258789,59.03885269165039,3787500
2018-04-25,65.9000015258789,66.58000183105469,65.19999694824219,66.5199966430664,59.36906814575195,2914900
2018-04-26,68.41999816894531,70.1500015258789,68.41999816894531,69.98999786376953,62.46604919433594,5460100
2018-04-27,70.04000091552734,70.58000183105469,69.37000274658203,70.20999908447266,62.66239929199219,3351300
2018-04-30,70.18000030517578,70.80000305175781,69.48999786376953,69.5,62.028717041015625,4030500
2018-05-01,69.4800033569336,70.43000030517578,69.2699966430664,70.1500015258789,62.60884475708008,3192900
2018-05-02,69.9000015258789,70.87999725341797,69.62000274658203,70.43000030517578,62.85877227783203,3371000
2018-05-03,69.88999938964844,70.05999755859375,68.97000122070312,69.76000213623047,62.260780334472656,2710400
2018-05-04,69.37999725341797,70.68000030517578,69.16999816894531,70.37999725341797,62.81413269042969,1656300
2018-05-07,70.5199966430664,70.93000030517578,70.19000244140625,70.33000183105469,62.76950454711914,1580200
2018-05-08,70.1500015258789,70.25,69.0199966430664,69.44999694824219,61.98411178588867,3476600
2018-05-09,69.55999755859375,69.7300033569336,68.55999755859375,69.31999969482422,61.868080139160156,2286700
2018-05-10,69.97000122070312,70.63999938964844,69.76000213623047,70.5999984741211,63.01045227050781,2291600
2018-05-11,70.44999694824219,70.80999755859375,70.19999694824219,70.5199966430664,62.939083099365234,2215000
2018-05-14,70.38999938964844,71.69999694824219,70.22000122070312,71.19999694824219,63.54597091674805,2981900
2018-05-15,70.63999938964844,71.05000305175781,70.0199966430664,70.44999694824219,62.876609802246094,2304300
2018-05-16,70.43000030517578,71.37999725341797,70.18000030517578,70.73999786376953,63.13541793823242,2206300
2018-05-17,70.87000274658203,71.05000305175781,70.22000122070312,70.6500015258789,63.05510711669922,2709500
2018-05-18,70.73999786376953,70.94000244140625,70.37000274658203,70.5999984741211,63.01045227050781,3478400
2018-05-21,71.16999816894531,72.30000305175781,71.16999816894531,72.0999984741211,64.34922790527344,3227700
2018-05-22,72.1500015258789,72.38999938964844,71.55999755859375,71.72000122070312,64.01006317138672,2515600
2018-05-23,71.5199966430664,72.37999725341797,71.45999908447266,72.3499984741211,64.57234191894531,2816700
2018-05-24,72.3499984741211,72.86000061035156,71.81999969482422,72.41000366210938,64.62590789794922,5207400
2018-05-25,72.43000030517578,73.04000091552734,72.20999908447266,72.52999877929688,64.73298645019531,2537100
2018-05-29,71.93000030517578,72.19000244140625,71.02999877929688,71.7300033569336,64.01899719238281,2074100
2018-05-30,72.08000183105469,72.37000274658203,71.33000183105469,71.87000274658203,64.14393615722656,3023600
2018-05-31,71.66999816894531,72.23999786376953,70.77999877929688,70.83999633789062,63.39226531982422,4969800
2018-06-01,71.41000366210938,72.75,71.2699966430664,72.69999694824219,65.05671691894531,3546500
2018-06-04,72.77999877929688,74.4800033569336,72.66000366210938,74.19999694824219,66.39900970458984,5339100
2018-06-05,74.13999938964844,74.33999633789062,73.48999786376953,74.26000213623047,66.45270538330078,4334700
2018-06-06,74.30000305175781,75.36000061035156,74.13999938964844,75.27999877929688,67.36547088623047,3993000
2018-06-07,75.27999877929688,75.45999908447266,73.93000030517578,74.3499984741211,66.5332260131836,2965500
2018-06-08,74.33000183105469,74.83999633789062,74.12000274658203,74.77999877929688,66.91803741455078,3039600
2018-06-11,74.86000061035156,75.37000274658203,74.5,75.19000244140625,67.28492736816406,2987200
2018-06-12,75.02999877929688,75.62000274658203,74.7699966430664,75.3499984741211,67.42808532714844,3591500
2018-06-13,75.41999816894531,75.5999984741211,74.45999908447266,74.58000183105469,66.73905181884766,2770000
2018-06-14,75.0199966430664,75.5,74.7300033569336,75.41000366210938,67.48179626464844,2573500
2018-06-15,75.31999969482422,75.58000183105469,74.66000366210938,75.22000122070312,67.31175231933594,3173000
2018-06-18,74.58000183105469,74.80000305175781,73.94999694824219,74.30000305175781,66.48849487304688,2410100
2018-06-19,73.66999816894531,74.19000244140625,73.51000213623047,74.16999816894531,66.37216186523438,2726900
2018-06-20,74.12000274658203,74.3499984741211,73.27999877929688,73.33000183105469,65.6204833984375,2371900
2018-06-21,73.55999755859375,74.52999877929688,73.37000274658203,73.73999786376953,65.98736572265625,2830400
2018-06-22,74.01000213623047,74.86000061035156,73.73999786376953,74.31999969482422,66.5063705444336,3249900
2018-06-25,74.05999755859375,74.12999725341797,73.0199966430664,73.58999633789062,65.85314178466797,3631800
2018-06-26,73.61000061035156,73.91000366210938,73.12000274658203,73.13999938964844,65.45045471191406,2148300
2018-06-27,73.44999694824219,73.88999938964844,72.55000305175781,72.55000305175781,64.92247009277344,2539700
2018-06-28,72.54000091552734,74.12999725341797,72.33000183105469,73.80000305175781,66.04106903076172,2835000
2018-06-29,73.81999969482422,74.69000244140625,73.77999877929688,73.83999633789062,66.07685089111328,2602700
2018-07-02,73.38999938964844,73.80000305175781,72.94000244140625,73.75,65.99630737304688,1391900
2018-07-03,73.69999694824219,73.79000091552734,72.91999816894531,73.06999969482422,65.38782501220703,1531800
2018-07-05,73.58999633789062,73.95999908447266,73.22000122070312,73.80000305175781,66.04106903076172,1595700
2018-07-06,73.87999725341797,74.56999969482422,73.77999877929688,74.37000274658203,66.5511245727539,1440100
2018-07-09,74.5999984741211,74.88999938964844,74.33000183105469,74.66999816894531,66.81959533691406,1564500
2018-07-10,74.95999908447266,75.12000274658203,74.41999816894531,74.62999725341797,66.7838134765625,2229700
2018-07-11,74.31999969482422,74.9000015258789,74.0999984741211,74.31999969482422,66.5063705444336,1296400
2018-07-12,74.76000213623047,75.04000091552734,74.2300033569336,74.77999877929688,66.91803741455078,1769700
2018-07-13,74.80000305175781,74.94000244140625,74.51000213623047,74.77999877929688,66.91803741455078,2088000
2018-07-16,74.25,74.29000091552734,73.58999633789062,74.01000213623047,66.22898864746094,2132800
2018-07-17,73.81999969482422,74.80999755859375,73.7300033569336,74.75,66.89118957519531,2701000
2018-07-18,74.80000305175781,74.8499984741211,74.31999969482422,74.69999694824219,66.846435546875,1746800
2018-07-19,74.5999984741211,74.9800033569336,74.27999877929688,74.73999786376953,66.88221740722656,1951100
2018-07-20,74.72000122070312,75.5999984741211,74.58999633789062,75.0,67.11491394042969,4220500
2018-07-23,75.0,75.33000183105469,74.6500015258789,74.94000244140625,67.06122589111328,2405600
2018-07-24,75.11000061035156,75.72000122070312,75.0199966430664,75.54000091552734,67.59813690185547,3279700
2018-07-25,75.3499984741211,76.51000213623047,75.3499984741211,76.51000213623047,68.4661636352539,2549500
2018-07-26,71.01000213623047,75.0,71.01000213623047,73.70999908447266,65.96054077148438,6801900
2018-07-27,73.27999877929688,73.70999908447266,71.27999877929688,71.70999908447266,64.17079162597656,6406600
2018-07-30,71.63999938964844,72.13999938964844,70.94999694824219,71.36000061035156,63.85758590698242,4136900
2018-07-31,71.77999877929688,72.70999908447266,71.62000274658203,72.44999694824219,64.83300018310547,4379800
2018-08-01,72.45999908447266,73.12999725341797,72.37000274658203,72.75,65.10145568847656,4001200
2018-08-02,72.44000244140625,72.58000183105469,71.5199966430664,72.23999786376953,64.64506530761719,2263100
2018-08-03,72.2699966430664,72.38999938964844,71.62999725341797,72.3499984741211,64.7435073852539,1749100
2018-08-06,72.25,72.72000122070312,72.13999938964844,72.5199966430664,64.89563751220703,1814200
2018-08-07,72.55999755859375,72.76000213623047,72.0999984741211,72.54000091552734,64.91352081298828,2810500
2018-08-08,72.43000030517578,73.08999633789062,72.41000366210938,72.66999816894531,65.02986145019531,3328600
2018-08-09,72.91999816894531,73.0,71.9800033569336,72.06999969482422,64.49293518066406,3638600
2018-08-10,71.94999694824219,71.94999694824219,71.19000244140625,71.5,63.98286819458008,2341600
2018-08-13,71.4000015258789,71.88999938964844,70.66999816894531,70.70999908447266,63.275936126708984,1936300
2018-08-14,70.68000030517578,71.27999877929688,70.6500015258789,70.70999908447266,63.275936126708984,2133600
2018-08-15,70.44000244140625,71.33999633789062,70.19000244140625,71.25,63.7591438293457,2811400
2018-08-16,71.7699966430664,71.94000244140625,71.20999908447266,71.58000183105469,64.05445861816406,2162300
2018-08-17,71.3499984741211,72.13999938964844,71.05000305175781,72.04000091552734,64.46610260009766,1898100
2018-08-20,72.08999633789062,72.44000244140625,71.95999908447266,72.19999694824219,64.6092758178711,1697300
2018-08-21,72.47000122070312,72.76000213623047,71.55000305175781,71.63999938964844,64.108154296875,5024700
2018-08-22,71.44999694824219,72.2699966430664,71.2300033569336,72.13999938964844,64.55558776855469,1783600
2018-08-23,72.19999694824219,72.33000183105469,71.8499984741211,71.9800033569336,64.41241455078125,2553600
2018-08-24,72.2300033569336,72.51000213623047,71.86000061035156,72.3499984741211,64.7435073852539,2232100
2018-08-27,72.5999984741211,73.19000244140625,72.51000213623047,72.9800033569336,65.30728912353516,2133700
2018-08-28,73.1500015258789,73.25,72.73999786376953,73.05999755859375,65.37885284423828,2728000
2018-08-29,73.30000305175781,74.08999633789062,73.04000091552734,73.95999908447266,66.18424224853516,2336300
2018-08-30,73.76000213623047,74.19000244140625,73.41999816894531,73.9000015258789,66.3008804321289,2982600
2018-08-31,73.68000030517578,74.44999694824219,73.6500015258789,74.37000274658203,66.7225570678711,2980300
2018-09-04,74.80000305175781,75.12999725341797,74.37999725341797,74.79000091552734,67.09935760498047,5077300
2018-09-05,74.58999633789062,74.75,73.66999816894531,74.06999969482422,66.45339965820312,4173800
2018-09-06,73.94999694824219,74.7300033569336,73.68000030517578,74.5199966430664,66.85710144042969,2367100
2018-09-07,74.37000274658203,74.83999633789062,74.01000213623047,74.58999633789062,66.919921875,2950700
2018-09-10,74.83999633789062,75.13999938964844,74.63999938964844,74.88999938964844,67.18907165527344,2404000
2018-09-11,74.81999969482422,76.12999725341797,74.73999786376953,75.87000274658203,68.06832122802734,2713000
2018-09-12,75.87000274658203,76.22000122070312,75.5199966430664,76.08000183105469,68.25669860839844,2351900
2018-09-13,76.22000122070312,77.22000122070312,76.19000244140625,77.12999725341797,69.19874572753906,2903500
2018-09-14,77.16999816894531,77.8499984741211,77.16999816894531,77.69000244140625,69.70114135742188,2305000
2018-09-17,77.44999694824219,77.5199966430664,76.94000244140625,77.04000091552734,69.11800384521484,2657200
2018-09-18,77.02999877929688,77.5,76.93000030517578,77.23999786376953,69.29741668701172,2228000
2018-09-19,77.4000015258789,77.80999755859375,77.30000305175781,77.63999938964844,69.65628051757812,3124800
2018-09-20,77.9000015258789,78.37999725341797,77.58999633789062,77.69000244140625,69.70114135742188,2293500
2018-09-21,77.8499984741211,77.91999816894531,77.31999969482422,77.37000274658203,69.4140625,4064300
2018-09-24,77.38999938964844,77.83999633789062,77.23999786376953,77.75,69.75496673583984,1575300
2018-09-25,77.8499984741211,77.95999908447266,77.25,77.45999908447266,69.49480438232422,1960400
2018-09-26,77.45999908447266,77.69000244140625,76.79000091552734,76.9000015258789,68.99239349365234,2964000
2018-09-27,77.0999984741211,77.12999725341797,76.55000305175781,76.5999984741211,68.72323608398438,2182000
2018-09-28,76.58000183105469,77.54000091552734,76.55000305175781,77.08999633789062,69.16285705566406,3484800
2018-10-01,77.5,78.2300033569336,77.33000183105469,77.80000305175781,69.79984283447266,2786400
2018-10-02,77.62999725341797,77.77999877929688,77.18000030517578,77.30000305175781,69.35125732421875,1788900
2018-10-03,77.38999938964844,77.5,75.68000030517578,75.91000366210938,68.10420227050781,3536800
2018-10-04,75.55999755859375,75.55999755859375,73.9000015258789,74.25,66.61487579345703,3137200
2018-10-05,74.25,74.69999694824219,73.55999755859375,74.18000030517578,66.55207824707031,2367800
2018-10-08,73.88999938964844,74.1500015258789,72.72000122070312,73.33000183105469,65.78949737548828,2903800
2018-10-09,73.01000213623047,73.52999877929688,72.70999908447266,72.9800033569336,65.47549438476562,3180100
2018-10-10,72.88999938964844,72.88999938964844,71.12000274658203,71.19000244140625,63.86953353881836,3101600
2018-10-11,70.91999816894531,71.69000244140625,69.5199966430664,70.16999816894531,62.95442581176758,4111500
2018-10-12,71.27999877929688,71.94000244140625,70.37000274658203,71.25,63.92337417602539,2340500
2018-10-15,71.19999694824219,71.5199966430664,70.44000244140625,70.87000274658203,63.582454681396484,2127200
2018-10-16,70.86000061035156,71.83999633789062,70.33000183105469,71.76000213623047,64.38092803955078,3099000
2018-10-17,71.43000030517578,72.54000091552734,71.0,72.44000244140625,64.99100494384766,3257200
2018-10-18,72.27999877929688,72.27999877929688,69.98999786376953,70.47000122070312,63.22357940673828,4250000
2018-10-19,70.6500015258789,70.91000366210938,69.19999694824219,69.45999908447266,62.317440032958984,3166500
2018-10-22,69.45999908447266,69.7300033569336,68.37999725341797,69.0199966430664,61.92267608642578,4823500
2018-10-23,67.79000091552734,69.04000091552734,67.04000091552734,68.7300033569336,61.66250991821289,3943000
2018-10-24,68.83000183105469,69.27999877929688,67.4000015258789,67.48999786376953,60.55000305175781,2822800
2018-10-25,67.69999694824219,68.38999938964844,66.91000366210938,67.83999633789062,60.8640251159668,2772800
2018-10-26,67.22000122070312,67.66999816894531,66.19000244140625,67.0999984741211,60.20012283325195,2447300
2018-10-29,68.1500015258789,68.43000030517578,66.20999908447266,67.04000091552734,60.14628982543945,3843500
2018-10-30,67.22000122070312,68.88999938964844,67.0,68.66000366210938,61.59968185424805,5427700
2018-10-31,62.79999923706055,64.08999633789062,61.04999923706055,62.5099983215332,56.08210754394531,14749300
2018-11-01,62.630001068115234,63.560001373291016,62.04999923706055,63.06999969482422,56.58451843261719,9031800
2018-11-02,63.709999084472656,64.4000015258789,61.65999984741211,62.18000030517578,55.786041259765625,4037000
2018-11-05,62.41999816894531,62.849998474121094,61.7599983215332,62.5,56.07313537597656,4806900
2018-11-06,62.220001220703125,63.470001220703125,62.040000915527344,63.43000030517578,56.907501220703125,3764600
2018-11-07,63.91999816894531,64.11000061035156,63.099998474121094,63.5,56.97030258178711,5380300
2018-11-08,63.2400016784668,64.0999984741211,63.209999084472656,63.869998931884766,57.3022575378418,3232300
2018-11-09,63.7599983215332,63.7599983215332,62.939998626708984,63.47999954223633,56.952362060546875,2345500
2018-11-12,63.439998626708984,63.439998626708984,61.4900016784668,61.560001373291016,55.22978973388672,4020300
2018-11-13,62.400001525878906,64.19000244140625,62.04999923706055,63.029998779296875,56.54863357543945,5074500
2018-11-14,63.36000061035156,64.19999694824219,62.72999954223633,63.83000183105469,57.26636505126953,5966300
2018-11-15,63.40999984741211,65.83999633789062,62.83000183105469,65.83000183105469,59.060707092285156,8750000
2018-11-16,65.45999908447266,66.91000366210938,65.4000015258789,66.51000213623047,59.67078399658203,7508000
2018-11-19,66.63999938964844,66.72000122070312,64.79000091552734,65.0199966430664,58.33399963378906,4066300
2018-11-20,64.62999725341797,64.91999816894531,63.75,64.18000030517578,57.58038330078125,4253700
2018-11-21,64.56999969482422,65.58000183105469,64.33000183105469,65.52999877929688,58.791561126708984,5319500
2018-11-23,64.95999908447266,65.54000091552734,64.91999816894531,65.47000122070312,58.73772430419922,1503900
2018-11-26,65.88999938964844,66.0999984741211,65.18000030517578,65.9800033569336,59.195289611816406,2990200
2018-11-27,65.68000030517578,65.97000122070312,65.1500015258789,65.95999908447266,59.17735290527344,4012400
2018-11-28,66.5,68.33999633789062,66.08999633789062,68.31999969482422,61.29466247558594,3562300
2018-11-29,67.95999908447266,68.51000213623047,67.79000091552734,68.0199966430664,61.02552032470703,3098700
2018-11-30,67.87000274658203,68.63999938964844,67.54000091552734,68.55000305175781,61.673282623291016,4091000
2018-12-03,68.93000030517578,69.37000274658203,68.43000030517578,69.19999694824219,62.258079528808594,5702100
2018-12-04,69.0999984741211,69.29000091552734,67.19999694824219,67.26000213623047,60.512691497802734,6602500
2018-12-06,66.3499984741211,66.86000061035156,64.95999908447266,66.79000091552734,60.089839935302734,4274100
2018-12-07,66.5199966430664,66.91000366210938,64.76000213623047,65.0199966430664,58.49740219116211,4614400
2018-12-10,64.98999786376953,65.69999694824219,63.970001220703125,65.4800033569336,58.91127014160156,4465100
2018-12-11,66.05999755859375,66.81999969482422,65.58000183105469,66.19000244140625,59.55003356933594,3499100
2018-12-12,66.97000122070312,67.75,66.94000244140625,67.0,60.278770446777344,3159600
2018-12-13,67.0199966430664,67.51000213623047,66.54000091552734,66.94999694824219,60.233787536621094,2796000
2018-12-14,66.27999877929688,66.45999908447266,65.30999755859375,65.69999694824219,59.10919189453125,2731100
2018-12-17,65.33999633789062,65.97000122070312,63.939998626708984,64.19000244140625,57.75065994262695,5682800
2018-12-18,64.83999633789062,65.56999969482422,64.2699966430664,65.11000061035156,58.578372955322266,4907500
2018-12-19,65.41000366210938,65.94999694824219,63.65999984741211,64.05000305175781,57.624717712402344,4905700
2018-12-20,64.06999969482422,64.29000091552734,62.25,62.68000030517578,56.392147064208984,4756000
2018-12-21,62.75,64.29000091552734,62.220001220703125,62.900001525878906,56.59007263183594,7910800
2018-12-24,62.47999954223633,62.54999923706055,61.400001525878906,61.45000076293945,55.2855339050293,3202700
2018-12-26,61.7400016784668,64.12999725341797,61.7400016784668,64.12999725341797,57.696685791015625,4321400
2018-12-27,63.4900016784668,65.62999725341797,63.33000183105469,65.55999755859375,58.98322677612305,4110700
2018-12-28,65.83999633789062,66.0,64.97000122070312,65.20999908447266,58.6683349609375,2881100
2018-12-31,65.58999633789062,66.2300033569336,65.22000122070312,65.81999969482422,59.217132568359375,2230900
2019-01-02,66.0,66.80999755859375,64.91000366210938,65.30000305175781,58.74931335449219,4816900
2019-01-03,65.0199966430664,65.43000030517578,64.12999725341797,64.4800033569336,58.01158142089844,4642400
2019-01-04,65.12999725341797,66.58999633789062,65.11000061035156,66.5,59.82892990112305,4759900
2019-01-07,66.20999908447266,67.08000183105469,66.0999984741211,66.16999816894531,59.532039642333984,4908000
2019-01-08,66.6500015258789,67.08999633789062,65.2699966430664,65.98999786376953,59.37009048461914,4764500
2019-01-09,66.3499984741211,67.68000030517578,66.25,67.12000274658203,60.386749267578125,3848100
2019-01-10,66.9000015258789,67.36000061035156,66.54000091552734,67.30999755859375,60.55768966674805,2668300
2019-01-11,66.9000015258789,67.04000091552734,66.44999694824219,66.80999755859375,60.10783386230469,2490100
2019-01-14,66.31999969482422,66.47000122070312,66.04000091552734,66.12000274658203,59.487060546875,4054100
2019-01-15,66.62999725341797,67.62999725341797,66.18000030517578,67.54000091552734,60.76459503173828,3893400
2019-01-16,67.4000015258789,68.41000366210938,67.4000015258789,68.26000213623047,61.41238784790039,4253100
2019-01-17,68.20999908447266,69.38999938964844,68.1500015258789,69.12000274658203,62.186100006103516,6282400
2019-01-18,69.56999969482422,70.81999969482422,69.12000274658203,70.62999725341797,63.544620513916016,3396600
2019-01-22,70.05000305175781,70.41999816894531,69.2300033569336,69.66000366210938,62.67193603515625,4291000
2019-01-23,69.62999725341797,69.98999786376953,68.69000244140625,69.63999938964844,62.653926849365234,3209800
2019-01-24,69.69999694824219,70.12999725341797,69.37999725341797,69.94999694824219,62.93282699584961,2613400
2019-01-25,70.1500015258789,70.58000183105469,70.13999938964844,70.33000183105469,63.27471923828125,1962300
2019-01-28,69.93000030517578,70.41999816894531,69.86000061035156,70.16999816894531,63.13077163696289,2213500
2019-01-29,70.30999755859375,70.5999984741211,69.91999816894531,70.25,63.2027473449707,2427300
2019-01-30,70.55999755859375,71.97000122070312,70.30999755859375,71.72000122070312,64.52528381347656,4267200
2019-01-31,70.94999694824219,73.02999877929688,70.0,72.48999786376953,65.21803283691406,5555800
2019-02-01,73.75,73.75,72.05000305175781,72.12999725341797,64.8941421508789,3831600
2019-02-04,72.27999877929688,72.68000030517578,71.80000305175781,72.56999969482422,65.2900161743164,2601400
2019-02-05,72.5199966430664,72.69999694824219,72.0,72.05000305175781,64.82218170166016,2676800
2019-02-06,71.80999755859375,72.30999755859375,71.69999694824219,71.7699966430664,64.57025909423828,2052000
2019-02-07,71.41999816894531,71.66000366210938,70.66999816894531,71.11000061035156,63.976463317871094,2204700
2019-02-08,70.83999633789062,71.51000213623047,70.56999969482422,71.5,64.32736206054688,2571100
2019-02-11,71.73999786376953,72.04000091552734,71.5999984741211,71.7300033569336,64.53427124023438,1760800
2019-02-12,72.06999969482422,72.55000305175781,71.93000030517578,72.4800033569336,65.20905303955078,3458700
2019-02-13,72.68000030517578,72.95999908447266,72.30999755859375,72.66999816894531,65.3800048828125,2421100
2019-02-14,72.5,72.95999908447266,72.37999725341797,72.44000244140625,65.17304992675781,2200700
2019-02-15,73.01000213623047,73.5199966430664,72.91000366210938,73.43000030517578,66.06372833251953,2372300
2019-02-19,73.16999816894531,73.7300033569336,73.16999816894531,73.47000122070312,66.0997314453125,1999500
2019-02-20,73.5,74.22000122070312,73.25,74.12999725341797,66.69352722167969,2816700
2019-02-21,74.04000091552734,74.38999938964844,73.80999755859375,74.02999877929688,66.60354614257812,2388300
2019-02-22,74.1500015258789,74.83000183105469,74.1500015258789,74.68000030517578,67.1883544921875,2136500
2019-02-25,74.97000122070312,75.7300033569336,74.7699966430664,74.79000091552734,67.28731536865234,3457200
2019-02-26,74.70999908447266,75.0199966430664,74.44000244140625,74.91000366210938,67.39527130126953,3350500
2019-02-27,74.55000305175781,75.63999938964844,74.55000305175781,75.06999969482422,67.5392074584961,2997900
2019-02-28,74.72000122070312,75.0,74.0,74.7300033569336,67.4039306640625,3375100
2019-03-01,75.16000366210938,76.0999984741211,75.11000061035156,75.83999633789062,68.40512084960938,2420500
2019-03-04,76.18000030517578,76.25,74.70999908447266,75.47000122070312,68.07139587402344,3723900
2019-03-05,75.37999725341797,75.87000274658203,75.16000366210938,75.70999908447266,68.28787231445312,2162600
2019-03-06,75.88999938964844,75.9800033569336,74.44999694824219,74.7300033569336,67.4039306640625,2382200
2019-03-07,74.68000030517578,74.95999908447266,74.38999938964844,74.72000122070312,67.3949203491211,2916900
2019-03-08,74.33000183105469,74.58000183105469,73.4000015258789,74.12999725341797,66.86274719238281,2818400
2019-03-11,74.54000091552734,75.13999938964844,74.38999938964844,75.12000274658203,67.75569152832031,2015800
2019-03-12,75.3499984741211,75.70999908447266,75.0199966430664,75.68000030517578,68.26080322265625,3579400
2019-03-13,75.91999816894531,76.66000366210938,75.63999938964844,76.37999725341797,68.89215850830078,2485500
2019-03-14,76.27999877929688,76.58999633789062,75.66000366210938,76.51000213623047,69.00942993164062,1993200
2019-03-15,76.29000091552734,77.12999725341797,76.29000091552734,76.94000244140625,69.39727020263672,5042400
2019-03-18,77.13999938964844,77.13999938964844,76.5,76.94999694824219,69.40629577636719,1862200
2019-03-19,77.1500015258789,77.73999786376953,76.80000305175781,77.58999633789062,69.9835433959961,2064000
2019-03-20,77.68000030517578,77.73999786376953,76.87000274658203,77.18000030517578,69.6137466430664,2728800
2019-03-21,76.91000366210938,78.45999908447266,76.91000366210938,78.44999694824219,70.75923156738281,2115000
2019-03-22,78.0999984741211,78.5199966430664,77.16999816894531,77.23999786376953,69.6678466796875,3152200
2019-03-25,77.2699966430664,78.05000305175781,77.11000061035156,77.62999725341797,70.01963806152344,2050900
2019-03-26,78.16999816894531,78.94999694824219,77.94000244140625,78.80000305175781,71.07493591308594,3571500
2019-03-27,78.7300033569336,79.3499984741211,78.05999755859375,79.08999633789062,71.33650970458984,4062700
2019-03-28,79.29000091552734,79.8499984741211,78.9000015258789,79.69000244140625,71.87767028808594,3170100
2019-03-29,80.0,81.41999816894531,79.98999786376953,81.30999755859375,73.3388442993164,4078700
2019-04-01,81.88999938964844,82.25,80.9800033569336,81.7699966430664,73.7537612915039,3661300
2019-04-02,81.8499984741211,81.8499984741211,80.87000274658203,81.54000091552734,73.54631042480469,2412200
2019-04-03,81.87000274658203,81.94999694824219,80.5999984741211,80.87000274658203,72.94200134277344,4269700
2019-04-04,80.58000183105469,80.83000183105469,80.05000305175781,80.55000305175781,72.65335845947266,2246700
2019-04-05,80.5199966430664,80.94999694824219,80.08999633789062,80.66999816894531,72.76158142089844,2061900
2019-04-08,79.80000305175781,80.22000122070312,79.0,79.66000366210938,71.85063934326172,3637800
2019-04-09,79.47000122070312,80.5199966430664,79.41999816894531,80.06999969482422,72.2204360961914,1966600
2019-04-10,80.01000213623047,80.55999755859375,79.95999908447266,80.16000366210938,72.30160522460938,1807300
2019-04-11,80.44999694824219,80.44999694824219,79.31999969482422,79.83000183105469,72.00395965576172,1909600
2019-04-12,80.0199966430664,80.12000274658203,79.05000305175781,79.31999969482422,71.54393768310547,2226200
2019-04-15,79.58000183105469,79.94999694824219,79.22000122070312,79.61000061035156,71.80553436279297,1846300
2019-04-16,80.0,80.26000213623047,77.41999816894531,77.62000274658203,70.0106201171875,2384400
2019-04-17,77.68000030517578,77.69000244140625,73.9800033569336,74.38999938964844,67.0972671508789,5641700
2019-04-18,74.58999633789062,74.86000061035156,73.37999725341797,74.33000183105469,67.04315948486328,4054400
2019-04-22,74.08000183105469,75.54000091552734,74.02999877929688,75.25,67.87296295166016,3086400
2019-04-23,75.69000244140625,76.87000274658203,75.31999969482422,76.33999633789062,68.8561019897461,3411800
2019-04-24,76.18000030517578,77.01000213623047,75.9800033569336,76.27999877929688,68.80197143554688,4393700
2019-04-25,74.93000030517578,76.41999816894531,74.05000305175781,76.25,68.77490234375,6132900
2019-04-26,76.16000366210938,76.44999694824219,74.86000061035156,76.18000030517578,68.7117919921875,2408000
2019-04-29,76.18000030517578,76.18000030517578,74.97000122070312,75.51000213623047,68.10746002197266,2390300
2019-04-30,75.69999694824219,76.44999694824219,75.2300033569336,76.30000305175781,68.82002258300781,2877900
2019-05-01,76.19999694824219,76.29000091552734,75.20999908447266,75.44999694824219,68.0533218383789,1782800
2019-05-02,75.51000213623047,76.7699966430664,75.38999938964844,76.29000091552734,68.81099700927734,2453300
2019-05-03,76.76000213623047,77.58000183105469,76.62999725341797,77.30000305175781,69.72197723388672,2539200
2019-05-06,76.06999969482422,77.52999877929688,75.79000091552734,77.31999969482422,69.74002075195312,2489500
2019-05-07,76.80999755859375,77.29000091552734,76.0,76.69000244140625,69.17178344726562,2403500
2019-05-08,76.72000122070312,77.08000183105469,76.23999786376953,76.69000244140625,69.17178344726562,1637900
2019-05-09,75.87000274658203,76.23999786376953,75.01000213623047,76.0,68.5494155883789,2376400
2019-05-10,75.66000366210938,76.30999755859375,74.04000091552734,75.94000244140625,68.49532318115234,3406700
2019-05-13,75.22000122070312,75.9000015258789,74.94999694824219,75.44000244140625,68.04431915283203,1930900
2019-05-14,75.68000030517578,76.47000122070312,75.5,75.87999725341797,68.44120025634766,2315100
2019-05-15,75.51000213623047,76.11000061035156,75.05999755859375,75.94000244140625,68.49532318115234,2511800
2019-05-16,76.02999877929688,77.20999908447266,75.9000015258789,76.9000015258789,69.3611831665039,2544600
2019-05-17,76.18000030517578,77.1500015258789,75.81999969482422,75.9800033569336,68.5313949584961,2349100
2019-05-20,75.72000122070312,75.97000122070312,74.91999816894531,75.31999969482422,67.93609619140625,2281400
2019-05-21,75.77999877929688,76.16999816894531,75.19000244140625,75.30000305175781,67.9180679321289,2649300
2019-05-22,75.1500015258789,75.79000091552734,74.97000122070312,75.56999969482422,68.16156768798828,2429100
2019-05-23,75.3499984741211,75.5199966430664,74.5,75.02999877929688,67.67451477050781,1480800
2019-05-24,75.20999908447266,75.54000091552734,74.88999938964844,75.0999984741211,67.73766326904297,1641900
2019-05-28,75.18000030517578,75.8499984741211,74.0,74.18000030517578,66.90784454345703,2609400
2019-05-29,74.0,74.19999694824219,73.37999725341797,73.83999633789062,66.60116577148438,1437200
2019-05-30,74.05000305175781,74.66999816894531,73.87999725341797,74.37000274658203,67.07923889160156,2104100
2019-05-31,73.06999969482422,73.80999755859375,72.41999816894531,73.44000244140625,66.24038696289062,2825500
2019-06-03,73.66999816894531,74.72000122070312,73.44999694824219,73.95999908447266,66.70941162109375,3111900
2019-06-04,74.77999877929688,76.45999908447266,74.33000183105469,76.20999908447266,68.73883819580078,3890500
2019-06-05,76.75,77.5999984741211,76.55999755859375,76.98999786376953,69.4423599243164,3195700
2019-06-06,76.7699966430664,77.37000274658203,76.41000366210938,76.8499984741211,69.51473999023438,2378900
2019-06-07,77.36000061035156,78.12999725341797,77.29000091552734,77.58000183105469,70.17505645751953,2441500
2019-06-10,78.05999755859375,78.44000244140625,77.87000274658203,78.16999816894531,70.70873260498047,1386000
2019-06-11,78.5,78.77999877929688,76.93000030517578,77.6500015258789,70.23838806152344,1594200
2019-06-12,77.7300033569336,78.25,77.58999633789062,77.97000122070312,70.52783203125,1721900
2019-06-13,78.20999908447266,78.27999877929688,77.5,78.20999908447266,70.74493408203125,1833000
2019-06-14,78.45999908447266,78.91999816894531,77.80000305175781,77.93000030517578,70.49166107177734,1580700
2019-06-17,77.94000244140625,79.04000091552734,77.8499984741211,78.8499984741211,71.32383728027344,2010900
2019-06-18,79.61000061035156,80.62999725341797,79.12999725341797,80.55999755859375,72.87061309814453,3411800
2019-06-19,80.45999908447266,81.41000366210938,79.94000244140625,81.30999755859375,73.54903411865234,2108100
2019-06-20,81.94999694824219,82.80000305175781,81.3499984741211,82.04000091552734,74.20935821533203,2845500
2019-06-21,82.16999816894531,82.72000122070312,81.20999908447266,82.41000366210938,74.5440444946289,3514300
2019-06-24,82.47000122070312,82.63999938964844,81.87999725341797,82.2699966430664,74.41741180419922,1617800
2019-06-25,82.0,82.66000366210938,81.66999816894531,81.7300033569336,73.92892456054688,1900800
2019-06-26,81.63999938964844,81.94000244140625,79.41999816894531,80.62000274658203,72.92487335205078,2373100
2019-06-27,81.0,81.86000061035156,80.97000122070312,81.66999816894531,73.8746566772461,1629300
2019-06-28,81.98999786376953,82.02999877929688,81.36000061035156,81.9000015258789,74.08271789550781,5095100
2019-07-01,82.73999786376953,82.7699966430664,81.0999984741211,81.43000030517578,73.65757751464844,2254100
2019-07-02,81.66999816894531,81.73999786376953,80.83000183105469,81.70999908447266,73.91085052490234,1826700
2019-07-03,82.0999984741211,82.48999786376953,81.61000061035156,82.06999969482422,74.23646545410156,1072900
2019-07-05,81.62000274658203,82.13999938964844,81.30000305175781,82.01000213623047,74.18220520019531,1296800
2019-07-08,81.8499984741211,81.98999786376953,81.19000244140625,81.58000183105469,73.79326629638672,1807000
2019-07-09,81.44999694824219,82.5,81.13999938964844,81.4000015258789,73.63044738769531,1835200
2019-07-10,81.66000366210938,82.70999908447266,81.47000122070312,82.12000274658203,74.28170776367188,2758600
2019-07-11,82.5999984741211,82.8499984741211,81.66000366210938,82.52999877929688,74.65257263183594,1988300
2019-07-12,82.4800033569336,82.62999725341797,81.30000305175781,81.6500015258789,73.85657501220703,1147500
2019-07-15,81.77999877929688,82.18000030517578,81.26000213623047,82.01000213623047,74.18220520019531,1732800
2019-07-16,82.18000030517578,82.76000213623047,81.80999755859375,82.06999969482422,74.23646545410156,2092600
2019-07-17,82.5,82.7300033569336,81.86000061035156,82.6500015258789,74.76111602783203,2427700
2019-07-18,82.5,83.93000030517578,82.33000183105469,83.08000183105469,75.15009307861328,3647900
2019-07-19,83.41000366210938,83.79000091552734,82.56999969482422,83.0999984741211,75.16816711425781,2838700
2019-07-22,83.31999969482422,83.38999938964844,82.52999877929688,82.69000244140625,74.79730987548828,1633600
2019-07-23,82.83999633789062,83.55999755859375,82.55999755859375,83.30000305175781,75.34906768798828,1741400
2019-07-24,83.55000305175781,84.08000183105469,83.0999984741211,83.93000030517578,75.91896057128906,2843600
2019-07-25,85.16000366210938,86.12000274658203,83.80999755859375,85.16000366210938,77.03154754638672,4909900
2019-07-26,85.79000091552734,86.6500015258789,84.08999633789062,85.1500015258789,77.02249908447266,2545100
2019-07-29,85.19999694824219,86.0199966430664,85.16000366210938,85.97000122070312,77.76424407958984,1987900
2019-07-30,85.45999908447266,86.27999877929688,85.33000183105469,86.16000366210938,77.93608856201172,2028600
2019-07-31,85.88999938964844,86.0999984741211,83.29000091552734,83.97000122070312,75.95513153076172,2768800
2019-08-01,84.20999908447266,86.1500015258789,84.12999725341797,85.08000183105469,76.95918273925781,2164600
2019-08-02,84.7699966430664,85.44000244140625,83.7699966430664,84.69999694824219,76.61547088623047,1573800
2019-08-05,83.69000244140625,84.0,81.20999908447266,81.91000366210938,74.09176635742188,2305000
2019-08-06,82.37999725341797,83.43000030517578,81.66000366210938,83.41000366210938,75.44859313964844,1781700
2019-08-07,82.58999633789062,83.94000244140625,81.58999633789062,83.81999969482422,75.81947326660156,1689100
2019-08-08,83.7699966430664,85.80000305175781,83.63999938964844,85.73999786376953,77.55618286132812,2310800
2019-08-09,85.75,86.68000030517578,85.4800033569336,85.97000122070312,77.76424407958984,2132800
2019-08-12,85.87999725341797,86.80999755859375,85.38999938964844,85.5999984741211,77.42955017089844,2115400
2019-08-13,86.0,88.27999877929688,85.79000091552734,88.18000030517578,79.76329803466797,3379000
2019-08-14,87.01000213623047,87.3499984741211,85.77999877929688,85.83999633789062,77.64665222167969,2448700
2019-08-15,86.13999938964844,87.06999969482422,85.44999694824219,85.77999877929688,77.59239196777344,2720400
2019-08-16,86.30999755859375,87.41000366210938,86.0999984741211,86.97000122070312,78.6688003540039,1583100
2019-08-19,87.70999908447266,88.2300033569336,87.30999755859375,87.87000274658203,79.4828872680664,1339200
2019-08-20,88.18000030517578,88.4800033569336,86.93000030517578,86.97000122070312,78.6688003540039,1665600
2019-08-21,87.4000015258789,87.80999755859375,87.13999938964844,87.30999755859375,78.97633361816406,1405200
2019-08-22,87.33999633789062,87.79000091552734,86.63999938964844,87.20999908447266,78.88589477539062,1485400
2019-08-23,87.25,87.33999633789062,84.62000274658203,85.02999877929688,76.91395568847656,1809000
2019-08-26,85.77999877929688,86.0199966430664,84.98999786376953,85.7699966430664,77.58332824707031,1918800
2019-08-27,86.0199966430664,87.05000305175781,85.76000213623047,86.38999938964844,78.1441421508789,1891900
2019-08-28,86.08000183105469,87.26000213623047,86.0199966430664,86.93000030517578,78.63262176513672,1285400
2019-08-29,87.44999694824219,87.72000122070312,86.45999908447266,87.5,79.3489990234375,1163400
2019-08-30,88.0199966430664,88.20999908447266,87.33000183105469,87.94999694824219,79.75708770751953,3789700
2019-09-03,87.62000274658203,88.0,86.97000122070312,87.77999877929688,79.60293579101562,3392400
2019-09-04,88.38999938964844,88.41000366210938,87.0,87.5,79.3489990234375,1653000
2019-09-05,88.12000274658203,88.33000183105469,87.41999816894531,87.91000366210938,79.7208251953125,1930800
2019-09-06,88.5,89.93000030517578,88.2300033569336,89.77999877929688,81.4166259765625,2994600
2019-09-09,89.66000366210938,89.80999755859375,87.04000091552734,87.19999694824219,79.07696533203125,2838000
2019-09-10,86.76000213623047,87.2300033569336,84.45999908447266,85.91000366210938,77.9071273803711,3847500
2019-09-11,85.72000122070312,87.69999694824219,85.72000122070312,86.70999908447266,78.63262176513672,2585300
2019-09-12,87.30000305175781,88.22000122070312,87.0999984741211,87.81999969482422,79.63920593261719,1948500
2019-09-13,87.76000213623047,88.22000122070312,86.76000213623047,86.93000030517578,78.83209991455078,1869200
2019-09-16,86.55999755859375,87.72000122070312,86.55000305175781,86.91999816894531,78.82303619384766,1765500
2019-09-17,87.22000122070312,88.2300033569336,86.51000213623047,87.56999969482422,79.41249084472656,1960200
2019-09-18,87.69000244140625,88.20999908447266,86.79000091552734,87.44000244140625,79.29460144042969,1807200
2019-09-19,87.37999725341797,88.18000030517578,87.13999938964844,87.45999908447266,79.31273651123047,1683400
2019-09-20,87.69999694824219,88.41000366210938,87.0999984741211,87.4000015258789,79.25831604003906,10427500
2019-09-23,87.37999725341797,87.55999755859375,86.5999984741211,86.83999633789062,78.75049591064453,3625100
2019-09-24,87.0,87.68000030517578,85.95999908447266,86.44999694824219,78.39680480957031,2675300
2019-09-25,86.3499984741211,86.9000015258789,86.25,86.80000305175781,78.71422576904297,1883300
2019-09-26,87.36000061035156,87.97000122070312,87.11000061035156,87.7300033569336,79.55758666992188,2657800
2019-09-27,87.91999816894531,87.91999816894531,85.70999908447266,85.93000030517578,77.9252700805664,2169800
2019-09-30,86.1500015258789,87.88999938964844,86.08999633789062,87.47000122070312,79.32181549072266,2801100
2019-10-01,87.63999938964844,87.94000244140625,85.81999969482422,85.91000366210938,77.9071273803711,1991500
2019-10-02,85.5199966430664,85.76000213623047,83.76000213623047,84.2300033569336,76.38362884521484,2129100
2019-10-03,84.0,85.54000091552734,83.4800033569336,85.23999786376953,77.29954528808594,3113100
2019-10-04,85.81999969482422,86.68000030517578,85.48999786376953,86.63999938964844,78.5691146850586,1319300
2019-10-07,86.2300033569336,86.5,85.76000213623047,85.79000091552734,77.79830169677734,1205200
2019-10-08,85.31999969482422,86.0,84.68000030517578,85.01000213623047,77.09095001220703,2497900
2019-10-09,85.79000091552734,87.18000030517578,85.79000091552734,86.9000015258789,78.80491638183594,2214200
2019-10-10,86.37000274658203,87.98999786376953,86.37000274658203,87.61000061035156,79.44876098632812,2691400
2019-10-11,88.5,89.0,87.87999725341797,88.02999877929688,79.82964324951172,2283400
2019-10-14,88.0,88.30999755859375,87.12999725341797,87.19999694824219,79.07696533203125,1632100
2019-10-15,87.66999816894531,87.95999908447266,87.0199966430664,87.73999786376953,79.56664276123047,1350200
2019-10-16,87.25,88.05999755859375,86.37000274658203,87.0199966430664,78.9137191772461,2301700
2019-10-17,87.5,88.1500015258789,87.16999816894531,87.8499984741211,79.6664047241211,1529200
2019-10-18,87.62999725341797,88.2699966430664,87.5,87.98999786376953,79.79337310791016,1769400
2019-10-21,88.4800033569336,89.0999984741211,88.36000061035156,88.44999694824219,80.21051025390625,1694200
2019-10-22,88.58000183105469,88.70999908447266,86.98999786376953,87.04000091552734,78.9318618774414,1475400
2019-10-23,87.29000091552734,88.33999633789062,87.29000091552734,87.94999694824219,79.75708770751953,2784800
2019-10-24,79.5,82.16999816894531,77.02999877929688,79.08000183105469,71.71336364746094,12806500
2019-10-25,77.13999938964844,77.97000122070312,75.66999816894531,77.27999877929688,70.08104705810547,9896900
2019-10-28,77.3499984741211,78.91999816894531,77.01000213623047,77.8499984741211,70.59794616699219,3658800
2019-10-29,77.76000213623047,78.31999969482422,77.05999755859375,77.86000061035156,70.60702514648438,2965900
2019-10-30,77.93000030517578,77.9800033569336,76.2300033569336,76.87999725341797,69.71830749511719,5089500
2019-10-31,76.87000274658203,77.04000091552734,76.41999816894531,76.69999694824219,69.55506896972656,4535700
2019-11-01,77.12000274658203,78.38999938964844,77.04000091552734,77.91000366210938,70.65235137939453,5046700
2019-11-04,78.20999908447266,78.48999786376953,77.12999725341797,77.83000183105469,70.57981872558594,3026000
2019-11-05,78.04000091552734,78.04000091552734,77.11000061035156,77.4800033569336,70.26242065429688,2638000
2019-11-06,77.55999755859375,78.62999725341797,77.31999969482422,78.37000274658203,71.06951141357422,3214900
2019-11-07,77.94999694824219,78.30999755859375,77.5,78.0,70.73397827148438,3535500
2019-11-08,77.77999877929688,78.66999816894531,77.68000030517578,78.51000213623047,71.19647979736328,3037500
2019-11-11,78.31999969482422,79.3499984741211,78.19999694824219,78.86000061035156,71.51387786865234,3040500
2019-11-12,79.2300033569336,80.8499984741211,79.0,80.0999984741211,72.63835906982422,4688100
2019-11-13,80.80000305175781,81.12999725341797,80.12999725341797,80.87999725341797,73.34571075439453,3788300
2019-11-14,80.72000122070312,81.01000213623047,80.43000030517578,80.73999786376953,73.21873474121094,1995300
2019-11-15,80.54000091552734,81.51000213623047,80.54000091552734,81.44000244140625,73.85352325439453,2030400
2019-11-18,81.23999786376953,81.87999725341797,80.8499984741211,81.12000274658203,73.56333923339844,2556100
2019-11-19,81.20999908447266,81.93000030517578,80.73999786376953,81.66999816894531,74.06211853027344,2310700
2019-11-20,81.45999908447266,82.23999786376953,81.3499984741211,82.0,74.3613510131836,3250900
2019-11-21,81.8499984741211,82.43000030517578,81.33000183105469,82.25,74.58808898925781,2243900
2019-11-22,82.02999877929688,82.25,81.63999938964844,82.0199966430664,74.37950134277344,3072500
2019-11-25,82.54000091552734,82.73999786376953,81.87000274658203,82.04000091552734,74.39763641357422,2271100
2019-11-26,82.1500015258789,82.83000183105469,81.83000183105469,82.01000213623047,74.37044525146484,3778900
2019-11-27,81.91000366210938,82.62000274658203,81.75,82.45999908447266,74.77852630615234,1374800
2019-11-29,82.20999908447266,82.87000274658203,81.9000015258789,81.97000122070312,74.33415985107422,854300
2019-12-02,82.0999984741211,82.41999816894531,81.1500015258789,81.86000061035156,74.23440551757812,1929500
2019-12-03,81.30000305175781,81.61000061035156,80.5199966430664,81.01000213623047,73.46359252929688,1657600
2019-12-04,81.18000030517578,82.61000061035156,81.18000030517578,82.43000030517578,74.75130462646484,1928100
2019-12-05,82.23999786376953,82.66999816894531,81.63999938964844,82.4800033569336,74.996826171875,1454700
2019-12-06,82.80999755859375,83.52999877929688,82.7699966430664,83.16999816894531,75.62419891357422,2005500
2019-12-09,83.12999725341797,83.12999725341797,81.4000015258789,81.55000305175781,74.15119171142578,2988400
2019-12-10,80.81999969482422,82.51000213623047,80.62999725341797,82.29000091552734,74.82405090332031,3200500
2019-12-11,82.44999694824219,83.12999725341797,82.05999755859375,83.01000213623047,75.47872161865234,2939200
2019-12-12,83.1500015258789,83.80999755859375,82.73999786376953,83.51000213623047,75.93336486816406,2319600
2019-12-13,83.63999938964844,84.04000091552734,83.18000030517578,83.95999908447266,76.342529296875,1836600
2019-12-16,84.5199966430664,84.69000244140625,83.68000030517578,83.86000061035156,76.25161743164062,2870200
2019-12-17,82.68000030517578,83.2699966430664,81.27999877929688,83.25,75.69693756103516,3486000
2019-12-18,83.33000183105469,83.76000213623047,82.98999786376953,83.66000366210938,76.06974029541016,3911300
2019-12-19,83.61000061035156,83.68000030517578,82.0999984741211,82.22000122070312,74.76038360595703,2814900
2019-12-20,82.5,82.97000122070312,82.25,82.48999786376953,75.00588989257812,3904900
2019-12-23,82.79000091552734,84.66000366210938,82.5,84.5199966430664,76.85171508789062,2201600
2019-12-24,84.5199966430664,84.77999877929688,84.1500015258789,84.69000244140625,77.00630187988281,628600
2019-12-26,84.8499984741211,84.91000366210938,83.86000061035156,84.33000183105469,76.678955078125,838600
2019-12-27,84.56999969482422,84.56999969482422,83.93000030517578,84.05000305175781,76.42436981201172,798100
2019-12-30,84.0999984741211,84.22000122070312,83.06999969482422,83.43000030517578,75.86062622070312,866300
2019-12-31,83.37999725341797,83.66000366210938,83.1500015258789,83.62000274658203,76.03337860107422,1292700
2020-01-02,85.0,85.87000274658203,84.18000030517578,85.87000274658203,78.07923889160156,2957800
2020-01-03,84.4800033569336,85.76000213623047,84.38999938964844,85.5,77.74280548095703,1871700
2020-01-06,85.30000305175781,85.58999633789062,84.1500015258789,85.29000091552734,77.5518569946289,3500000
2020-01-07,84.70999908447266,85.93000030517578,84.69999694824219,85.48999786376953,77.73371887207031,4803200
2020-01-08,85.61000061035156,86.98999786376953,85.54000091552734,86.7300033569336,78.8612060546875,3576600
2020-01-09,86.61000061035156,87.08000183105469,85.86000061035156,86.54000091552734,78.6884536743164,2098900
2020-01-10,86.97000122070312,87.05000305175781,85.6500015258789,85.9000015258789,78.10651397705078,3118900
2020-01-13,87.47000122070312,90.30000305175781,87.0999984741211,89.37000274658203,81.26168823242188,5007700
2020-01-14,88.76000213623047,89.2699966430664,87.88999938964844,89.20999908447266,81.11621856689453,3836300
2020-01-15,89.19999694824219,89.94999694824219,88.69000244140625,89.55999755859375,81.43446350097656,2561000
2020-01-16,90.0,90.0,89.31999969482422,89.98999786376953,81.8254623413086,2243900
2020-01-17,89.83999633789062,89.93000030517578,89.20999908447266,89.7300033569336,81.58901977539062,4474900
2020-01-21,89.5199966430664,91.87000274658203,89.30999755859375,91.06999969482422,82.80745697021484,4284900
2020-01-22,91.61000061035156,91.86000061035156,90.58000183105469,91.16000366210938,82.88931274414062,2815400
2020-01-23,91.02999877929688,91.43000030517578,90.52999877929688,91.0999984741211,82.83473205566406,2129400
2020-01-24,91.23999786376953,91.47000122070312,90.51000213623047,90.77999877929688,82.54375457763672,1610800
2020-01-27,89.68000030517578,90.95999908447266,89.12000274658203,90.52999877929688,82.31645202636719,2222400
2020-01-28,90.69999694824219,90.94000244140625,90.26000213623047,90.55000305175781,82.33464050292969,1952200
2020-01-29,90.70999908447266,91.16999816894531,90.4800033569336,90.5,82.28917694091797,1548200
2020-01-30,89.8499984741211,90.69999694824219,89.2699966430664,90.63999938964844,82.41645812988281,1608500
2020-01-31,90.27999877929688,90.31999969482422,89.05000305175781,89.22000122070312,81.12531280517578,1796500
2020-02-03,89.9800033569336,90.63999938964844,89.6500015258789,89.69000244140625,81.55267333984375,1498500
2020-02-04,90.66000366210938,91.62000274658203,90.06999969482422,90.87000274658203,82.62561798095703,2213300
2020-02-05,91.33000183105469,91.6500015258789,90.44999694824219,91.30999755859375,83.02567291259766,3185000
2020-02-06,93.9000015258789,95.0,92.75,93.30000305175781,84.83515167236328,3888400
2020-02-07,92.70999908447266,92.95999908447266,91.18000030517578,91.25,82.97114562988281,2306000
2020-02-10,90.69999694824219,91.38999938964844,90.25,91.27999877929688,82.99840545654297,2597700
2020-02-11,91.83000183105469,92.30000305175781,91.41999816894531,91.8499984741211,83.51667785644531,1706500
2020-02-12,91.86000061035156,92.19000244140625,91.11000061035156,91.43000030517578,83.13481140136719,1590900
2020-02-13,91.36000061035156,92.88999938964844,90.98999786376953,92.56999969482422,84.17138671875,2146100
2020-02-14,92.9000015258789,93.43000030517578,91.9000015258789,93.13999938964844,84.68964385986328,1740200
2020-02-18,92.58999633789062,92.6500015258789,91.04000091552734,92.22000122070312,83.85311889648438,1820600
2020-02-19,92.36000061035156,93.56999969482422,92.20999908447266,93.16000366210938,84.70784759521484,1616300
2020-02-20,93.0999984741211,93.5,92.41000366210938,93.05999755859375,84.6169204711914,1778200
2020-02-21,92.66999816894531,93.16000366210938,92.23999786376953,92.66999816894531,84.26229858398438,1529500
2020-02-24,90.7699966430664,91.33000183105469,89.19000244140625,89.52999877929688,81.40718078613281,2380600
2020-02-25,89.81999969482422,90.2300033569336,86.19999694824219,86.98999786376953,79.09761047363281,2620400
2020-02-26,87.79000091552734,88.69999694824219,86.87999725341797,87.02999877929688,79.13397979736328,3126900
2020-02-27,85.25,87.0199966430664,84.2300033569336,84.2699966430664,76.8185806274414,3004200
2020-02-28,81.80999755859375,83.58999633789062,80.58999633789062,83.47000122070312,76.0893325805664,4659600
2020-03-02,83.37000274658203,87.2300033569336,82.9000015258789,87.18000030517578,79.47129821777344,3370100
2020-03-03,86.91999816894531,88.9800033569336,84.55999755859375,85.91000366210938,78.31358337402344,3240700
2020-03-04,87.26000213623047,91.13999938964844,87.08999633789062,91.05999755859375,83.00819396972656,4342500
2020-03-05,89.04000091552734,89.94000244140625,86.41999816894531,87.6500015258789,79.89972686767578,3821800
2020-03-06,85.08999633789062,86.19000244140625,82.94999694824219,85.37999725341797,77.8304672241211,3442800
2020-03-09,80.6500015258789,81.7300033569336,78.0999984741211,78.4000015258789,71.46764373779297,4109100
2020-03-10,80.51000213623047,83.30999755859375,78.7300033569336,82.9800033569336,75.64266967773438,3490500
2020-03-11,80.91999816894531,81.9000015258789,76.37999725341797,77.97000122070312,71.07566833496094,3652900
2020-03-12,73.0999984741211,77.26000213623047,71.27999877929688,75.47000122070312,68.79671478271484,6982400
2020-03-13,78.55000305175781,81.31999969482422,73.58999633789062,80.98999786376953,73.82861328125,5774200
2020-03-16,72.66000366210938,77.13999938964844,69.0999984741211,71.56999969482422,65.24156188964844,4351900
2020-03-17,73.36000061035156,81.27999877929688,72.87999725341797,80.51000213623047,73.39105224609375,5921700
2020-03-18,76.19999694824219,85.22000122070312,75.94999694824219,84.58999633789062,77.11029052734375,7524300
2020-03-19,85.18000030517578,85.19999694824219,77.16000366210938,78.16999816894531,71.25798034667969,6492100
2020-03-20,76.8499984741211,78.73999786376953,74.04000091552734,75.75,69.05194091796875,6097400
2020-03-23,74.8499984741211,75.08999633789062,69.69000244140625,71.80999755859375,65.46035766601562,4664000
2020-03-24,73.06999969482422,75.7300033569336,72.0999984741211,73.91000366210938,67.37464904785156,4685100
2020-03-25,72.77999877929688,74.86000061035156,72.20999908447266,73.56999969482422,67.06472778320312,5993700
2020-03-26,74.43000030517578,80.73999786376953,73.91000366210938,80.16999816894531,73.08113098144531,4465700
2020-03-27,78.0,80.66999816894531,76.37000274658203,79.79000091552734,72.73471069335938,4446300
2020-03-30,80.87000274658203,82.98999786376953,80.30999755859375,82.19000244140625,74.92250061035156,2371200
2020-03-31,81.66000366210938,84.36000061035156,80.76000213623047,81.19000244140625,74.01092529296875,2767600
2020-04-01,78.7699966430664,80.8499984741211,77.81999969482422,78.66000366210938,71.70464324951172,3017800
2020-04-02,78.3499984741211,82.36000061035156,77.9800033569336,82.22000122070312,74.94986724853516,3161100
2020-04-03,81.43000030517578,82.69000244140625,80.19999694824219,81.41999816894531,74.22059631347656,3271000
2020-04-06,84.04000091552734,85.43000030517578,82.79000091552734,84.93000030517578,77.42024993896484,2874100
2020-04-07,86.73999786376953,87.0,82.4800033569336,82.51000213623047,75.2142333984375,2793000
2020-04-08,83.0999984741211,85.18000030517578,82.16000366210938,84.4800033569336,77.01002502441406,2951500
2020-04-09,84.43000030517578,87.80000305175781,83.5,86.88999938964844,79.20693969726562,3891200
2020-04-13,85.61000061035156,86.5999984741211,84.56999969482422,86.0,78.39563751220703,2498200
2020-04-14,87.80999755859375,88.58000183105469,87.02999877929688,88.25,80.4466552734375,3784200
2020-04-15,87.38999938964844,88.33000183105469,86.5199966430664,86.88999938964844,79.20693969726562,2059200
2020-04-16,87.7300033569336,90.86000061035156,86.56999969482422,90.52999877929688,82.52507019042969,4647200
2020-04-17,91.83000183105469,93.0,91.08000183105469,92.94999694824219,84.73106384277344,2503900
2020-04-20,92.9000015258789,95.19000244140625,92.27999877929688,94.13999938964844,85.81587982177734,4202900
2020-04-21,92.81999969482422,92.83999633789062,89.9000015258789,90.0999984741211,82.13308715820312,2693100
2020-04-22,91.4800033569336,91.4800033569336,89.9800033569336,90.54000091552734,82.53419494628906,3960900
2020-04-23,90.87000274658203,92.38999938964844,90.02999877929688,91.31999969482422,83.2452163696289,3147400
2020-04-24,92.26000213623047,92.9800033569336,90.61000061035156,92.91999816894531,84.7037353515625,2309300
2020-04-27,94.0,94.01000213623047,92.47000122070312,92.66999816894531,84.47584533691406,2318400
2020-04-28,92.95999908447266,93.01000213623047,90.83999633789062,91.0,82.95352935791016,2174300
2020-04-29,91.55000305175781,92.41000366210938,90.58000183105469,91.48999786376953,83.40018463134766,3023000
2020-04-30,92.13999938964844,93.26000213623047,88.52999877929688,88.77999877929688,80.92979431152344,3588900
2020-05-01,88.51000213623047,88.51000213623047,86.5999984741211,87.83999633789062,80.07292175292969,2644900
2020-05-04,88.16999816894531,88.3499984741211,86.56999969482422,87.2699966430664,79.55331420898438,2679800
2020-05-05,88.20999908447266,89.68000030517578,87.83000183105469,88.73999786376953,80.8933334350586,2571900
2020-05-06,89.12999725341797,89.56999969482422,87.87000274658203,87.91999816894531,80.14585876464844,1866300
2020-05-07,88.87999725341797,89.02999877929688,87.75,88.44000244140625,80.61988830566406,1526400
2020-05-08,89.48999786376953,89.66000366210938,87.83000183105469,88.08000183105469,80.29170227050781,1318200
2020-05-11,87.76000213623047,89.44999694824219,87.41000366210938,88.93000030517578,81.06653594970703,2401800
2020-05-12,89.41000366210938,89.7699966430664,85.80000305175781,85.88999938964844,78.29534912109375,2550700
2020-05-13,85.88999938964844,86.98999786376953,84.61000061035156,85.55000305175781,77.98541259765625,3002300
2020-05-14,84.48999786376953,87.23999786376953,84.29000091552734,86.91999816894531,79.23428344726562,4521900
2020-05-15,86.81999969482422,88.31999969482422,85.94999694824219,87.16000366210938,79.45304870605469,3430000
2020-05-18,88.41999816894531,89.23999786376953,86.5,86.81999969482422,79.14311218261719,4210300
2020-05-19,86.62999725341797,87.66999816894531,86.16999816894531,86.5199966430664,78.86964416503906,2393100
2020-05-20,87.43000030517578,89.38999938964844,87.0199966430664,87.41999816894531,79.69004821777344,3312100
2020-05-21,87.19000244140625,87.58000183105469,85.81999969482422,86.55999755859375,78.9061050415039,1534100
2020-05-22,86.87999725341797,87.0999984741211,86.2699966430664,86.93000030517578,79.24339294433594,1345300
2020-05-26,87.91000366210938,87.97000122070312,85.29000091552734,85.51000213623047,77.94894409179688,3006600
2020-05-27,85.13999938964844,86.5,83.66000366210938,86.44000244140625,78.79672241210938,4007700
2020-05-28,87.75,88.80000305175781,86.66000366210938,88.19999694824219,80.40107727050781,4514900
2020-05-29,88.5999984741211,90.11000061035156,87.8499984741211,90.01000213623047,82.0510482788086,5070300
2020-06-01,89.61000061035156,90.93000030517578,89.37000274658203,90.38999938964844,82.3974380493164,1768000
2020-06-02,90.30000305175781,90.9800033569336,89.77999877929688,90.9800033569336,82.9352798461914,2041600
2020-06-03,91.0,91.58000183105469,90.0199966430664,90.4800033569336,82.47948455810547,1759400
2020-06-04,89.2300033569336,90.05000305175781,88.16999816894531,88.62999725341797,81.0124282836914,1794400
2020-06-05,88.91000366210938,89.88999938964844,88.18000030517578,89.19000244140625,81.52429962158203,2837100
2020-06-08,87.58999633789062,89.1500015258789,86.73999786376953,88.77999877929688,81.14954376220703,4814000
2020-06-09,89.06999969482422,89.45999908447266,87.01000213623047,87.01000213623047,79.53167724609375,2666000
2020-06-10,87.41999816894531,87.76000213623047,86.19000244140625,86.83999633789062,79.37627410888672,3076100
2020-06-11,86.0,86.2300033569336,83.23999786376953,83.56999969482422,76.3873291015625,4084300
2020-06-12,85.31999969482422,85.33999633789062,82.7699966430664,83.97000122070312,76.7529525756836,4703800
2020-06-15,82.94999694824219,84.30000305175781,82.45999908447266,83.77999877929688,76.57928466796875,4328700
2020-06-16,85.36000061035156,86.01000213623047,83.91999816894531,84.98999786376953,77.6852798461914,3735800
2020-06-17,85.33000183105469,85.79000091552734,84.56999969482422,85.0999984741211,77.78582000732422,1992700
2020-06-18,84.51000213623047,84.93000030517578,83.52999877929688,83.8499984741211,76.64326477050781,1856800
2020-06-19,85.0,85.29000091552734,84.02999877929688,84.48999786376953,77.22825622558594,4432700
2020-06-22,84.41999816894531,84.66000366210938,83.37000274658203,83.95999908447266,76.74381256103516,1932300
2020-06-23,84.33999633789062,84.66999816894531,83.37999725341797,83.48999786376953,76.31422424316406,2655400
2020-06-24,83.12999725341797,83.45999908447266,81.3499984741211,82.47000122070312,75.38189697265625,3289500
2020-06-25,82.5999984741211,85.4800033569336,82.3499984741211,85.33000183105469,77.99605560302734,3941600
2020-06-26,85.19000244140625,85.5,83.80999755859375,84.30999755859375,77.06372833251953,3654600
2020-06-29,84.8499984741211,84.95999908447266,83.66000366210938,84.2300033569336,76.99061584472656,3412600
2020-06-30,84.16000366210938,86.31999969482422,84.0999984741211,86.0999984741211,78.69989013671875,3343700
2020-07-01,86.47000122070312,87.6500015258789,86.23999786376953,87.30999755859375,79.80587768554688,2755900
2020-07-02,87.63999938964844,87.66000366210938,86.93000030517578,87.20999908447266,79.71446990966797,2536800
2020-07-06,87.7699966430664,88.5,87.55999755859375,88.11000061035156,80.53713989257812,2724400
2020-07-07,86.7300033569336,87.2300033569336,84.95999908447266,85.5,78.15145111083984,4541600
2020-07-08,85.80000305175781,85.94000244140625,83.7300033569336,84.18000030517578,76.94490051269531,3722500
2020-07-09,84.19999694824219,86.01000213623047,84.19999694824219,85.69000244140625,78.32511138916016,2445800
2020-07-10,85.54000091552734,85.93000030517578,84.77999877929688,85.2300033569336,77.9046401977539,2213300
2020-07-13,85.51000213623047,86.0,83.23999786376953,83.45999908447266,76.28677368164062,3028100
2020-07-14,82.97000122070312,84.66999816894531,82.87999725341797,84.6500015258789,77.37450408935547,4071100
2020-07-15,85.91000366210938,87.5199966430664,85.37999725341797,87.08999633789062,79.60478973388672,2587000
2020-07-16,87.11000061035156,87.11000061035156,85.5,85.80999755859375,78.43479919433594,1187800
2020-07-17,86.30000305175781,87.80000305175781,86.0199966430664,87.55999755859375,80.03439331054688,1980200
2020-07-20,87.51000213623047,88.0,86.8499984741211,87.81999969482422,80.27203369140625,1411100
2020-07-21,87.93000030517578,88.93000030517578,87.81999969482422,88.66999816894531,81.04898071289062,1528400
2020-07-22,88.66999816894531,89.44000244140625,88.25,89.19999694824219,81.53343963623047,1619800
2020-07-23,89.08999633789062,90.80999755859375,89.08999633789062,89.48999786376953,81.79852294921875,2013500
2020-07-24,89.31999969482422,89.41999816894531,88.33000183105469,89.26000213623047,81.58829498291016,2362000
2020-07-27,89.33000183105469,90.36000061035156,89.02999877929688,89.29000091552734,81.61570739746094,1419600
2020-07-28,89.37000274658203,89.79000091552734,88.87000274658203,89.26000213623047,81.58829498291016,1288600
2020-07-29,89.41999816894531,91.44999694824219,89.27999877929688,90.7300033569336,82.93193817138672,2220500
2020-07-30,85.0,86.11000061035156,82.91999816894531,86.01000213623047,78.61763763427734,8532500
2020-07-31,85.68000030517578,86.63999938964844,84.76000213623047,86.37999725341797,78.955810546875,4038200
2020-08-03,86.95999908447266,87.12000274658203,83.12000274658203,83.16000366210938,76.01256561279297,4450800
2020-08-04,82.7699966430664,83.23999786376953,80.93000030517578,81.08000183105469,74.11134338378906,5473300
2020-08-05,81.44999694824219,82.11000061035156,80.06999969482422,80.45999908447266,73.54462432861328,5130400
2020-08-06,80.20999908447266,80.38999938964844,78.68000030517578,80.37000274658203,73.46236419677734,5485200
2020-08-07,80.48999786376953,81.11000061035156,79.98999786376953,80.7300033569336,73.79142761230469,3401000
2020-08-10,80.83999633789062,83.36000061035156,80.37000274658203,83.0999984741211,75.95772552490234,5767100
2020-08-11,83.5,84.29000091552734,82.72000122070312,82.94000244140625,75.81147766113281,3685200
2020-08-12,83.16999816894531,83.81999969482422,82.41999816894531,83.4800033569336,76.3050765991211,3170000
2020-08-13,83.18000030517578,84.91999816894531,83.16999816894531,84.63999938964844,77.3653793334961,3301000
2020-08-14,84.48999786376953,84.7300033569336,83.18000030517578,83.5,76.32334899902344,2757000
2020-08-17,83.37000274658203,84.48999786376953,83.37000274658203,83.69999694824219,76.50616455078125,2583900
2020-08-18,84.0,84.5199966430664,83.77999877929688,84.2699966430664,77.02716064453125,2289400
2020-08-19,84.33000183105469,84.5,82.66000366210938,82.88999938964844,75.7657699584961,3174500
2020-08-20,82.55000305175781,83.23999786376953,82.41000366210938,82.88999938964844,75.7657699584961,2391900
2020-08-21,83.0,83.13999938964844,82.12999725341797,83.08999633789062,75.94857788085938,2975800
2020-08-24,83.5199966430664,83.88999938964844,82.87999725341797,83.8499984741211,76.64326477050781,2642800
2020-08-25,83.9800033569336,84.76000213623047,83.81999969482422,84.5999984741211,77.32879638671875,2775900
2020-08-26,84.11000061035156,84.48999786376953,83.26000213623047,84.3499984741211,77.10030364990234,2067100
2020-08-27,84.5999984741211,86.88999938964844,84.13999938964844,86.2699966430664,78.85526275634766,3252200
2020-08-28,86.38999938964844,86.47000122070312,84.86000061035156,86.02999877929688,78.85985565185547,2516400
2020-08-31,86.25,87.25,86.18000030517578,87.06999969482422,79.81317901611328,2736900
2020-09-01,86.9000015258789,86.9800033569336,84.97000122070312,85.55000305175781,78.41986846923828,3102700
2020-09-02,85.73999786376953,86.16000366210938,85.16999816894531,85.91000366210938,78.74984741210938,5148500
2020-09-03,85.7699966430664,86.13999938964844,82.76000213623047,83.47000122070312,76.51323699951172,3139700
2020-09-04,83.12000274658203,83.77999877929688,81.48999786376953,82.30000305175781,75.44072723388672,3143800
2020-09-08,81.80999755859375,82.30000305175781,80.8499984741211,81.29000091552734,74.5149154663086,2819500
2020-09-09,82.01000213623047,83.45999908447266,81.70999908447266,82.86000061035156,75.95405578613281,2759800
2020-09-10,82.75,83.55999755859375,82.2300033569336,83.12999725341797,76.2015609741211,2620400
2020-09-11,83.36000061035156,83.83999633789062,82.45999908447266,83.0999984741211,76.1740493774414,2342900
2020-09-14,83.58999633789062,84.63999938964844,83.08000183105469,83.19000244140625,76.25655364990234,1833400
2020-09-15,83.6500015258789,83.6500015258789,80.36000061035156,80.51000213623047,73.7999267578125,3446600
2020-09-16,81.08999633789062,81.98999786376953,80.5199966430664,81.68000030517578,74.8724136352539,3769300
2020-09-17,81.05999755859375,82.38999938964844,80.51000213623047,82.31999969482422,75.45906066894531,2607400
2020-09-18,82.16000366210938,83.79000091552734,82.16000366210938,82.97000122070312,76.05490112304688,5497500
2020-09-21,81.80999755859375,81.86000061035156,79.23999786376953,80.25,73.56159210205078,2721000
2020-09-22,80.0999984741211,80.22000122070312,78.02999877929688,79.05000305175781,72.46161651611328,3184400
2020-09-23,79.4000015258789,79.87000274658203,78.27999877929688,78.33000183105469,71.80158996582031,2028200
2020-09-24,78.4000015258789,79.36000061035156,77.72000122070312,78.69999694824219,72.14077758789062,3797400
2020-09-25,78.47000122070312,79.95999908447266,78.25,79.63999938964844,73.0024185180664,2231300
2020-09-28,80.55999755859375,81.0999984741211,79.37999725341797,79.54000091552734,72.91078186035156,1793200
2020-09-29,79.38999938964844,80.41000366210938,79.0199966430664,79.08999633789062,72.4982681274414,3590500
2020-09-30,79.48999786376953,81.19999694824219,79.02999877929688,80.41999816894531,73.71741485595703,3055500
2020-10-01,82.0199966430664,82.38999938964844,79.44000244140625,79.72000122070312,73.07576751708984,2110300
2020-10-02,79.33999633789062,79.93000030517578,78.63999938964844,78.83000183105469,72.25992584228516,1536700
2020-10-05,79.16999816894531,80.69000244140625,79.06999969482422,80.56999969482422,73.85491943359375,2398800
2020-10-06,80.4800033569336,81.97000122070312,80.27999877929688,80.45999908447266,73.75408935546875,2565500
2020-10-07,80.91000366210938,82.0199966430664,80.2699966430664,81.6500015258789,74.84491729736328,1506600
2020-10-08,81.0,81.30000305175781,78.55999755859375,78.8499984741211,72.27827453613281,4324400
2020-10-09,78.8499984741211,79.04000091552734,77.7300033569336,78.5,71.95744323730469,4039100
2020-10-12,78.83000183105469,79.98999786376953,78.54000091552734,79.62999725341797,72.9932632446289,2714500
2020-10-13,79.4800033569336,80.83000183105469,79.29000091552734,80.0999984741211,73.42407989501953,1972600
2020-10-14,80.31999969482422,81.33999633789062,80.0,80.04000091552734,73.36908721923828,1658700
2020-10-15,79.23999786376953,80.7300033569336,79.2300033569336,80.55999755859375,73.84576416015625,2154200
2020-10-16,80.62999725341797,82.30999755859375,80.62999725341797,81.81999969482422,75.00074005126953,1779800
2020-10-19,81.87000274658203,82.61000061035156,80.75,81.19000244140625,74.42323303222656,2627900
2020-10-20,81.51000213623047,81.83999633789062,80.77999877929688,81.13999938964844,74.3774185180664,3188200
2020-10-21,81.31999969482422,82.2300033569336,80.79000091552734,81.73999786376953,74.92741394042969,2788100
2020-10-22,81.87000274658203,82.41999816894531,81.2699966430664,81.44999694824219,74.66157531738281,1933800
2020-10-23,81.7300033569336,81.93000030517578,80.83999633789062,81.08999633789062,74.33158111572266,1677000
2020-10-26,80.26000213623047,80.93000030517578,79.52999877929688,80.01000213623047,73.34158325195312,2380600
2020-10-27,80.58999633789062,82.0,80.33000183105469,80.62000274658203,73.9007568359375,3333400
2020-10-28,79.44000244140625,79.94000244140625,78.11000061035156,78.1500015258789,71.63658905029297,3098600
2020-10-29,79.06999969482422,79.91000366210938,77.08999633789062,78.08000183105469,71.57244873046875,3326400
2020-10-30,77.26000213623047,78.12000274658203,76.02999877929688,77.56999969482422,71.10494995117188,2644200
2020-11-02,78.1500015258789,79.76000213623047,77.87000274658203,78.66999816894531,72.11327362060547,2228800
2020-11-03,78.80000305175781,80.20999908447266,77.22000122070312,77.26000213623047,70.82079315185547,3807700
2020-11-04,78.16000366210938,78.81999969482422,75.5199966430664,75.66999816894531,69.36331176757812,6719400
2020-11-05,77.0999984741211,78.4000015258789,76.05999755859375,77.76000213623047,71.27911376953125,4611000
2020-11-06,78.1500015258789,79.22000122070312,77.69999694824219,78.93000030517578,72.35160064697266,3141100
2020-11-09,81.73999786376953,82.83999633789062,80.87000274658203,80.97000122070312,74.22157287597656,5990800
2020-11-10,81.19999694824219,81.9000015258789,79.16000366210938,81.55000305175781,74.75322723388672,5213100
2020-11-11,81.98999786376953,82.33000183105469,80.37999725341797,80.93000030517578,74.18490600585938,5525100
2020-11-12,80.80999755859375,82.18000030517578,80.5199966430664,81.66000366210938,74.85407257080078,3289200
2020-11-13,81.88999938964844,82.80000305175781,81.66000366210938,82.36000061035156,75.49574279785156,2195000
2020-11-16,82.83000183105469,82.87999725341797,80.23999786376953,80.9800033569336,74.23074340820312,3391200
2020-11-17,80.44999694824219,80.87999725341797,80.08000183105469,80.77999877929688,74.04742431640625,3877200
2020-11-18,80.73999786376953,81.37999725341797,80.37000274658203,80.41999816894531,73.71741485595703,3946100
2020-11-19,80.33000183105469,80.36000061035156,78.22000122070312,78.87999725341797,72.3057632446289,2622800
2020-11-20,78.63999938964844,78.95999908447266,76.98999786376953,77.0199966430664,70.60077667236328,2878800
2020-11-23,76.73999786376953,77.0199966430664,75.30999755859375,75.7699966430664,69.45497131347656,3049400
2020-11-24,76.01000213623047,76.55999755859375,75.27999877929688,76.02999877929688,69.69329833984375,4588500
2020-11-25,76.1500015258789,76.16000366210938,75.19999694824219,75.38999938964844,69.10664367675781,1910700
2020-11-27,75.76000213623047,76.23999786376953,75.36000061035156,75.97000122070312,69.6383056640625,811800
2020-11-30,76.12000274658203,76.88999938964844,75.61000061035156,76.06999969482422,69.7299575805664,5824500
2020-12-01,76.61000061035156,77.08999633789062,75.4000015258789,75.51000213623047,69.21663665771484,3037900
2020-12-02,75.80999755859375,76.36000061035156,74.79000091552734,76.3499984741211,69.98662567138672,4112900
2020-12-03,75.52999877929688,76.5199966430664,75.37999725341797,76.31999969482422,70.1843490600586,5419500
2020-12-04,76.19999694824219,78.27999877929688,76.0999984741211,78.0,71.72929382324219,3223500
2020-12-07,77.79000091552734,78.63999938964844,77.5,77.7699966430664,71.51778411865234,3816400
2020-12-08,77.54000091552734,78.26000213623047,76.79000091552734,77.93000030517578,71.6649169921875,3628600
2020-12-09,77.95999908447266,80.5999984741211,77.91999816894531,79.30000305175781,72.92479705810547,5307900
2020-12-10,79.58000183105469,80.06999969482422,79.12000274658203,79.16000366210938,72.7960433959961,2793700
2020-12-11,78.72000122070312,79.51000213623047,77.7300033569336,79.33999633789062,72.96156311035156,3881500
2020-12-14,79.80999755859375,80.5999984741211,78.81999969482422,78.83000183105469,72.49254608154297,3686800
2020-12-15,78.30000305175781,79.94999694824219,78.18000030517578,79.62000274658203,73.21907043457031,2923500
2020-12-16,79.63999938964844,80.91000366210938,79.37999725341797,80.0,73.56849670410156,2331400
2020-12-17,80.26000213623047,81.62999725341797,80.01000213623047,81.04000091552734,74.52489471435547,2471400
2020-12-18,80.9800033569336,81.26000213623047,80.33000183105469,80.86000061035156,74.35936737060547,4513700
2020-12-21,80.04000091552734,80.12000274658203,78.02999877929688,79.05000305175781,72.69487762451172,2472200
2020-12-22,78.2699966430664,79.4800033569336,78.08000183105469,78.66000366210938,72.33623504638672,2370300
2020-12-23,79.0,79.38999938964844,78.44000244140625,78.75,72.41899871826172,1979200
2020-12-24,78.80999755859375,79.61000061035156,78.6500015258789,79.58999633789062,73.19146728515625,743200
2020-12-28,79.87999725341797,80.16000366210938,78.83999633789062,79.26000213623047,72.88797760009766,1254500
2020-12-29,79.86000061035156,80.44999694824219,79.69999694824219,80.0,73.56849670410156,1366100
2020-12-30,80.16999816894531,80.3499984741211,79.0999984741211,79.19999694824219,72.83280944824219,1344700
2020-12-31,79.19999694824219,80.29000091552734,78.72000122070312,80.23999786376953,73.78919219970703,1770200
2021-01-04,80.48999786376953,80.98999786376953,79.30999755859375,80.12000274658203,73.6788558959961,3467100
2021-01-05,80.12999725341797,81.7300033569336,79.48999786376953,81.22000122070312,74.69041442871094,2714100
2021-01-06,79.5999984741211,81.43000030517578,79.5999984741211,80.94000244140625,74.43293762207031,3062200
2021-01-07,80.95999908447266,81.72000122070312,80.37000274658203,81.48999786376953,74.938720703125,1688400
2021-01-08,81.52999877929688,82.13999938964844,81.04000091552734,81.69999694824219,75.13182830810547,1728300
2021-01-11,82.19999694824219,82.88999938964844,81.31999969482422,82.47000122070312,75.83992767333984,2285500
2021-01-12,82.04000091552734,82.36000061035156,79.88999938964844,80.55999755859375,74.08348846435547,2897700
2021-01-13,80.41999816894531,82.8499984741211,80.23999786376953,82.4000015258789,75.77555847167969,4140100
2021-01-14,81.97000122070312,82.37999725341797,79.83999633789062,80.05000305175781,73.6144790649414,3308800
2021-01-15,80.05000305175781,80.2699966430664,79.22000122070312,80.04000091552734,73.60527038574219,1646200
2021-01-19,80.55999755859375,80.6500015258789,78.55999755859375,78.83000183105469,72.49254608154297,3018100
2021-01-20,78.66000366210938,79.75,78.5199966430664,79.5199966430664,73.1270980834961,2903700
2021-01-21,79.16999816894531,80.33999633789062,78.8499984741211,80.01000213623047,73.57769775390625,2278600
2021-01-22,80.02999877929688,80.13999938964844,79.51000213623047,79.51000213623047,73.11788940429688,1294600
2021-01-25,79.4800033569336,80.72000122070312,79.13999938964844,80.0999984741211,73.66046142578125,1683500
2021-01-26,80.08999633789062,81.05000305175781,79.12999725341797,80.80999755859375,74.31338500976562,1606400
2021-01-27,80.11000061035156,80.44000244140625,77.76000213623047,78.0199966430664,71.74767303466797,2822100
2021-01-28,78.22000122070312,79.22000122070312,77.12000274658203,77.1500015258789,70.94762420654297,4950500
2021-01-29,75.19999694824219,77.77999877929688,74.98999786376953,76.83000183105469,70.6533432006836,4084200
2021-02-01,77.47000122070312,77.91000366210938,76.18000030517578,76.37999725341797,70.23951721191406,3291700
2021-02-02,77.01000213623047,77.80000305175781,76.45999908447266,76.5199966430664,70.3682632446289,4132600
2021-02-03,76.33000183105469,77.87000274658203,75.83999633789062,77.29000091552734,71.07636260986328,2488900
2021-02-04,76.68000030517578,80.48999786376953,76.55999755859375,77.18000030517578,70.97520446777344,3495700
2021-02-05,77.4800033569336,78.05999755859375,77.13999938964844,77.30000305175781,71.08556365966797,1824500
2021-02-08,77.54000091552734,78.16999816894531,77.01000213623047,77.5999984741211,71.36143493652344,2204600
2021-02-09,77.6500015258789,77.72000122070312,76.76000213623047,76.98999786376953,70.80046844482422,1804000
2021-02-10,77.52999877929688,78.05999755859375,77.02999877929688,77.61000061035156,71.37063598632812,5499600
2021-02-11,78.12999725341797,78.16999816894531,77.62000274658203,77.86000061035156,71.60055541992188,1798900
2021-02-12,78.0,78.9800033569336,77.76000213623047,78.7300033569336,72.4006118774414,3542800
2021-02-16,78.68000030517578,79.08999633789062,77.26000213623047,77.80000305175781,71.5453872680664,2665800
2021-02-17,77.33999633789062,77.87000274658203,76.8499984741211,77.68000030517578,71.43502044677734,3570500
2021-02-18,77.80000305175781,79.33000183105469,77.52999877929688,78.83000183105469,72.49254608154297,2185400
2021-02-19,78.83000183105469,79.13999938964844,77.8499984741211,78.44000244140625,72.1339111328125,2926400
2021-02-22,77.94999694824219,79.0999984741211,77.68000030517578,78.87000274658203,72.52934265136719,2653500
2021-02-23,79.44999694824219,80.38999938964844,77.94999694824219,78.13999938964844,71.8580322265625,3434400
2021-02-24,78.25,78.66999816894531,77.4800033569336,78.51000213623047,72.19828033447266,2503700
2021-02-25,78.22000122070312,78.9000015258789,77.9800033569336,78.6500015258789,72.55343627929688,2613100
2021-02-26,78.80999755859375,78.94000244140625,76.80000305175781,77.69000244140625,71.66786193847656,4875400
2021-03-01,78.06999969482422,78.38999938964844,77.5999984741211,77.94000244140625,71.89849090576172,3914100
2021-03-02,78.41999816894531,78.98999786376953,77.62999725341797,77.68000030517578,71.65863037109375,3433400
2021-03-03,77.26000213623047,77.58000183105469,76.51000213623047,77.1500015258789,71.16971588134766,2469700
2021-03-04,77.16999816894531,77.27999877929688,75.9000015258789,76.41999816894531,70.49630737304688,3920400
2021-03-05,76.91000366210938,78.30000305175781,76.83000183105469,78.05999755859375,72.00917053222656,2456400
2021-03-08,78.20999908447266,79.30000305175781,77.6500015258789,78.27999877929688,72.21212005615234,1553500
2021-03-09,78.55000305175781,79.16000366210938,77.23999786376953,77.2699966430664,71.28040313720703,1976500
2021-03-10,77.3499984741211,77.87000274658203,76.95999908447266,77.72000122070312,71.6955337524414,2089400
2021-03-11,77.63999938964844,78.04000091552734,77.11000061035156,77.73999786376953,71.71398162841797,1637600
2021-03-12,78.0,78.37999725341797,77.55000305175781,77.95999908447266,71.91692352294922,1462500
2021-03-15,78.01000213623047,78.69000244140625,77.55999755859375,78.66999816894531,72.57188415527344,1482700
2021-03-16,78.68000030517578,78.95999908447266,78.02999877929688,78.93000030517578,72.81173706054688,1919600
2021-03-17,79.12999725341797,80.20999908447266,78.68000030517578,79.69000244140625,73.51282501220703,3792700
2021-03-18,79.58999633789062,80.5199966430664,79.51000213623047,79.86000061035156,73.66963958740234,2060100
2021-03-19,79.79000091552734,80.83000183105469,79.47000122070312,80.30000305175781,74.0755386352539,3976500
2021-03-22,79.80000305175781,81.54000091552734,79.51000213623047,81.23999786376953,74.94268035888672,3121400
2021-03-23,81.4000015258789,82.58000183105469,81.25,81.5999984741211,75.27476501464844,2732400
2021-03-24,81.19000244140625,82.44999694824219,81.02999877929688,82.08000183105469,75.7175521850586,2282900
2021-03-25,82.52999877929688,83.62000274658203,82.12999725341797,83.41000366210938,76.94447326660156,3634900
2021-03-26,83.41000366210938,86.08999633789062,83.16999816894531,85.94999694824219,79.2875747680664,4634100
2021-03-29,85.4800033569336,86.55999755859375,84.72000122070312,86.02999877929688,79.36139678955078,3124000
2021-03-30,85.7699966430664,86.37999725341797,85.12000274658203,85.58000183105469,78.94625854492188,3778900
2021-03-31,85.6500015258789,85.86000061035156,84.29000091552734,84.33999633789062,77.8023681640625,3100200
2021-04-01,84.12999725341797,84.54000091552734,83.37999725341797,84.31999969482422,77.783935546875,2298600
2021-04-05,84.75,85.69999694824219,84.33999633789062,85.27999877929688,78.66952514648438,1893900
2021-04-06,84.66000366210938,85.26000213623047,84.43000030517578,84.91999816894531,78.33741760253906,1885800
2021-04-07,85.04000091552734,85.2300033569336,84.30000305175781,84.69000244140625,78.12525177001953,1017000
2021-04-08,84.83999633789062,85.29000091552734,83.94999694824219,84.0,77.48873901367188,2174700
2021-04-09,84.30999755859375,84.93000030517578,83.80000305175781,84.91999816894531,78.33741760253906,2781300
2021-04-12,85.0,85.48999786376953,84.37999725341797,84.54000091552734,77.98688507080078,1726300
2021-04-13,83.77999877929688,85.25,83.7300033569336,84.79000091552734,78.21749877929688,1504700
2021-04-14,84.80000305175781,84.94000244140625,84.16999816894531,84.63999938964844,78.07913208007812,1576500
2021-04-15,84.69999694824219,86.41999816894531,84.6500015258789,85.80000305175781,79.14921569824219,2879700
2021-04-16,86.26000213623047,86.8499984741211,85.9000015258789,86.55999755859375,79.85029602050781,2884600
2021-04-19,86.43000030517578,86.72000122070312,85.73999786376953,86.5199966430664,79.8133773803711,2706600
2021-04-20,86.66000366210938,87.95999908447266,86.56999969482422,87.06999969482422,80.32076263427734,2041400
2021-04-21,87.73999786376953,88.11000061035156,87.37000274658203,87.9000015258789,81.08641815185547,1839800
2021-04-22,87.88999938964844,88.30000305175781,87.29000091552734,88.01000213623047,81.1878890991211,2423000
2021-04-23,87.86000061035156,88.31999969482422,87.4800033569336,87.87000274658203,81.05875396728516,2377300
2021-04-26,88.0,88.0,87.01000213623047,87.36000061035156,80.58828735351562,1644300
2021-04-27,86.97000122070312,87.20999908447266,86.16999816894531,86.76000213623047,80.03479766845703,1657200
2021-04-28,86.88999938964844,87.2300033569336,86.44000244140625,86.98999786376953,80.24697875976562,1999600
2021-04-29,87.55999755859375,87.55999755859375,83.83000183105469,85.3499984741211,78.73409271240234,2486900
2021-04-30,85.5999984741211,85.95999908447266,84.91000366210938,85.69000244140625,79.04773712158203,2805500
2021-05-03,86.0199966430664,86.86000061035156,85.69999694824219,86.54000091552734,79.83184051513672,2004800
2021-05-04,86.93000030517578,87.66000366210938,86.2699966430664,87.44000244140625,80.66209411621094,2732700
2021-05-05,87.37999725341797,87.37999725341797,86.13999938964844,86.69999694824219,79.97945404052734,2424000
2021-05-06,86.54000091552734,87.58000183105469,86.3499984741211,87.52999877929688,80.74510955810547,1989100
2021-05-07,87.47000122070312,87.91999816894531,86.4000015258789,86.62000274658203,79.90564727783203,2486500
2021-05-10,87.18000030517578,87.56999969482422,86.45999908447266,86.48999786376953,79.78572082519531,3584400
2021-05-11,86.45999908447266,86.76000213623047,83.54000091552734,83.58000183105469,77.10128021240234,4241200
2021-05-12,83.44999694824219,83.91999816894531,83.02999877929688,83.0999984741211,76.65849304199219,2426100
2021-05-13,83.05000305175781,83.83000183105469,82.8499984741211,83.4000015258789,76.93524932861328,2955300
2021-05-14,83.72000122070312,84.37999725341797,83.51000213623047,83.86000061035156,77.35958099365234,2193500
2021-05-17,83.8499984741211,84.18000030517578,82.77999877929688,82.8499984741211,76.42789459228516,2372700
2021-05-18,82.51000213623047,83.4000015258789,82.08000183105469,82.93000030517578,76.50167846679688,2110800
2021-05-19,82.69999694824219,82.87999725341797,82.02999877929688,82.4800033569336,76.0865707397461,1765600
2021-05-20,82.51000213623047,83.41999816894531,82.44000244140625,82.95999908447266,76.52934265136719,1950300
2021-05-21,83.06999969482422,83.88999938964844,83.04000091552734,83.05999755859375,76.62159729003906,1596200
2021-05-24,83.2300033569336,83.52999877929688,82.73999786376953,82.7699966430664,76.35408020019531,1676400
2021-05-25,82.55000305175781,82.8499984741211,82.23999786376953,82.3499984741211,75.96663665771484,2330500
2021-05-26,81.7300033569336,82.72000122070312,81.4800033569336,82.41999816894531,76.03121185302734,2994800
2021-05-27,82.5199966430664,82.52999877929688,81.19000244140625,81.80999755859375,75.468505859375,5048600
2021-05-28,82.29000091552734,82.63999938964844,81.87999725341797,82.12000274658203,75.75447082519531,3617300
2021-06-01,82.45999908447266,82.77999877929688,82.0199966430664,82.13999938964844,75.77291107177734,3355600
2021-06-02,82.29000091552734,82.43000030517578,81.30000305175781,81.5999984741211,75.27476501464844,2461100
2021-06-03,81.12999725341797,81.87000274658203,80.66000366210938,81.69000244140625,75.61725616455078,2397200
2021-06-04,82.12999725341797,82.44000244140625,81.93000030517578,82.25,76.1356430053711,1938300
2021-06-07,82.30999755859375,82.41000366210938,81.1500015258789,81.26000213623047,75.21924591064453,2753000
2021-06-08,81.62000274658203,81.69000244140625,80.26000213623047,81.08999633789062,75.06185913085938,2489500
2021-06-09,81.37000274658203,82.37999725341797,81.16999816894531,82.3499984741211,76.22820281982422,1707200
2021-06-10,82.33999633789062,84.16999816894531,82.29000091552734,84.08999633789062,77.83885192871094,3455700
2021-06-11,84.25,84.5,82.12000274658203,82.23999786376953,76.1263656616211,6107100
2021-06-14,82.30000305175781,82.81999969482422,81.62000274658203,82.7699966430664,76.61698150634766,2994500
2021-06-15,82.7699966430664,82.9000015258789,81.55000305175781,81.94999694824219,75.85792541503906,2286300
2021-06-16,82.06999969482422,82.4800033569336,81.55999755859375,81.7699966430664,75.69132232666016,1911200
2021-06-17,81.5,81.95999908447266,80.7699966430664,81.1500015258789,75.11741638183594,2668300
2021-06-18,80.61000061035156,81.44999694824219,80.27999877929688,80.81999969482422,74.81195831298828,4311300
2021-06-21,81.13999938964844,81.72000122070312,80.41000366210938,81.51000213623047,75.45064544677734,2042300
2021-06-22,81.5199966430664,81.68000030517578,81.13999938964844,81.33000183105469,75.28404998779297,1937300
2021-06-23,81.29000091552734,81.62999725341797,80.91000366210938,80.93000030517578,74.91375732421875,3107200
2021-06-24,81.23999786376953,81.77999877929688,80.9800033569336,81.4000015258789,75.34883117675781,1972700
2021-06-25,81.5999984741211,82.52999877929688,81.56999969482422,82.19000244140625,76.08010864257812,6398300
2021-06-28,82.43000030517578,82.43000030517578,81.22000122070312,81.6500015258789,75.58023834228516,2290300
2021-06-29,81.58999633789062,82.04000091552734,81.29000091552734,81.86000061035156,75.7746353149414,1740600
2021-06-30,81.94000244140625,81.98999786376953,80.27999877929688,80.5,74.51573181152344,3139000
2021-07-01,80.44999694824219,81.62000274658203,80.3499984741211,81.47000122070312,75.41362762451172,4813200
2021-07-02,81.47000122070312,81.81999969482422,81.27999877929688,81.76000213623047,75.68206787109375,2826400
2021-07-06,81.5,81.72000122070312,80.22000122070312,81.06999969482422,75.0433578491211,3312600
2021-07-07,81.16000366210938,81.87000274658203,80.73999786376953,81.8499984741211,75.76537322998047,1676300
2021-07-08,81.5,81.7699966430664,80.80999755859375,81.33000183105469,75.28404998779297,1900500
2021-07-09,81.5,81.62999725341797,80.2300033569336,80.43000030517578,74.45092010498047,2441300
2021-07-12,80.37999725341797,81.0999984741211,80.2699966430664,80.80999755859375,74.80267333984375,2324900
2021-07-13,80.72000122070312,81.38999938964844,80.72000122070312,81.08999633789062,75.06185913085938,1989400
2021-07-14,81.06999969482422,81.2300033569336,80.47000122070312,81.0,74.97856140136719,1751200
2021-07-15,80.83000183105469,81.38999938964844,80.66000366210938,81.05999755859375,75.03410339355469,1637900
2021-07-16,81.31999969482422,81.81999969482422,81.13999938964844,81.41999816894531,75.36734771728516,1585900
2021-07-19,81.0999984741211,81.41000366210938,79.76000213623047,80.2699966430664,74.30281829833984,3108600
2021-07-20,80.58999633789062,81.66000366210938,80.26000213623047,80.54000091552734,74.5527572631836,2108100
2021-07-21,80.79000091552734,80.79000091552734,79.54000091552734,80.2699966430664,74.30281829833984,1769900
2021-07-22,80.31999969482422,80.72000122070312,80.05999755859375,80.51000213623047,74.52498626708984,874600
2021-07-23,80.86000061035156,81.31999969482422,80.4800033569336,81.13999938964844,75.108154296875,1826700
2021-07-26,80.66000366210938,81.0999984741211,80.20999908447266,80.7699966430664,74.7656478881836,1890500
2021-07-27,80.87000274658203,83.1500015258789,80.63999938964844,82.11000061035156,76.00603485107422,2300600
2021-07-28,82.19000244140625,85.68000030517578,81.31999969482422,81.91000366210938,75.82091522216797,4563800
2021-07-29,79.25,80.48999786376953,77.30999755859375,77.37999725341797,71.62765502929688,7327400
2021-07-30,77.04000091552734,78.0,76.38999938964844,77.3499984741211,71.59989166259766,7506600
2021-08-02,77.5999984741211,77.9800033569336,76.81999969482422,77.20999908447266,71.4703140258789,3352200
2021-08-03,76.83999633789062,77.01000213623047,76.0,76.27999877929688,70.60944366455078,4447100
2021-08-04,76.23999786376953,76.37000274658203,74.97000122070312,75.1500015258789,69.5634536743164,5005500
2021-08-05,74.97000122070312,74.97000122070312,73.61000061035156,74.45999908447266,68.92473602294922,6988400
2021-08-06,74.58000183105469,75.22000122070312,74.45999908447266,74.83000183105469,69.2672348022461,2991200
2021-08-09,74.80999755859375,74.91999816894531,73.94000244140625,74.0,68.49893188476562,2286200
2021-08-10,74.19999694824219,74.31999969482422,73.73999786376953,73.8499984741211,68.3600845336914,2377700
2021-08-11,74.0,74.37999725341797,73.81999969482422,73.9800033569336,68.48040771484375,1774100
2021-08-12,74.08999633789062,74.26000213623047,73.54000091552734,73.86000061035156,68.36935424804688,1445600
2021-08-13,73.80000305175781,74.76000213623047,73.55000305175781,74.55999755859375,69.01729583740234,2968600
2021-08-16,74.77999877929688,75.81999969482422,74.62999725341797,75.68000030517578,70.05403900146484,3631100
2021-08-17,75.79000091552734,76.18000030517578,75.48999786376953,75.93000030517578,70.28545379638672,2979900
2021-08-18,76.05999755859375,76.19999694824219,75.2300033569336,75.2699966430664,69.67451477050781,3169100
2021-08-19,75.22000122070312,75.62999725341797,74.81999969482422,75.0199966430664,69.44310760498047,3020700
2021-08-20,74.80999755859375,75.62999725341797,74.6500015258789,75.19000244140625,69.60047149658203,3286800
2021-08-23,75.44000244140625,75.44000244140625,74.5999984741211,74.80999755859375,69.24870300292969,2532200
2021-08-24,74.75,75.04000091552734,74.36000061035156,74.52999877929688,68.98954010009766,2119100
2021-08-25,74.30999755859375,74.37000274658203,73.5999984741211,73.80000305175781,68.31380462646484,2951300
2021-08-26,73.61000061035156,74.0,73.12000274658203,73.7699966430664,68.2860336303711,3090300
2021-08-27,74.0999984741211,74.38999938964844,73.80000305175781,73.97000122070312,68.47116088867188,2619900
2021-08-30,74.25,76.72000122070312,74.25,76.0,70.3502426147461,9337000
2021-08-31,75.9800033569336,76.37000274658203,75.30000305175781,76.22000122070312,70.55390930175781,5213400
2021-09-01,76.55000305175781,77.88999938964844,75.83999633789062,77.5999984741211,71.831298828125,4001300
2021-09-02,81.0,82.9800033569336,80.19999694824219,81.05999755859375,75.30581665039062,8205800
2021-09-03,81.05000305175781,83.1500015258789,80.77999877929688,82.70999908447266,76.83868408203125,5100100
2021-09-07,82.33000183105469,83.75,81.98999786376953,83.3499984741211,77.43327331542969,5812300
2021-09-08,83.16999816894531,83.91000366210938,82.69999694824219,82.76000213623047,76.88514709472656,3050700
2021-09-09,82.93000030517578,82.93000030517578,81.37999725341797,81.72000122070312,75.9189682006836,3519800
2021-09-10,81.94999694824219,81.98999786376953,80.70999908447266,80.91999816894531,75.1757583618164,2512400
2021-09-13,82.2300033569336,82.26000213623047,80.33000183105469,80.62999725341797,74.9063491821289,2906600
2021-09-14,80.77999877929688,81.79000091552734,80.58000183105469,81.7699966430664,75.96541595458984,2867700
2021-09-15,81.79000091552734,84.16999816894531,81.44999694824219,83.56999969482422,77.63764953613281,5895700
2021-09-16,83.55999755859375,83.87000274658203,82.23999786376953,83.22000122070312,77.31248474121094,2691700
2021-09-17,82.94000244140625,83.62999725341797,82.70999908447266,83.61000061035156,77.6748046875,4507900
2021-09-20,82.8499984741211,83.16999816894531,81.91999816894531,82.29000091552734,76.44850158691406,2811900
2021-09-21,82.8499984741211,83.2300033569336,81.91000366210938,81.94999694824219,76.13263702392578,2002700
2021-09-22,82.2300033569336,82.38999938964844,81.01000213623047,81.05000305175781,75.29652404785156,2445500
2021-09-23,81.1500015258789,81.41000366210938,80.7300033569336,80.79000091552734,75.05498504638672,2738500
2021-09-24,80.61000061035156,81.06999969482422,80.52999877929688,80.8499984741211,75.11073303222656,2008800
2021-09-27,80.43000030517578,80.86000061035156,79.88999938964844,80.56999969482422,74.85062408447266,2264200
2021-09-28,80.47000122070312,80.98999786376953,80.05000305175781,80.7300033569336,74.99925231933594,2932900
2021-09-29,80.79000091552734,82.29000091552734,80.7699966430664,81.80999755859375,76.0025863647461,2548300
2021-09-30,82.01000213623047,82.52999877929688,80.41000366210938,80.43000030517578,74.72053527832031,3095300
2021-10-01,80.56999969482422,81.66000366210938,79.76000213623047,81.29000091552734,75.51950073242188,2885000
2021-10-04,81.0,81.58999633789062,79.80000305175781,80.41999816894531,74.71126556396484,3158300
2021-10-05,80.77999877929688,82.19000244140625,80.48999786376953,80.86000061035156,75.12004089355469,2756300
2021-10-06,80.48999786376953,80.93000030517578,79.66999816894531,80.86000061035156,75.12004089355469,2949500
2021-10-07,81.1500015258789,81.9000015258789,80.4800033569336,80.58000183105469,74.85990905761719,3316000
2021-10-08,80.70999908447266,81.11000061035156,79.9800033569336,80.19999694824219,74.50686645507812,2641200
2021-10-11,79.91999816894531,80.0999984741211,78.83999633789062,78.91999816894531,73.31773376464844,2010500
2021-10-12,78.83000183105469,79.02999877929688,78.27999877929688,78.70999908447266,73.12263488769531,1394400
2021-10-13,78.72000122070312,79.26000213623047,78.47000122070312,78.80000305175781,73.20626068115234,1491100
2021-10-14,79.0999984741211,79.91999816894531,79.0999984741211,79.88999938964844,74.21887969970703,1754000
2021-10-15,80.0,80.36000061035156,79.68000030517578,79.69999694824219,74.04235076904297,1783600
2021-10-18,79.5999984741211,79.5999984741211,77.94000244140625,78.18000030517578,72.6302719116211,1822900
2021-10-19,78.44000244140625,79.7300033569336,78.38999938964844,79.68000030517578,74.0237808227539,2527800
2021-10-20,79.86000061035156,81.7300033569336,79.77999877929688,81.25,75.48233795166016,2270000
2021-10-21,81.69999694824219,81.77999877929688,80.79000091552734,81.45999908447266,75.67742156982422,1349100
2021-10-22,81.5999984741211,82.23999786376953,81.47000122070312,82.19000244140625,76.35562133789062,1348400
2021-10-25,82.37000274658203,82.5999984741211,81.23999786376953,81.36000061035156,75.58451843261719,2621100
2021-10-26,81.48999786376953,82.12000274658203,81.16999816894531,81.79000091552734,75.98400115966797,1557700
2021-10-27,82.2300033569336,82.38999938964844,81.7699966430664,81.94000244140625,76.12335968017578,2764000
2021-10-28,82.31999969482422,84.30000305175781,78.33000183105469,78.61000061035156,73.02974700927734,7344300
2021-10-29,78.11000061035156,79.41000366210938,77.55999755859375,78.95999908447266,73.3548812866211,7995500
2021-11-01,79.19999694824219,80.16000366210938,78.86000061035156,79.81999969482422,74.1538314819336,3375600
2021-11-02,80.16999816894531,80.81999969482422,79.33999633789062,80.29000091552734,74.59048461914062,2152200
2021-11-03,80.36000061035156,80.94000244140625,79.58000183105469,80.04000091552734,74.35823059082031,1648900
2021-11-04,80.08999633789062,80.2300033569336,77.8499984741211,78.30999755859375,72.75103759765625,2638900
2021-11-05,78.1500015258789,79.30000305175781,77.76000213623047,78.04000091552734,72.50020599365234,2606800
2021-11-08,78.31999969482422,79.08999633789062,77.81999969482422,78.73999786376953,73.15049743652344,1626400
2021-11-09,78.6500015258789,78.69999694824219,77.55999755859375,77.69999694824219,72.18434143066406,2476800
2021-11-10,77.79000091552734,79.56999969482422,77.79000091552734,79.0199966430664,73.41063690185547,2494400
2021-11-11,79.05999755859375,79.33999633789062,78.68000030517578,79.16000366210938,73.54069519042969,1776100
2021-11-12,79.56999969482422,79.70999908447266,79.01000213623047,79.45999908447266,73.81941986083984,1216200
2021-11-15,79.58000183105469,79.70999908447266,78.66000366210938,79.55000305175781,73.90301513671875,1609700
2021-11-16,79.31999969482422,79.94999694824219,79.19000244140625,79.30999755859375,73.68004608154297,1978100
2021-11-17,79.22000122070312,80.1500015258789,78.70999908447266,79.58000183105469,73.93089294433594,2249700
2021-11-18,80.0,80.02999877929688,79.08999633789062,79.11000061035156,73.49424743652344,2099000
2021-11-19,79.41999816894531,79.62999725341797,78.76000213623047,79.26000213623047,73.63361358642578,2381400
2021-11-22,79.4000015258789,79.93000030517578,78.79000091552734,79.25,73.62429809570312,1708000
2021-11-23,78.93000030517578,79.06999969482422,78.05999755859375,78.41000366210938,72.84394073486328,1707300
2021-11-24,78.43000030517578,78.73999786376953,77.4000015258789,77.62000274658203,72.11001586914062,1338800
2021-11-26,77.7300033569336,78.0,76.05000305175781,76.29000091552734,70.87442779541016,1281100
2021-11-29,76.31999969482422,76.97000122070312,75.98999786376953,76.02999877929688,70.63287353515625,2506600
2021-11-30,75.9000015258789,76.16000366210938,74.31999969482422,74.56999969482422,69.27651977539062,3440600
2021-12-01,74.8499984741211,76.61000061035156,74.5199966430664,75.08000183105469,69.75032043457031,2502400
2021-12-02,74.88999938964844,76.61000061035156,74.77999877929688,76.2300033569336,71.08377838134766,2726700
2021-12-03,76.6500015258789,78.13999938964844,76.45999908447266,78.05000305175781,72.78092193603516,2510300
2021-12-06,78.38999938964844,80.5999984741211,78.22000122070312,79.23999786376953,73.89057922363281,3046400
2021-12-07,79.5199966430664,80.94000244140625,79.44000244140625,79.87999725341797,74.48737335205078,2793600
2021-12-08,80.05999755859375,80.94999694824219,79.81999969482422,80.61000061035156,75.16809844970703,1886700
2021-12-09,80.47000122070312,81.2699966430664,79.83000183105469,80.55999755859375,75.12146759033203,1935500
2021-12-10,80.91000366210938,81.25,80.41999816894531,80.86000061035156,75.40122985839844,2131300
2021-12-13,80.97000122070312,83.7699966430664,80.41999816894531,83.19999694824219,77.58323669433594,3103800
2021-12-14,83.2300033569336,83.76000213623047,82.30999755859375,82.51000213623047,76.93982696533203,2662700
2021-12-15,82.7699966430664,83.18000030517578,81.54000091552734,82.69999694824219,77.11698913574219,2300500
2021-12-16,82.58999633789062,84.0999984741211,82.16000366210938,83.91000366210938,78.24532318115234,3076100
2021-12-17,84.3499984741211,85.08999633789062,83.23999786376953,83.62999725341797,77.98421478271484,4688100
2021-12-20,83.12999725341797,83.26000213623047,81.9000015258789,82.51000213623047,76.93982696533203,2631700
2021-12-21,82.75,84.36000061035156,82.5999984741211,83.87000274658203,78.20801544189453,2731000
2021-12-22,84.12000274658203,85.38999938964844,83.52999877929688,85.31999969482422,79.56012725830078,2301000
2021-12-23,85.55000305175781,86.08000183105469,85.33000183105469,85.55000305175781,79.77460479736328,2033700
2021-12-27,85.80000305175781,86.66999816894531,85.48999786376953,86.5999984741211,80.75370025634766,1220700
2021-12-28,86.62999725341797,87.0999984741211,86.41000366210938,86.75,80.89359283447266,1227800
2021-12-29,86.87000274658203,87.43000030517578,86.61000061035156,87.19000244140625,81.30388641357422,1280300
2021-12-30,87.41000366210938,87.51000213623047,86.37000274658203,86.44999694824219,80.61383819580078,1346600
2021-12-31,86.26000213623047,86.72000122070312,85.81999969482422,85.83999633789062,80.0450210571289,1788100
2022-01-03,85.5199966430664,86.93000030517578,85.19000244140625,86.87000274658203,81.00548553466797,1899800
2022-01-04,86.9800033569336,88.01000213623047,86.55000305175781,88.0,82.0592041015625,3346300
2022-01-05,88.01000213623047,88.91000366210938,87.75,87.86000061035156,81.92864227294922,2966500
2022-01-06,87.95999908447266,88.18000030517578,86.75,86.77999877929688,80.92155456542969,1507300
2022-01-07,87.30999755859375,88.01000213623047,87.12999725341797,87.44999694824219,81.54634094238281,1750600
2022-01-10,87.37000274658203,87.69000244140625,85.94000244140625,86.30999755859375,80.4832763671875,2912800
2022-01-11,86.29000091552734,86.58000183105469,84.80999755859375,86.36000061035156,80.5299301147461,2403300
2022-01-12,86.0,86.83000183105469,85.58999633789062,86.44000244140625,80.60452270507812,2169400
2022-01-13,86.36000061035156,86.69999694824219,85.47000122070312,85.88999938964844,80.09164428710938,2568400
2022-01-14,85.63999938964844,86.06999969482422,84.31999969482422,85.73999786376953,79.95176696777344,2246700
2022-01-18,85.58999633789062,86.33000183105469,85.18000030517578,85.86000061035156,80.06366729736328,2258900
2022-01-19,85.98999786376953,86.37999725341797,85.19999694824219,85.5999984741211,79.82122039794922,1827000
2022-01-20,85.76000213623047,87.56999969482422,85.70999908447266,85.98999786376953,80.18488311767578,2504900
2022-01-21,86.6500015258789,86.81999969482422,85.51000213623047,86.27999877929688,80.45531463623047,2348400
2022-01-24,85.19000244140625,86.05000305175781,84.02999877929688,85.95999908447266,80.15691375732422,3510600
2022-01-25,84.91999816894531,85.93000030517578,83.91000366210938,85.06999969482422,79.32699584960938,2697900
2022-01-26,84.79000091552734,85.54000091552734,83.93000030517578,84.2699966430664,78.58101654052734,3888000
2022-01-27,84.61000061035156,86.19000244140625,84.05999755859375,84.62999725341797,78.91670227050781,2665400
2022-01-28,84.93000030517578,85.3499984741211,83.16999816894531,85.29000091552734,79.53215789794922,2588600
2022-01-31,85.29000091552734,85.55000305175781,84.41000366210938,85.44000244140625,79.6720199584961,2568500
2022-02-01,85.58999633789062,85.58999633789062,83.79000091552734,84.93000030517578,79.19644927978516,3340700
2022-02-02,84.55999755859375,85.66999816894531,83.97000122070312,85.55000305175781,79.77460479736328,3203500
2022-02-03,85.44000244140625,86.20999908447266,84.95999908447266,86.0999984741211,80.28746795654297,4585100
2022-02-04,85.66000366210938,87.25,85.0999984741211,86.70999908447266,80.85628509521484,3673200
2022-02-07,86.9800033569336,87.33000183105469,86.05999755859375,86.87000274658203,81.00548553466797,2676200
2022-02-08,86.87000274658203,88.44999694824219,86.76000213623047,88.41000366210938,82.44153594970703,4744300
2022-02-09,88.83999633789062,89.69999694824219,88.5999984741211,89.44999694824219,83.41131591796875,2887900
2022-02-10,88.9000015258789,89.23999786376953,87.56999969482422,87.75,81.8260726928711,3295100
2022-02-11,87.3499984741211,87.68000030517578,85.81999969482422,85.91000366210938,80.11029815673828,3490000
2022-02-14,85.58999633789062,85.80999755859375,84.33000183105469,85.44999694824219,79.68134307861328,2384900
2022-02-15,86.2300033569336,86.62000274658203,85.26000213623047,85.58999633789062,79.81188201904297,1702200
2022-02-16,85.2699966430664,85.38999938964844,83.80000305175781,85.12999725341797,79.38294219970703,2879700
2022-02-17,80.80000305175781,83.79000091552734,79.55999755859375,82.80000305175781,77.21024322509766,5189300
2022-02-18,82.38999938964844,83.13999938964844,81.18000030517578,82.3499984741211,76.7906265258789,5029000
2022-02-22,82.5,84.76000213623047,81.94000244140625,84.45999908447266,78.75818634033203,3888300
2022-02-23,84.51000213623047,86.08999633789062,84.19000244140625,85.73999786376953,79.95176696777344,3153200
2022-02-24,84.91999816894531,85.08999633789062,83.41000366210938,84.6500015258789,79.1939926147461,5266900
2022-02-25,84.76000213623047,86.95999908447266,84.47000122070312,86.26000213623047,80.70021057128906,3174200
2022-02-28,85.25,86.44000244140625,84.37999725341797,84.97000122070312,79.49335479736328,4376200
2022-03-01,84.81999969482422,85.80000305175781,83.4800033569336,84.13999938964844,78.71684265136719,2961700
2022-03-02,84.55000305175781,86.18000030517578,84.37000274658203,85.2300033569336,79.7365951538086,2454000
2022-03-03,85.47000122070312,85.93000030517578,84.91000366210938,85.19000244140625,79.69918060302734,1540500
2022-03-04,84.13999938964844,86.1500015258789,84.0999984741211,86.0199966430664,80.47566986083984,1979600
2022-03-07,85.62000274658203,85.62000274658203,83.81999969482422,84.9800033569336,79.50272369384766,3204700
2022-03-08,84.5199966430664,84.62999725341797,80.44000244140625,80.44999694824219,75.26468658447266,3159800
2022-03-09,81.33000183105469,81.76000213623047,79.26000213623047,79.73999786376953,74.60044860839844,3453500
2022-03-10,78.86000061035156,79.55999755859375,77.69000244140625,78.9800033569336,73.8894271850586,2751000
2022-03-11,79.41999816894531,79.41999816894531,76.66999816894531,76.8499984741211,71.89671325683594,3833000
2022-03-14,77.44999694824219,78.80999755859375,77.19999694824219,77.98999786376953,72.9632568359375,2452700
2022-03-15,78.58999633789062,78.94000244140625,77.94999694824219,78.66999816894531,73.59941101074219,1720700
2022-03-16,79.13999938964844,79.69999694824219,77.9800033569336,78.95999908447266,73.87071228027344,2288900
2022-03-17,78.69999694824219,79.5999984741211,77.97000122070312,79.44000244140625,74.31979370117188,2662700
2022-03-18,79.5199966430664,79.62999725341797,77.79000091552734,79.12000274658203,74.02041625976562,3895600
2022-03-21,79.01000213623047,79.91999816894531,78.8499984741211,79.05000305175781,73.9549331665039,3016700
2022-03-22,79.26000213623047,79.2699966430664,78.01000213623047,78.01000213623047,72.98196411132812,4193000
2022-03-23,78.02999877929688,78.11000061035156,76.91999816894531,77.06999969482422,72.10253143310547,4620600
2022-03-24,77.37999725341797,78.0,76.86000061035156,77.68000030517578,72.67323303222656,7617400
2022-03-25,77.5999984741211,78.33000183105469,76.76000213623047,77.20999908447266,72.23351287841797,2990100
2022-03-28,77.3499984741211,78.93000030517578,76.75,78.91999816894531,73.83329010009766,3536600
2022-03-29,79.6500015258789,80.72000122070312,78.91999816894531,79.51000213623047,74.38526916503906,6771000
2022-03-30,79.62000274658203,80.04000091552734,78.5999984741211,79.37999725341797,74.26364135742188,2861100
2022-03-31,79.05000305175781,79.68000030517578,77.19000244140625,77.54000091552734,72.542236328125,4662200
2022-04-01,77.68000030517578,78.62000274658203,76.94000244140625,78.58000183105469,73.51522064208984,3183400
2022-04-04,76.1500015258789,77.0199966430664,75.41999816894531,75.47000122070312,70.60567474365234,5406800
2022-04-05,75.31999969482422,78.0,75.31999969482422,76.48999786376953,71.55992889404297,4263500
2022-04-06,76.04000091552734,77.08999633789062,75.77999877929688,77.0,72.03705596923828,3513200
2022-04-07,76.62999725341797,78.26000213623047,76.55000305175781,78.01000213623047,72.98196411132812,2976400
2022-04-08,77.8499984741211,80.30999755859375,77.8499984741211,80.0,74.84368133544922,4260900
2022-04-11,80.0,80.58000183105469,78.5999984741211,78.7699966430664,73.6929702758789,3590700
2022-04-12,78.19999694824219,79.56999969482422,77.94999694824219,78.06999969482422,73.0380859375,3045100
2022-04-13,78.05000305175781,78.80000305175781,77.58999633789062,78.44000244140625,73.3842544555664,2459100
2022-04-14,78.68000030517578,78.76000213623047,75.97000122070312,76.44000244140625,71.51314544677734,3843100
2022-04-18,76.25,76.37000274658203,74.5999984741211,74.97000122070312,70.13790130615234,1824000
2022-04-19,75.22000122070312,76.62999725341797,75.08000183105469,76.51000213623047,71.57864379882812,2523800
2022-04-20,76.48999786376953,78.7300033569336,75.87999725341797,78.55999755859375,73.49650573730469,2492200
2022-04-21,78.66000366210938,78.66000366210938,77.79000091552734,77.9800033569336,72.95389556884766,2224300
2022-04-22,77.4000015258789,77.4000015258789,72.88999938964844,73.08000183105469,68.36972045898438,4266500
2022-04-25,72.80000305175781,73.22000122070312,72.12999725341797,72.91000366210938,68.2106704711914,3140100
2022-04-26,72.23999786376953,72.6500015258789,70.5,70.52999877929688,65.98407745361328,2280900
2022-04-27,70.72000122070312,72.12000274658203,70.30000305175781,71.06999969482422,66.48927307128906,4639300
2022-04-28,71.16000366210938,74.6500015258789,69.87999725341797,70.80000305175781,66.23666381835938,8441000
2022-04-29,70.23999786376953,72.11000061035156,69.72000122070312,71.05999755859375,66.47991180419922,4019200
2022-05-02,71.33000183105469,72.43000030517578,69.72000122070312,70.61000061035156,66.05891418457031,3854700
2022-05-03,71.12000274658203,72.88999938964844,71.01000213623047,72.05000305175781,67.40609741210938,4496600
2022-05-04,71.94999694824219,73.62999725341797,71.6500015258789,73.19999694824219,68.48196411132812,3550800
2022-05-05,72.73999786376953,73.38999938964844,72.0999984741211,72.98999786376953,68.2854995727539,3029700
2022-05-06,72.51000213623047,73.19000244140625,71.79000091552734,72.79000091552734,68.09840393066406,3174400
2022-05-09,72.16000366210938,74.51000213623047,71.87999725341797,73.62000274658203,68.8749008178711,4362400
2022-05-10,73.86000061035156,74.22000122070312,72.22000122070312,72.45999908447266,67.7896728515625,3417400
2022-05-11,72.37999725341797,74.23999786376953,71.91000366210938,72.0,67.35931396484375,2543400
2022-05-12,72.12000274658203,72.80999755859375,71.2699966430664,72.6500015258789,67.9674301147461,2270600
2022-05-13,72.80000305175781,73.5,72.58000183105469,73.02999877929688,68.32292938232422,2069400
2022-05-16,73.05999755859375,73.77999877929688,72.54000091552734,73.69000244140625,68.9404067993164,2864000
2022-05-17,74.16999816894531,74.36000061035156,73.41999816894531,74.33999633789062,69.54850769042969,1981000
2022-05-18,73.9000015258789,74.1500015258789,71.81999969482422,72.12000274658203,67.47158813476562,1994300
2022-05-19,71.55000305175781,72.70999908447266,71.16000366210938,72.5999984741211,67.92064666748047,2580700
2022-05-20,73.13999938964844,73.30000305175781,72.06999969482422,73.2300033569336,68.51004028320312,1695500
2022-05-23,74.19000244140625,74.48999786376953,73.01000213623047,73.37000274658203,68.64102172851562,2322900
2022-05-24,73.48999786376953,73.95999908447266,72.93000030517578,73.9000015258789,69.13687896728516,3259600
2022-05-25,73.83000183105469,77.08000183105469,73.54000091552734,75.19000244140625,70.34371948242188,4050000
2022-05-26,75.18000030517578,76.30000305175781,74.70999908447266,75.75,70.86761474609375,1824200
2022-05-27,76.16000366210938,76.66000366210938,75.5999984741211,76.16000366210938,71.25119018554688,2576200
2022-05-31,75.37999725341797,76.51000213623047,74.75,76.05000305175781,71.14827728271484,3853400
2022-06-01,76.2300033569336,76.4800033569336,74.04000091552734,74.47000122070312,69.67012786865234,1862400
2022-06-02,74.5,74.5,72.30000305175781,74.26000213623047,69.7452621459961,2189400
2022-06-03,74.0,74.43000030517578,72.47000122070312,72.54000091552734,68.12982177734375,1881800
2022-06-06,72.22000122070312,73.2699966430664,71.95999908447266,72.5,68.09225463867188,1917700
2022-06-07,72.30000305175781,72.62000274658203,71.83000183105469,72.58000183105469,68.16739654541016,1989000
2022-06-08,72.5,73.05000305175781,72.18000030517578,72.8499984741211,68.42098236083984,1526200
2022-06-09,72.30000305175781,72.8499984741211,71.5,72.02999877929688,67.65084075927734,2865200
2022-06-10,71.43000030517578,73.62999725341797,71.19000244140625,73.12000274658203,68.67456817626953,3268800
2022-06-13,71.83000183105469,72.6500015258789,71.26000213623047,71.56999969482422,67.21879577636719,3779600
2022-06-14,71.48999786376953,72.1500015258789,67.2300033569336,67.4800033569336,63.37746047973633,6008400
2022-06-15,67.83999633789062,68.73999786376953,66.91000366210938,67.83000183105469,63.70618438720703,3746200
2022-06-16,66.5,66.80000305175781,64.77999877929688,65.29000091552734,61.32060241699219,2918100
2022-06-17,65.43000030517578,66.37000274658203,63.27000045776367,63.83000183105469,59.949363708496094,7244100
2022-06-21,64.56999969482422,64.68000030517578,63.25,64.0199966430664,60.12781524658203,3698000
2022-06-22,63.560001373291016,65.58000183105469,63.2599983215332,64.75,60.81342697143555,2541700
2022-06-23,64.93000030517578,65.55999755859375,64.3499984741211,65.08000183105469,61.12336730957031,2413300
2022-06-24,63.75,67.02999877929688,63.75,66.77999877929688,62.72001266479492,4080300
2022-06-27,66.7699966430664,67.41999816894531,66.30999755859375,66.70999908447266,62.654273986816406,2300600
2022-06-28,67.0,67.0999984741211,65.18000030517578,65.25,61.28303146362305,2548900
2022-06-29,65.48999786376953,65.91999816894531,64.80000305175781,65.80999755859375,61.80899429321289,2589600
2022-06-30,65.30999755859375,65.51000213623047,64.08999633789062,64.2300033569336,60.32505416870117,3410800
2022-07-01,64.0999984741211,65.61000061035156,63.709999084472656,65.48999786376953,61.50843048095703,2517700
2022-07-05,65.01000213623047,65.43000030517578,63.540000915527344,65.38999938964844,61.41450881958008,1937600
2022-07-06,65.4800033569336,65.73999786376953,64.8499984741211,65.11000061035156,61.151546478271484,2242100
2022-07-07,65.11000061035156,65.41000366210938,64.56999969482422,65.20999908447266,61.245460510253906,2509200
2022-07-08,65.37000274658203,65.87000274658203,64.83000183105469,65.18000030517578,61.217288970947266,2268800
2022-07-11,64.63999938964844,65.0,64.22000122070312,64.51000213623047,60.58802795410156,2530700
2022-07-12,64.25,65.12999725341797,64.13999938964844,64.68000030517578,60.747684478759766,2648800
2022-07-13,64.08999633789062,64.44999694824219,63.43000030517578,63.779998779296875,59.90240478515625,2579500
2022-07-14,62.9900016784668,63.68000030517578,62.70000076293945,63.41999816894531,59.56428909301758,2288600
2022-07-15,64.41000366210938,65.18000030517578,64.02999877929688,64.91000366210938,60.96371078491211,1855100
2022-07-18,64.93000030517578,65.44999694824219,64.19000244140625,64.36000061035156,60.447147369384766,1903400
2022-07-19,65.13999938964844,65.58999633789062,64.87999725341797,65.31999969482422,61.34877014160156,2285200
2022-07-20,65.19999694824219,65.6500015258789,64.79000091552734,65.58999633789062,61.60236358642578,2526600
2022-07-21,65.93000030517578,66.58999633789062,65.47000122070312,66.02999877929688,62.0156135559082,2298000
2022-07-22,66.2699966430664,66.44000244140625,65.5999984741211,66.16000366210938,62.13770294189453,1480600
2022-07-25,66.27999877929688,66.47000122070312,65.86000061035156,66.26000213623047,62.231632232666016,2115900
2022-07-26,66.62999725341797,66.77999877929688,65.9000015258789,66.73999786376953,62.68244171142578,2437400
2022-07-27,66.9000015258789,67.06999969482422,65.79000091552734,66.80000305175781,62.738800048828125,3136400
2022-07-28,61.75,62.65999984741211,58.90999984741211,59.5,55.88261413574219,9053900
2022-07-29,59.41999816894531,59.84000015258789,57.91999816894531,58.65999984741211,55.093685150146484,6232100
2022-08-01,58.34000015258789,59.16999816894531,58.029998779296875,58.66999816894531,55.10307312011719,5197900
2022-08-02,58.77000045776367,59.5,58.33000183105469,58.880001068115234,55.3003044128418,3866800
2022-08-03,58.95000076293945,59.09000015258789,57.77000045776367,58.18000030517578,54.64286804199219,4056300
2022-08-04,58.439998626708984,58.599998474121094,57.75,57.90999984741211,54.389278411865234,4493500
2022-08-05,57.77000045776367,58.61000061035156,57.4900016784668,58.59000015258789,55.0279426574707,2448300
2022-08-08,58.9900016784668,59.90999984741211,58.470001220703125,59.709999084472656,56.07984924316406,3053300
2022-08-09,59.54999923706055,59.81999969482422,58.72999954223633,58.95000076293945,55.366050720214844,2530900
2022-08-10,59.20000076293945,60.060001373291016,59.029998779296875,59.900001525878906,56.258296966552734,3130400
2022-08-11,60.06999969482422,61.060001373291016,59.689998626708984,59.970001220703125,56.32404327392578,2073600
2022-08-12,60.0099983215332,60.709999084472656,60.0099983215332,60.459999084472656,56.784244537353516,2114000
2022-08-15,60.33000183105469,62.2400016784668,60.130001068115234,62.02000045776367,58.24940490722656,2991900
2022-08-16,61.68000030517578,61.869998931884766,60.81999969482422,61.84000015258789,58.080352783203125,2889500
2022-08-17,61.54999923706055,61.7599983215332,60.91999816894531,61.380001068115234,57.64832305908203,2124400
2022-08-18,61.41999816894531,61.560001373291016,60.130001068115234,61.04999923706055,57.33837890625,2508400
2022-08-19,61.5099983215332,62.119998931884766,60.79999923706055,61.25,57.526222229003906,5992300
2022-08-22,61.040000915527344,61.150001525878906,59.529998779296875,59.66999816894531,56.04227066040039,3753600
2022-08-23,59.310001373291016,59.54999923706055,58.65999984741211,58.65999984741211,55.093685150146484,2433300
2022-08-24,58.54999923706055,59.099998474121094,58.34000015258789,58.709999084472656,55.14064025878906,2938400
2022-08-25,59.029998779296875,59.95000076293945,58.439998626708984,59.91999816894531,56.27708053588867,2171500
2022-08-26,60.0,60.11000061035156,57.119998931884766,57.16999816894531,53.69426727294922,2544700
2022-08-29,56.79999923706055,57.31999969482422,56.400001525878906,56.9900016784668,53.525211334228516,1859100
2022-08-30,57.189998626708984,57.27000045776367,56.400001525878906,56.47999954223633,53.04621887207031,2745700
2022-08-31,57.27000045776367,58.88999938964844,56.93000030517578,57.459999084472656,53.96663284301758,4137300
2022-09-01,56.939998626708984,57.20000076293945,56.13999938964844,56.7599983215332,53.57960510253906,4454900
2022-09-02,57.029998779296875,57.349998474121094,55.880001068115234,56.209999084472656,53.0604248046875,2656500
2022-09-06,56.4900016784668,56.529998779296875,54.45000076293945,54.65999984741211,51.59727478027344,3081200
2022-09-07,54.7599983215332,58.88999938964844,54.5099983215332,58.72999954223633,55.43922805786133,6328700
2022-09-08,58.130001068115234,59.099998474121094,58.0,58.70000076293945,55.41090393066406,4250300
2022-09-09,58.93000030517578,59.810001373291016,58.68000030517578,59.529998779296875,56.194393157958984,2383600
2022-09-12,59.779998779296875,60.38999938964844,59.63999938964844,59.779998779296875,56.430397033691406,2252300
2022-09-13,58.7400016784668,59.16999816894531,57.97999954223633,58.130001068115234,54.87284469604492,2121700
2022-09-14,58.29999923706055,59.47999954223633,58.150001525878906,59.11000061035156,55.797935485839844,3048500
2022-09-15,59.119998931884766,60.33000183105469,58.58000183105469,58.970001220703125,55.66577911376953,2788700
2022-09-16,58.72999954223633,58.83000183105469,58.099998474121094,58.18000030517578,54.920047760009766,4271000
2022-09-19,57.88999938964844,58.58000183105469,56.61000061035156,58.43000030517578,55.15603256225586,2660300
2022-09-20,58.029998779296875,58.029998779296875,56.189998626708984,56.58000183105469,53.409698486328125,1900500
2022-09-21,56.540000915527344,57.09000015258789,55.45000076293945,55.470001220703125,52.36188888549805,1903300
2022-09-22,55.220001220703125,55.9900016784668,55.0,55.369998931884766,52.26749038696289,2752000
2022-09-23,55.189998626708984,55.58000183105469,54.560001373291016,55.40999984741211,52.30525588989258,2610800
2022-09-26,55.15999984741211,55.4900016784668,53.81999969482422,54.90999984741211,51.83326721191406,2646700
2022-09-27,55.34000015258789,55.5099983215332,53.779998779296875,54.29999923706055,51.2574462890625,2546600
2022-09-28,54.869998931884766,55.91999816894531,54.54999923706055,55.560001373291016,52.44684982299805,3031500
2022-09-29,55.41999816894531,55.97999954223633,54.68000030517578,55.29999923706055,52.201412200927734,3165000
2022-09-30,55.5,55.709999084472656,53.849998474121094,53.86000061035156,50.842105865478516,3972800
2022-10-03,54.25,55.93000030517578,53.810001373291016,55.619998931884766,52.503482818603516,3253800
2022-10-04,56.16999816894531,57.61000061035156,56.06999969482422,57.45000076293945,54.2309455871582,3320900
2022-10-05,56.939998626708984,58.22999954223633,56.720001220703125,57.709999084472656,54.476375579833984,2320300
2022-10-06,57.529998779296875,57.70000076293945,55.959999084472656,56.25,53.09818649291992,3195900
2022-10-07,55.88999938964844,56.13999938964844,55.2599983215332,55.619998931884766,52.503482818603516,2686600
2022-10-10,55.880001068115234,56.0,54.52000045776367,54.97999954223633,51.899349212646484,1937900
2022-10-11,54.90999984741211,56.15999984741211,54.4900016784668,55.810001373291016,52.68284225463867,3161800
2022-10-12,55.63999938964844,55.63999938964844,54.86000061035156,55.0,51.91822814941406,2391400
2022-10-13,54.29999923706055,56.40999984741211,53.849998474121094,56.08000183105469,52.937713623046875,4562100
2022-10-14,56.41999816894531,56.75,54.400001525878906,54.5,51.44624328613281,3896000
2022-10-17,55.2599983215332,55.869998931884766,54.869998931884766,55.25,52.154212951660156,4559100
2022-10-18,56.630001068115234,56.810001373291016,55.45000076293945,55.599998474121094,52.48460006713867,4374200
2022-10-19,55.400001525878906,56.47999954223633,54.529998779296875,55.31999969482422,52.22029495239258,6516600
2022-10-20,55.619998931884766,56.34000015258789,54.88999938964844,55.0,51.91822814941406,3831100
2022-10-21,54.900001525878906,56.540000915527344,54.33000183105469,56.43000030517578,53.26810073852539,4516000
2022-10-24,56.91999816894531,57.36000061035156,56.18000030517578,56.43000030517578,53.26810073852539,3902100
2022-10-25,56.189998626708984,57.20000076293945,55.959999084472656,57.11000061035156,53.90999984741211,4747400
2022-10-26,57.47999954223633,58.119998931884766,57.09000015258789,57.630001068115234,54.400856018066406,5030900
2022-10-27,57.45000076293945,57.619998931884766,53.56999969482422,53.970001220703125,50.94593811035156,8921400
2022-10-28,53.599998474121094,55.630001068115234,53.599998474121094,55.0,51.91822814941406,6383000
2022-10-31,54.880001068115234,55.04999923706055,54.130001068115234,54.349998474121094,51.30464553833008,4766700
2022-11-01,54.689998626708984,54.970001220703125,53.709999084472656,53.7400016784668,50.72883224487305,3555600
2022-11-02,53.47999954223633,53.97999954223633,51.90999984741211,51.93000030517578,49.02024459838867,3947000
2022-11-03,51.40999984741211,51.40999984741211,50.43000030517578,50.439998626708984,47.61372756958008,3176700
2022-11-04,50.86000061035156,50.959999084472656,49.83000183105469,50.58000183105469,47.74589157104492,3864000
2022-11-07,50.79999923706055,52.349998474121094,50.650001525878906,52.34000015258789,49.40726852416992,4623300
2022-11-08,52.27000045776367,53.2599983215332,51.0099983215332,52.650001525878906,49.69990158081055,4665200
2022-11-09,52.810001373291016,53.060001373291016,51.630001068115234,51.650001525878906,48.75593185424805,3358200
2022-11-10,53.34000015258789,54.119998931884766,52.88999938964844,53.72999954223633,50.71939468383789,5843300
2022-11-11,53.970001220703125,55.18000030517578,53.79999923706055,54.880001068115234,51.80494689941406,10218300
2022-11-14,54.86000061035156,55.04999923706055,53.630001068115234,53.68000030517578,50.67218780517578,4128600
2022-11-15,54.029998779296875,54.880001068115234,53.65999984741211,54.34000015258789,51.29520797729492,4134100
2022-11-16,54.560001373291016,55.61000061035156,54.560001373291016,54.939998626708984,51.8615837097168,5892600
2022-11-17,54.279998779296875,54.59000015258789,53.70000076293945,54.31999969482422,51.27632522583008,5058500
2022-11-18,55.0,55.290000915527344,54.52000045776367,55.0,51.91822814941406,4643500
2022-11-21,55.029998779296875,56.5099983215332,55.029998779296875,55.83000183105469,52.70172119140625,2537100
2022-11-22,55.83000183105469,55.84000015258789,54.7599983215332,55.31999969482422,52.22029495239258,3429800
2022-11-23,55.38999938964844,56.459999084472656,55.31999969482422,56.29999923706055,53.145381927490234,3460400
2022-11-25,56.459999084472656,56.72999954223633,55.70000076293945,56.0,52.86219024658203,2125100
2022-11-28,55.70000076293945,56.029998779296875,55.02000045776367,55.189998626708984,52.09757995605469,4321100
2022-11-29,55.0099983215332,55.86000061035156,54.720001220703125,55.34000015258789,52.239173889160156,3962100
2022-11-30,55.47999954223633,56.54999923706055,54.88999938964844,56.529998779296875,53.36249542236328,7416300
2022-12-01,56.5,56.91999816894531,52.29999923706055,52.380001068115234,49.69999313354492,11120100
2022-12-02,51.880001068115234,53.61000061035156,51.779998779296875,53.220001220703125,50.497013092041016,7442900
2022-12-05,52.779998779296875,52.97999954223633,51.130001068115234,51.29999923706055,48.67524719238281,5018300
2022-12-06,51.0,51.869998931884766,50.880001068115234,51.5099983215332,48.8745002746582,4969200
2022-12-07,51.47999954223633,52.77000045776367,51.33000183105469,52.349998474121094,49.67152404785156,5133900
2022-12-08,52.43000030517578,53.15999984741211,52.099998474121094,52.619998931884766,49.92770767211914,3184800
2022-12-09,52.439998626708984,53.099998474121094,52.2599983215332,52.380001068115234,49.69999313354492,4494200
2022-12-12,52.220001220703125,52.689998626708984,51.77000045776367,52.630001068115234,49.937198638916016,3590500
2022-12-13,53.630001068115234,53.79999923706055,52.5099983215332,53.16999816894531,50.4495735168457,4534900
2022-12-14,52.97999954223633,53.349998474121094,52.06999969482422,52.29999923706055,49.62408447265625,6972900
2022-12-15,50.900001525878906,51.4900016784668,49.91999816894531,50.7599983215332,48.162872314453125,7366100
2022-12-16,50.400001525878906,50.869998931884766,49.470001220703125,49.709999084472656,47.166603088378906,9392900
2022-12-19,49.0,50.279998779296875,49.0,49.95000076293945,47.394317626953125,5556700
2022-12-20,49.849998474121094,50.349998474121094,49.59000015258789,49.93000030517578,47.375343322753906,8072500
2022-12-21,50.06999969482422,50.369998931884766,49.81999969482422,50.33000183105469,47.7548828125,3579800
2022-12-22,50.13999938964844,50.38999938964844,49.0099983215332,50.13999938964844,47.57460403442383,3015100
2022-12-23,49.959999084472656,50.209999084472656,49.540000915527344,50.16999816894531,47.603057861328125,1837000
2022-12-27,50.150001525878906,51.02000045776367,49.540000915527344,50.84000015258789,48.23878479003906,2643200
2022-12-28,51.060001373291016,51.70000076293945,50.279998779296875,50.36000061035156,47.783348083496094,2247900
2022-12-29,50.720001220703125,51.439998626708984,50.630001068115234,51.119998931884766,48.50446319580078,2884900
2022-12-30,50.810001373291016,51.040000915527344,50.45000076293945,50.970001220703125,48.36213302612305,1823000
2023-01-03,50.400001525878906,51.36000061035156,50.11000061035156,51.040000915527344,48.42855453491211,2787400
2023-01-04,51.61000061035156,52.5,51.5,52.33000183105469,49.652549743652344,3266600
2023-01-05,51.83000183105469,53.119998931884766,51.83000183105469,52.56999969482422,49.880271911621094,3051500
2023-01-06,50.0,50.380001068115234,47.86000061035156,48.45000076293945,45.971073150634766,11099000
2023-01-09,47.599998474121094,47.95000076293945,44.470001220703125,44.70000076293945,42.41293716430664,13897300
2023-01-10,45.31999969482422,46.41999816894531,45.02000045776367,45.7400016784668,43.39973068237305,5839600
2023-01-11,45.900001525878906,46.02000045776367,45.27000045776367,45.439998626708984,43.11507034301758,5362600
2023-01-12,45.38999938964844,45.63999938964844,44.7400016784668,45.09000015258789,42.78297805786133,8526900
2023-01-13,44.970001220703125,45.060001373291016,44.33000183105469,44.84000015258789,42.5457763671875,6519100
2023-01-17,45.029998779296875,45.119998931884766,44.22999954223633,44.7400016784668,42.45089340209961,6301800
2023-01-18,44.79999923706055,44.97999954223633,43.91999816894531,44.0,41.74875259399414,7749400
2023-01-19,44.0,44.150001525878906,43.36000061035156,43.63999938964844,41.40717315673828,12849500
2023-01-20,43.7400016784668,44.0,43.25,43.880001068115234,41.634891510009766,9199200
2023-01-23,44.0,45.59000015258789,43.9900016784668,45.13999938964844,42.83042526245117,7252900
2023-01-24,44.88999938964844,45.290000915527344,44.560001373291016,44.90999984741211,42.61219024658203,4432500
2023-01-25,44.5,46.2599983215332,44.40999984741211,46.13999938964844,43.77925491333008,4504200
2023-01-26,46.310001373291016,46.369998931884766,45.849998474121094,46.15999984741211,43.79823684692383,3086800
2023-01-27,46.040000915527344,46.33000183105469,45.79999923706055,46.0,43.64642333984375,2936800
2023-01-30,45.939998626708984,46.15999984741211,45.06999969482422,45.13999938964844,42.83042526245117,4313600
2023-01-31,45.29999923706055,45.7599983215332,44.7599983215332,45.689998626708984,43.3522834777832,5078800
2023-02-01,45.88999938964844,46.369998931884766,45.29999923706055,46.279998779296875,43.91209030151367,7610800
2023-02-02,46.41999816894531,47.22999954223633,46.0,47.0099983215332,44.604740142822266,8985300
2023-02-03,46.810001373291016,47.150001525878906,46.349998474121094,46.68000030517578,44.291629791259766,4749800
2023-02-06,46.540000915527344,46.65999984741211,45.130001068115234,45.15999984741211,42.849395751953125,3932300
2023-02-07,44.869998931884766,45.83000183105469,44.540000915527344,45.61000061035156,43.27637481689453,5983800
2023-02-08,45.369998931884766,46.11000061035156,45.34000015258789,45.68000030517578,43.34279251098633,4019400
2023-02-09,41.43000030517578,41.5,38.58000183105469,40.13999938964844,38.086246490478516,22036000
2023-02-10,40.29999923706055,41.59000015258789,39.869998931884766,40.95000076293945,38.85481262207031,12300000
2023-02-13,41.0,41.0,40.0,40.5,38.427825927734375,7348800
2023-02-14,40.5,40.720001220703125,39.900001525878906,39.90999984741211,37.86801528930664,5902200
2023-02-15,39.810001373291016,40.130001068115234,39.47999954223633,40.060001373291016,38.01034164428711,6183300
2023-02-16,39.709999084472656,40.29999923706055,39.22999954223633,39.79999923706055,37.763641357421875,5538300
2023-02-17,39.91999816894531,41.040000915527344,39.58000183105469,41.0,38.90224838256836,10318700
2023-02-21,40.790000915527344,40.84000015258789,40.119998931884766,40.70000076293945,38.61759948730469,6028900
2023-02-22,40.81999969482422,41.38999938964844,40.459999084472656,41.0099983215332,38.91173553466797,6130700
2023-02-23,40.63999938964844,41.040000915527344,40.060001373291016,40.5099983215332,38.711055755615234,5099800
2023-02-24,40.08000183105469,40.369998931884766,39.650001525878906,40.15999984741211,38.37660217285156,4388400
2023-02-27,40.290000915527344,40.58000183105469,39.709999084472656,39.81999969482422,38.051700592041016,5094900
2023-02-28,39.709999084472656,40.06999969482422,39.36000061035156,39.95000076293945,38.175926208496094,8207200
2023-03-01,39.650001525878906,39.95000076293945,38.88999938964844,39.060001373291016,37.32545471191406,6337500
2023-03-02,38.709999084472656,39.7599983215332,38.61000061035156,39.619998931884766,37.86058044433594,4236600
2023-03-03,40.060001373291016,40.33000183105469,39.689998626708984,39.939998626708984,38.1663703918457,4104400
2023-03-06,40.0,40.150001525878906,39.70000076293945,39.709999084472656,37.94658279418945,4330400
2023-03-07,39.619998931884766,39.849998474121094,38.970001220703125,38.9900016784668,37.25856018066406,6239000
2023-03-08,38.79999923706055,39.54999923706055,38.790000915527344,39.439998626708984,37.688575744628906,4862600
2023-03-09,39.810001373291016,39.84000015258789,38.97999954223633,38.9900016784668,37.25856018066406,4225500
2023-03-10,38.790000915527344,39.029998779296875,37.95000076293945,38.02000045776367,36.33163070678711,5830400
2023-03-13,38.0,39.2400016784668,37.7400016784668,38.900001525878906,37.17255401611328,6119800
2023-03-14,39.36000061035156,39.560001373291016,38.810001373291016,39.369998931884766,37.621681213378906,6177500
2023-03-15,38.779998779296875,38.880001068115234,37.9900016784668,38.22999954223633,36.532310485839844,7016000
2023-03-16,37.86000061035156,38.619998931884766,37.83000183105469,38.369998931884766,36.66608810424805,7920500
2023-03-17,38.56999969482422,38.61000061035156,37.349998474121094,37.58000183105469,35.91117477416992,11701700
2023-03-20,37.59000015258789,38.33000183105469,37.52000045776367,38.189998626708984,36.49407958984375,6256700
2023-03-21,38.599998474121094,39.709999084472656,38.59000015258789,39.61000061035156,37.85102462768555,8958300
2023-03-22,39.599998474121094,40.150001525878906,39.130001068115234,39.15999984741211,37.4210090637207,6557700
2023-03-23,39.25,39.40999984741211,38.08000183105469,38.119998931884766,36.42719268798828,4855000
2023-03-24,38.2599983215332,39.470001220703125,38.13999938964844,39.22999954223633,37.4879035949707,7628700
2023-03-27,39.97999954223633,40.40999984741211,39.52000045776367,40.06999969482422,38.29059982299805,5650400
2023-03-28,39.88999938964844,40.220001220703125,39.66999816894531,39.849998474121094,38.08036804199219,2860400
2023-03-29,39.90999984741211,40.61000061035156,39.720001220703125,40.540000915527344,38.73972702026367,4161700
2023-03-30,40.9900016784668,41.11000061035156,40.2599983215332,40.310001373291016,38.51993942260742,4395800
2023-03-31,40.47999954223633,40.63999938964844,40.27000045776367,40.560001373291016,38.75883865356445,4620100
2023-04-03,40.83000183105469,40.849998474121094,39.84000015258789,39.97999954223633,38.204593658447266,6032200
2023-04-04,39.970001220703125,40.689998626708984,39.66999816894531,40.5,38.701499938964844,8661300
2023-04-05,40.689998626708984,42.470001220703125,40.61000061035156,42.2599983215332,40.383338928222656,11518600
2023-04-06,42.459999084472656,42.720001220703125,41.86000061035156,42.29999923706055,40.421566009521484,4393700
2023-04-10,42.0,42.290000915527344,41.61000061035156,42.16999816894531,40.297340393066406,7271400
2023-04-11,42.45000076293945,43.220001220703125,42.38999938964844,42.88999938964844,40.98537063598633,4701100
2023-04-12,43.09000015258789,43.439998626708984,42.349998474121094,42.66999816894531,40.7751350402832,6255800
2023-04-13,42.77000045776367,43.54999923706055,42.77000045776367,43.18000030517578,41.262489318847656,8364400
2023-04-14,43.150001525878906,43.34000015258789,42.86000061035156,43.04999923706055,41.13825988769531,3531400
2023-04-17,43.20000076293945,43.29999923706055,42.880001068115234,42.970001220703125,41.06181716918945,5033900
2023-04-18,43.0099983215332,43.060001373291016,42.720001220703125,42.81999969482422,40.918479919433594,3636900
2023-04-19,42.959999084472656,43.7599983215332,42.91999816894531,43.619998931884766,41.68294906616211,6144900
2023-04-20,43.459999084472656,43.59000015258789,43.130001068115234,43.25,41.329383850097656,3545900
2023-04-21,43.47999954223633,45.45000076293945,43.47999954223633,45.290000915527344,43.27878952026367,11375900
2023-04-24,45.5,45.97999954223633,45.33000183105469,45.400001525878906,43.383907318115234,7830200
2023-04-25,45.09000015258789,46.0099983215332,45.06999969482422,45.439998626708984,43.42212677001953,6439500
2023-04-26,44.81999969482422,46.59000015258789,44.72999954223633,46.08000183105469,44.03371047973633,6618300
2023-04-27,47.0,47.970001220703125,45.060001373291016,46.79999923706055,44.721736907958984,10785100
2023-04-28,46.939998626708984,47.880001068115234,46.68000030517578,47.68000030517578,45.56265640258789,6017900
2023-05-01,47.59000015258789,48.22999954223633,47.310001373291016,47.380001068115234,45.27598190307617,3730000
2023-05-02,47.189998626708984,47.56999969482422,46.83000183105469,47.0099983215332,44.92240905761719,4229700
2023-05-03,47.15999984741211,47.540000915527344,46.470001220703125,46.5,44.43505859375,3526200
2023-05-04,46.130001068115234,46.36000061035156,45.220001220703125,45.290000915527344,43.27878952026367,4159800
2023-05-05,45.540000915527344,46.16999816894531,45.310001373291016,46.04999923706055,44.00503921508789,3290100
2023-05-08,46.5,47.2599983215332,44.81999969482422,45.61000061035156,43.58458709716797,7650300
2023-05-09,44.86000061035156,44.9900016784668,42.439998626708984,43.08000183105469,41.16693115234375,9329700
2023-05-10,43.31999969482422,44.18000030517578,43.099998474121094,43.84000015258789,41.893184661865234,7169200
2023-05-11,43.810001373291016,43.869998931884766,43.04999923706055,43.380001068115234,41.453609466552734,7875700
2023-05-12,43.43000030517578,43.5,42.279998779296875,42.470001220703125,40.58402633666992,5003200
2023-05-15,42.56999969482422,43.13999938964844,42.22999954223633,42.81999969482422,40.918479919433594,3811200
2023-05-16,42.630001068115234,43.68000030517578,42.59000015258789,43.0099983215332,41.100040435791016,4691200
2023-05-17,42.9900016784668,43.22999954223633,42.5,42.779998779296875,40.8802490234375,4206600
2023-05-18,42.59000015258789,43.08000183105469,42.47999954223633,43.029998779296875,41.11915588378906,3338200
2023-05-19,43.25,43.36000061035156,42.75,42.9900016784668,41.0809326171875,3147800
2023-05-22,42.9900016784668,43.290000915527344,42.43000030517578,42.58000183105469,40.689144134521484,3625900
2023-05-23,42.599998474121094,43.25,42.16999816894531,42.5,40.61268997192383,3967700
2023-05-24,42.310001373291016,42.400001525878906,41.810001373291016,42.119998931884766,40.24956130981445,4319300
2023-05-25,41.529998779296875,41.630001068115234,41.0,41.34000015258789,39.50419998168945,3966400
2023-05-26,41.459999084472656,41.65999984741211,40.88999938964844,41.290000915527344,39.4564208984375,2695100
2023-05-30,41.11000061035156,41.11000061035156,40.22999954223633,40.33000183105469,38.53905487060547,9412000
2023-05-31,40.209999084472656,40.95000076293945,39.91999816894531,40.720001220703125,38.911739349365234,12626500
2023-06-01,40.56999969482422,41.33000183105469,40.220001220703125,41.22999954223633,39.68169403076172,3516700
2023-06-02,41.63999938964844,41.709999084472656,40.81999969482422,41.33000183105469,39.77793502807617,3665300
2023-06-05,41.41999816894531,41.75,41.11000061035156,41.650001525878906,40.08591842651367,2479200
2023-06-06,41.5,41.529998779296875,40.84000015258789,40.959999084472656,39.42182922363281,3132500
2023-06-07,41.18000030517578,42.220001220703125,40.939998626708984,42.13999938964844,40.55752182006836,4682200
2023-06-08,42.25,42.380001068115234,40.63999938964844,41.34000015258789,39.78756332397461,4973300
2023-06-09,41.540000915527344,42.220001220703125,41.2400016784668,41.970001220703125,40.39390563964844,3477100
2023-06-12,42.130001068115234,43.150001525878906,41.97999954223633,42.709999084472656,41.106109619140625,3086200
2023-06-13,42.88999938964844,43.72999954223633,42.79999923706055,43.470001220703125,41.83757400512695,3956900
2023-06-14,44.18000030517578,44.470001220703125,43.45000076293945,43.45000076293945,41.818321228027344,5805500
2023-06-15,43.380001068115234,44.59000015258789,43.310001373291016,44.459999084472656,42.7903938293457,4353900
2023-06-16,45.16999816894531,45.529998779296875,44.790000915527344,45.36000061035156,43.65659713745117,7918400
2023-06-20,44.720001220703125,45.599998474121094,44.45000076293945,44.939998626708984,43.25236892700195,5599600
2023-06-21,44.81999969482422,44.88999938964844,43.9900016784668,44.84000015258789,43.156124114990234,3422100
2023-06-22,45.060001373291016,45.5099983215332,44.810001373291016,45.25,43.550724029541016,4618000
2023-06-23,45.0099983215332,45.31999969482422,44.79999923706055,45.040000915527344,43.34861755371094,12036700
2023-06-26,44.88999938964844,45.02000045776367,43.86000061035156,44.709999084472656,43.031005859375,3958900
2023-06-27,44.689998626708984,45.58000183105469,44.22999954223633,45.400001525878906,43.69509506225586,4666800
2023-06-28,45.380001068115234,45.380001068115234,44.84000015258789,45.08000183105469,43.38711166381836,3311600
2023-06-29,44.63999938964844,44.93000030517578,43.959999084472656,44.70000076293945,43.02138900756836,4764900
2023-06-30,45.08000183105469,45.75,44.91999816894531,45.560001373291016,43.84908676147461,4191000
2023-07-03,45.310001373291016,45.75,44.369998931884766,44.68000030517578,43.00213623046875,2155900
2023-07-05,44.7599983215332,45.349998474121094,44.25,45.13999938964844,43.44485855102539,3972200
2023-07-06,44.79999923706055,45.7599983215332,44.59000015258789,45.61000061035156,43.89720916748047,6381900
2023-07-07,45.43000030517578,45.70000076293945,45.220001220703125,45.29999923706055,43.598854064941406,3139400
2023-07-10,45.40999984741211,45.81999969482422,45.119998931884766,45.650001525878906,43.935707092285156,3243500
2023-07-11,45.630001068115234,46.650001525878906,45.529998779296875,46.029998779296875,44.30144119262695,3430400
2023-07-12,46.470001220703125,46.709999084472656,46.02000045776367,46.380001068115234,44.6382942199707,3739900
2023-07-13,46.4900016784668,46.93000030517578,46.4900016784668,46.720001220703125,44.96552658081055,4110800
2023-07-14,46.86000061035156,47.5,46.81999969482422,46.86000061035156,45.10026931762695,4290600
2023-07-17,46.599998474121094,46.79999923706055,46.45000076293945,46.54999923706055,44.801910400390625,3388800
2023-07-18,46.75,47.130001068115234,46.41999816894531,47.04999923706055,45.28313446044922,4561000
2023-07-19,47.20000076293945,47.88999938964844,47.11000061035156,47.849998474121094,46.0530891418457,6409200
2023-07-20,49.349998474121094,50.209999084472656,48.119998931884766,49.290000915527344,47.43901824951172,9346700
2023-07-21,49.34000015258789,49.400001525878906,48.33000183105469,48.560001373291016,46.736427307128906,6256900
2023-07-24,48.2400016784668,48.849998474121094,47.7400016784668,48.279998779296875,46.466941833496094,4583200
2023-07-25,48.0099983215332,49.290000915527344,47.91999816894531,48.79999923706055,46.9674186706543,4918700
2023-07-26,48.650001525878906,49.06999969482422,48.54999923706055,48.95000076293945,47.111778259277344,6713400
2023-07-27,47.22999954223633,47.72999954223633,45.02000045776367,45.47999954223633,43.772090911865234,11084300
2023-07-28,45.56999969482422,47.5099983215332,44.7599983215332,47.0099983215332,45.24462890625,9516600
2023-07-31,46.95000076293945,47.189998626708984,44.86000061035156,45.22999954223633,43.53147888183594,11976800
2023-08-01,45.29999923706055,45.47999954223633,44.77000045776367,45.0,43.310115814208984,6711600
2023-08-02,44.75,44.849998474121094,43.630001068115234,43.90999984741211,42.26105499267578,5458500
2023-08-03,43.70000076293945,44.0,43.560001373291016,43.939998626708984,42.289920806884766,3376700
2023-08-04,43.900001525878906,44.619998931884766,43.7599983215332,43.91999816894531,42.27067184448242,4074100
2023-08-07,43.83000183105469,44.310001373291016,43.439998626708984,43.540000915527344,41.90494918823242,3120000
2023-08-08,43.25,43.369998931884766,42.279998779296875,42.77000045776367,41.16386032104492,3482100
2023-08-09,42.81999969482422,43.290000915527344,42.68000030517578,42.97999954223633,41.36597442626953,4146200
2023-08-10,42.959999084472656,43.439998626708984,42.84000015258789,42.9900016784668,41.3755989074707,3113800
2023-08-11,42.84000015258789,43.36000061035156,42.68000030517578,43.2400016784668,41.6162109375,2624200
2023-08-14,43.25,43.349998474121094,42.77000045776367,42.810001373291016,41.20235824584961,2745600
2023-08-15,42.599998474121094,42.65999984741211,42.150001525878906,42.349998474121094,40.75962829589844,2806800
2023-08-16,42.18000030517578,42.4900016784668,42.040000915527344,42.08000183105469,40.49977111816406,2919200
2023-08-17,42.09000015258789,42.27000045776367,41.5,41.75,40.18216323852539,3325500
2023-08-18,41.540000915527344,42.02000045776367,41.52000045776367,41.790000915527344,40.220664978027344,3956300
2023-08-21,42.060001373291016,42.220001220703125,41.720001220703125,42.029998779296875,40.45164489746094,3121300
2023-08-22,41.900001525878906,42.0,40.650001525878906,41.61000061035156,40.04742431640625,3606900
2023-08-23,41.88999938964844,42.25,41.2599983215332,41.40999984741211,39.85493087768555,3156100
2023-08-24,41.34000015258789,41.88999938964844,40.93000030517578,41.459999084472656,39.90304946899414,2200600
2023-08-25,41.4900016784668,41.79999923706055,41.20000076293945,41.529998779296875,39.970420837402344,3903000
2023-08-28,41.849998474121094,42.349998474121094,41.38999938964844,41.650001525878906,40.08591842651367,2453600
2023-08-29,41.849998474121094,42.439998626708984,41.63999938964844,42.33000183105469,40.74038314819336,2348300
2023-08-30,42.400001525878906,42.61000061035156,41.900001525878906,41.970001220703125,40.39390563964844,2088200
2023-08-31,41.81999969482422,41.81999969482422,40.58000183105469,40.599998474121094,39.347225189208984,3672500
2023-09-01,40.880001068115234,41.04999923706055,40.5,40.599998474121094,39.347225189208984,2548900
2023-09-05,40.439998626708984,40.439998626708984,38.630001068115234,38.9900016784668,37.78690719604492,5005200
2023-09-06,38.84000015258789,39.79999923706055,37.9900016784668,39.63999938964844,38.416847229003906,7249800
2023-09-07,39.65999984741211,39.91999816894531,38.79999923706055,38.970001220703125,37.76752471923828,5980400
2023-09-08,38.970001220703125,38.9900016784668,38.2599983215332,38.66999816894531,37.47677993774414,2449900
2023-09-11,38.93000030517578,39.13999938964844,38.56999969482422,38.70000076293945,37.50585174560547,2790700
2023-09-12,38.939998626708984,38.9900016784668,38.220001220703125,38.33000183105469,37.147274017333984,2127900
2023-09-13,38.22999954223633,39.130001068115234,38.22999954223633,39.11000061035156,37.903202056884766,3529800
2023-09-14,39.29999923706055,39.400001525878906,38.79999923706055,39.150001525878906,37.94197082519531,3233500
2023-09-15,39.31999969482422,39.61000061035156,38.9900016784668,39.08000183105469,37.87413024902344,6595100
2023-09-18,39.029998779296875,39.13999938964844,38.56999969482422,38.72999954223633,37.53492736816406,3291800
2023-09-19,38.61000061035156,38.97999954223633,38.459999084472656,38.959999084472656,37.75782775878906,3682000
2023-09-20,39.2400016784668,39.27000045776367,38.29999923706055,38.470001220703125,37.28295135498047,3122200
2023-09-21,38.25,38.45000076293945,37.97999954223633,38.11000061035156,36.93406295776367,3970500
2023-09-22,38.0099983215332,38.130001068115234,37.41999816894531,37.70000076293945,36.536712646484375,4388600
2023-09-25,37.599998474121094,37.689998626708984,37.369998931884766,37.5,36.34288024902344,2949300
2023-09-26,37.34000015258789,37.4900016784668,37.20000076293945,37.31999969482422,36.168434143066406,4231600
2023-09-27,37.400001525878906,37.63999938964844,37.04999923706055,37.33000183105469,36.178131103515625,3639300
2023-09-28,37.5099983215332,37.790000915527344,37.380001068115234,37.540000915527344,36.381649017333984,4066100
2023-09-29,37.790000915527344,37.93000030517578,37.349998474121094,37.7400016784668,36.57547378540039,3609800
2023-10-02,37.45000076293945,37.70000076293945,37.22999954223633,37.349998474121094,36.197505950927734,3953400
2023-10-03,37.209999084472656,37.38999938964844,36.65999984741211,36.779998779296875,35.64509582519531,5685300
2023-10-04,36.88999938964844,37.040000915527344,36.65999984741211,36.959999084472656,35.81954574584961,3686600
2023-10-05,36.97999954223633,37.20000076293945,36.790000915527344,37.02000045776367,35.87769317626953,5590300
2023-10-06,36.7599983215332,37.040000915527344,36.58000183105469,36.619998931884766,35.49003219604492,6766200
2023-10-09,36.369998931884766,36.52000045776367,36.0099983215332,36.4900016784668,35.364044189453125,6186400
2023-10-10,36.70000076293945,37.36000061035156,36.349998474121094,37.31999969482422,36.168434143066406,5493500
2023-10-11,35.79999923706055,36.279998779296875,32.29999923706055,32.7400016784668,31.729759216308594,19699700
2023-10-12,33.0,33.31999969482422,31.6299991607666,31.709999084472656,30.731538772583008,18394900
2023-10-13,31.549999237060547,32.189998626708984,31.469999313354492,31.84000015258789,30.857528686523438,6349200
2023-10-16,31.84000015258789,32.349998474121094,31.010000228881836,31.979999542236328,30.993207931518555,8613100
2023-10-17,31.639999389648438,32.58000183105469,31.31999969482422,31.84000015258789,30.857528686523438,6261200
2023-10-18,31.809999465942383,32.41999816894531,31.65999984741211,32.060001373291016,31.07073974609375,7611500
2023-10-19,32.029998779296875,33.2400016784668,31.700000762939453,32.61000061035156,31.603769302368164,6037100
2023-10-20,32.58000183105469,33.13999938964844,32.54999923706055,32.689998626708984,31.681299209594727,5809800
2023-10-23,32.5,32.9900016784668,32.5,32.849998474121094,31.836362838745117,4269400
2023-10-24,32.91999816894531,33.209999084472656,32.4900016784668,32.56999969482422,31.56500244140625,4201400
2023-10-25,32.38999938964844,32.41999816894531,31.8799991607666,32.15999984741211,31.16765594482422,4167100
2023-10-26,32.0,32.66999816894531,31.889999389648438,32.45000076293945,31.448705673217773,5123100
2023-10-27,32.68000030517578,32.77000045776367,32.060001373291016,32.15999984741211,31.16765594482422,4608900
2023-10-30,32.45000076293945,32.560001373291016,31.75,32.040000915527344,31.051359176635742,4730000
2023-10-31,32.06999969482422,32.4900016784668,32.060001373291016,32.43000030517578,31.429323196411133,5732000
2023-11-01,32.45000076293945,32.849998474121094,32.220001220703125,32.790000915527344,31.778213500976562,5278500
2023-11-02,32.880001068115234,34.540000915527344,32.279998779296875,34.25,33.19316482543945,8537600
2023-11-03,35.09000015258789,35.279998779296875,33.5,33.959999084472656,32.912109375,6502400
2023-11-06,34.060001373291016,34.599998474121094,33.84000015258789,34.4900016784668,33.42576217651367,4231500
2023-11-07,34.45000076293945,34.58000183105469,34.15999984741211,34.209999084472656,33.15439987182617,4745000
2023-11-08,34.459999084472656,34.459999084472656,33.83000183105469,34.04999923706055,32.99933624267578,3910700
2023-11-09,33.95000076293945,34.08000183105469,32.810001373291016,32.83000183105469,31.81698226928711,4905000
2023-11-10,33.0,33.0,32.52000045776367,32.81999969482422,31.80729103088379,4841500
2023-11-13,33.27000045776367,34.130001068115234,33.0099983215332,33.709999084472656,32.669830322265625,9132800
2023-11-14,34.0,34.72999954223633,34.0,34.349998474121094,33.290077209472656,4244400
2023-11-15,34.34000015258789,35.33000183105469,34.279998779296875,35.310001373291016,34.220462799072266,5844500
2023-11-16,35.290000915527344,35.54999923706055,35.02000045776367,35.45000076293945,34.356136322021484,5426800
2023-11-17,35.65999984741211,35.7400016784668,35.27000045776367,35.459999084472656,34.36582565307617,4437200
2023-11-20,35.5,35.869998931884766,35.209999084472656,35.619998931884766,34.52088928222656,3717500
2023-11-21,35.7599983215332,35.83000183105469,35.54999923706055,35.70000076293945,34.59842300415039,2688400
2023-11-22,35.95000076293945,35.97999954223633,35.72999954223633,35.869998931884766,34.76317596435547,2403400
2023-11-24,35.81999969482422,36.2400016784668,35.81999969482422,36.02000045776367,34.908546447753906,1289400
2023-11-27,35.93000030517578,36.5,35.90999984741211,36.41999816894531,35.29620361328125,3529400
2023-11-28,36.34000015258789,36.560001373291016,36.119998931884766,36.34000015258789,35.21867752075195,2636100
2023-11-29,36.349998474121094,36.83000183105469,36.27000045776367,36.400001525878906,35.27682113647461,2890300
2023-11-30,36.16999816894531,36.400001525878906,35.90999984741211,36.08000183105469,35.24751663208008,5290200
2023-12-01,36.099998474121094,36.66999816894531,35.95000076293945,36.54999923706055,35.70667266845703,4206900
2023-12-04,36.27000045776367,37.18000030517578,36.16999816894531,36.88999938964844,36.03882598876953,3930700
2023-12-05,36.689998626708984,36.79999923706055,35.720001220703125,35.79999923706055,34.973976135253906,3015700
2023-12-06,35.849998474121094,36.130001068115234,35.619998931884766,35.93000030517578,35.10097885131836,3338700
2023-12-07,36.06999969482422,36.58000183105469,35.90999984741211,36.529998779296875,35.687129974365234,3973800
2023-12-08,36.630001068115234,36.66999816894531,36.08000183105469,36.150001525878906,35.31590270996094,3086500
2023-12-11,36.20000076293945,36.4900016784668,36.08000183105469,36.41999816894531,35.57966995239258,3452800
2023-12-12,36.61000061035156,36.790000915527344,35.959999084472656,36.689998626708984,35.843441009521484,3783500
2023-12-13,36.56999969482422,37.66999816894531,36.40999984741211,37.630001068115234,36.76175308227539,3886800
2023-12-14,38.27000045776367,39.209999084472656,38.13999938964844,38.95000076293945,38.051300048828125,6347000
2023-12-15,38.75,39.16999816894531,38.5099983215332,38.70000076293945,37.807064056396484,6879700
2023-12-18,38.849998474121094,38.849998474121094,38.31999969482422,38.33000183105469,37.44560241699219,2721400
2023-12-19,38.45000076293945,38.720001220703125,38.279998779296875,38.689998626708984,37.79729080200195,2196900
2023-12-20,38.709999084472656,38.880001068115234,38.4900016784668,38.599998474121094,37.70936965942383,4702400
2023-12-21,38.709999084472656,39.0099983215332,38.130001068115234,38.90999984741211,38.0122184753418,5045500
2023-12-22,39.150001525878906,39.459999084472656,38.29999923706055,38.380001068115234,37.49444580078125,4402800
2023-12-26,38.27000045776367,38.83000183105469,38.20000076293945,38.58000183105469,37.68983459472656,2396200
2023-12-27,38.34000015258789,38.7599983215332,38.290000915527344,38.65999984741211,37.76798629760742,2889200
2023-12-28,38.63999938964844,38.970001220703125,38.40999984741211,38.79999923706055,37.904754638671875,2368800
2023-12-29,38.720001220703125,38.9900016784668,38.599998474121094,38.65999984741211,37.76798629760742,2475600
2024-01-02,38.470001220703125,39.79999923706055,38.310001373291016,38.849998474121094,37.9536018371582,5707000
2024-01-03,38.599998474121094,38.880001068115234,38.04999923706055,38.130001068115234,37.250213623046875,4911700
2024-01-04,38.15999984741211,38.970001220703125,37.95000076293945,38.630001068115234,37.73868179321289,4271400
2024-01-05,38.47999954223633,39.650001525878906,38.380001068115234,39.15999984741211,38.256446838378906,3453700
2024-01-08,39.369998931884766,42.2400016784668,39.220001220703125,40.66999816894531,39.731605529785156,11038200
2024-01-09,40.45000076293945,41.2400016784668,40.369998931884766,40.65999984741211,39.72184371948242,4144500
2024-01-10,40.709999084472656,40.810001373291016,40.119998931884766,40.290000915527344,39.36037826538086,2353400
2024-01-11,40.2400016784668,40.36000061035156,39.790000915527344,40.040000915527344,39.116146087646484,2459700
2024-01-12,40.25,40.40999984741211,39.849998474121094,40.0,39.07707214355469,2910800
2024-01-16,39.68000030517578,39.720001220703125,38.939998626708984,39.04999923706055,38.148990631103516,4272800
2024-01-17,38.81999969482422,39.15999984741211,38.560001373291016,38.689998626708984,37.79729080200195,4003300
2024-01-18,38.5099983215332,38.849998474121094,38.0099983215332,38.84000015258789,37.94383239746094,3508500
2024-01-19,38.880001068115234,38.880001068115234,38.33000183105469,38.599998474121094,37.70936965942383,2790200
2024-01-22,38.709999084472656,39.2599983215332,38.58000183105469,38.720001220703125,37.826602935791016,2799000
2024-01-23,38.95000076293945,39.02000045776367,38.20000076293945,38.41999816894531,37.53352355957031,1882900
2024-01-24,38.29999923706055,38.59000015258789,37.869998931884766,37.880001068115234,37.00598907470703,2073800
2024-01-25,38.220001220703125,39.0099983215332,38.150001525878906,38.9900016784668,38.09037399291992,2840700
2024-01-26,39.209999084472656,39.31999969482422,38.630001068115234,38.790000915527344,37.89498519897461,2228900
2024-01-29,38.61000061035156,39.369998931884766,38.47999954223633,39.08000183105469,38.17829895019531,3052800
2024-01-30,39.16999816894531,39.16999816894531,38.63999938964844,38.70000076293945,37.807064056396484,2026600
2024-01-31,39.0,39.38999938964844,38.61000061035156,38.689998626708984,37.79729080200195,3080700
2024-02-01,38.560001373291016,39.52000045776367,38.439998626708984,39.189998626708984,38.28575897216797,2862100
2024-02-02,39.029998779296875,39.27000045776367,38.45000076293945,38.97999954223633,38.080604553222656,2688400
2024-02-05,38.70000076293945,39.16999816894531,38.52000045776367,38.529998779296875,37.640987396240234,2609800
2024-02-06,38.540000915527344,39.72999954223633,38.47999954223633,39.709999084472656,38.793758392333984,3651900
2024-02-07,39.79999923706055,39.88999938964844,39.09000015258789,39.380001068115234,38.47137451171875,5802200
2024-02-08,39.0,41.310001373291016,38.11000061035156,40.459999084472656,39.52645492553711,7956200
2024-02-09,40.5,40.5,38.779998779296875,39.54999923706055,38.637451171875,4745100
2024-02-12,39.689998626708984,40.349998474121094,39.15999984741211,40.310001373291016,39.37991714477539,3560500
2024-02-13,40.029998779296875,40.439998626708984,39.08000183105469,39.619998931884766,38.705833435058594,3567800
2024-02-14,39.75,40.0,39.47999954223633,39.63999938964844,38.725372314453125,4198700
2024-02-15,39.75,41.2599983215332,39.75,40.939998626708984,39.99537658691406,6525600
2024-02-16,40.90999984741211,41.869998931884766,40.77000045776367,41.220001220703125,40.2689208984375,5250000
2024-02-20,41.15999984741211,42.04999923706055,41.040000915527344,41.77000045776367,40.80622863769531,5002700
2024-02-21,41.66999816894531,42.279998779296875,41.369998931884766,42.22999954223633,41.255615234375,3910400
2024-02-22,42.06999969482422,42.130001068115234,41.25,42.0099983215332,41.040687561035156,4115900
2024-02-23,41.9900016784668,42.869998931884766,41.619998931884766,42.54999923706055,41.56822967529297,3262600
2024-02-26,42.439998626708984,42.540000915527344,41.810001373291016,42.0,41.030921936035156,2346200
2024-02-27,41.91999816894531,42.18000030517578,41.560001373291016,41.849998474121094,40.88438415527344,2137600
2024-02-28,41.63999938964844,41.650001525878906,41.15999984741211,41.560001373291016,40.60107421875,2792000
2024-02-29,41.400001525878906,41.400001525878906,40.61000061035156,40.91999816894531,40.25674819946289,5249100
2024-03-01,40.91999816894531,41.209999084472656,40.27000045776367,41.0099983215332,40.34528350830078,2825000
2024-03-04,41.0,42.63999938964844,40.84000015258789,42.5,41.81113815307617,6431100
2024-03-05,43.560001373291016,43.93000030517578,42.2400016784668,42.40999984741211,41.72259521484375,6879200
2024-03-06,42.45000076293945,43.02000045776367,42.06999969482422,42.9900016784668,42.29319763183594,3445700
2024-03-07,43.29999923706055,43.68000030517578,43.040000915527344,43.4900016784668,42.78509521484375,3949700
2024-03-08,43.380001068115234,44.0099983215332,43.290000915527344,43.77000045776367,43.06055450439453,2816300
2024-03-11,43.650001525878906,43.970001220703125,43.380001068115234,43.47999954223633,42.77525329589844,1973200
2024-03-12,43.2599983215332,43.369998931884766,42.81999969482422,42.88999938964844,42.19481658935547,3648600
2024-03-13,42.959999084472656,43.349998474121094,42.369998931884766,42.68000030517578,41.98822021484375,3852000
2024-03-14,42.400001525878906,42.63999938964844,41.66999816894531,42.02000045776367,41.33891677856445,3795700
2024-03-15,41.310001373291016,41.90999984741211,41.29999923706055,41.61000061035156,40.93556213378906,5489400
2024-03-18,41.63999938964844,41.93000030517578,41.2400016784668,41.540000915527344,40.86669921875,2697300
2024-03-19,41.54999923706055,41.97999954223633,41.439998626708984,41.95000076293945,41.27005386352539,3372300
2024-03-20,41.91999816894531,42.150001525878906,41.58000183105469,41.83000183105469,41.152000427246094,2059700
2024-03-21,41.97999954223633,42.349998474121094,41.47999954223633,42.0099983215332,41.329078674316406,3736100
2024-03-22,42.06999969482422,42.220001220703125,41.59000015258789,41.939998626708984,41.260215759277344,2060500
2024-03-25,42.150001525878906,42.33000183105469,41.560001373291016,41.790000915527344,41.11264419555664,4388200
2024-03-26,41.84000015258789,41.91999816894531,41.25,41.540000915527344,40.86669921875,4566400
2024-03-27,41.849998474121094,42.790000915527344,41.7400016784668,42.689998626708984,41.9980583190918,4168600
2024-03-28,42.7400016784668,43.119998931884766,42.61000061035156,42.7400016784668,42.04724884033203,3951700
2024-04-01,43.5,43.9900016784668,43.04999923706055,43.54999923706055,42.8441162109375,4552700
2024-04-02,42.97999954223633,43.310001373291016,42.68000030517578,42.90999984741211,42.21449279785156,2900600
2024-04-03,42.959999084472656,43.720001220703125,42.75,43.279998779296875,42.578495025634766,2544700
2024-04-04,43.58000183105469,43.70000076293945,42.380001068115234,42.630001068115234,41.939029693603516,3126300
2024-04-05,42.45000076293945,42.79999923706055,42.380001068115234,42.619998931884766,41.92919158935547,2970200
2024-04-08,42.54999923706055,42.779998779296875,42.099998474121094,42.25,41.565189361572266,2397900
2024-04-09,42.40999984741211,42.86000061035156,42.16999816894531,42.83000183105469,42.13579177856445,2773000
2024-04-10,42.2400016784668,42.27000045776367,41.33000183105469,42.0,41.31924057006836,3615400
2024-04-11,42.439998626708984,42.47999954223633,41.689998626708984,42.119998931884766,41.437294006347656,3060600
2024-04-12,41.7400016784668,41.900001525878906,40.209999084472656,40.33000183105469,39.67631149291992,4126900
2024-04-15,40.709999084472656,40.849998474121094,39.81999969482422,40.040000915527344,39.391014099121094,3062100
2024-04-16,40.0,40.04999923706055,39.349998474121094,39.56999969482422,38.928627014160156,2658800
2024-04-17,39.709999084472656,39.849998474121094,39.459999084472656,39.52000045776367,38.87944030761719,2809400
2024-04-18,39.7400016784668,39.7400016784668,39.290000915527344,39.650001525878906,39.0073356628418,2332100
2024-04-19,39.93000030517578,40.08000183105469,39.38999938964844,39.470001220703125,38.83024978637695,2808400
2024-04-22,39.779998779296875,40.81999969482422,39.529998779296875,40.400001525878906,39.74517822265625,3272900
2024-04-23,40.400001525878906,41.18000030517578,40.25,41.02000045776367,40.355125427246094,2646300
2024-04-24,40.779998779296875,41.060001373291016,40.540000915527344,40.93000030517578,40.26658630371094,2161900
2024-04-25,40.75,40.790000915527344,39.77000045776367,40.22999954223633,39.57793045043945,3568000
2024-04-26,40.209999084472656,40.41999816894531,39.970001220703125,40.130001068115234,39.47955322265625,2013200
2024-04-29,40.18000030517578,40.959999084472656,40.06999969482422,40.63999938964844,39.981285095214844,3263000
2024-04-30,40.29999923706055,40.709999084472656,40.04999923706055,40.369998931884766,39.715660095214844,3465100
2024-05-01,40.130001068115234,40.70000076293945,39.959999084472656,40.34000015258789,39.6861457824707,3358200
2024-05-02,39.099998474121094,39.150001525878906,36.20000076293945,36.90999984741211,36.31174087524414,10810800
2024-05-03,37.22999954223633,37.43000030517578,36.5,36.88999938964844,36.29206466674805,6246800
2024-05-06,37.04999923706055,37.099998474121094,36.279998779296875,36.5099983215332,35.9182243347168,5784400
2024-05-07,36.77000045776367,36.810001373291016,35.970001220703125,36.119998931884766,35.5345458984375,5717600
2024-05-08,35.9900016784668,36.209999084472656,35.709999084472656,35.75,35.1705436706543,5194200
2024-05-09,35.75,35.95000076293945,35.56999969482422,35.95000076293945,35.367305755615234,5067900
2024-05-10,35.619998931884766,36.150001525878906,35.54999923706055,35.689998626708984,35.11151885986328,3963000
2024-05-13,35.70000076293945,36.08000183105469,35.38999938964844,35.43000030517578,34.85573196411133,4461700
2024-05-14,35.470001220703125,35.7599983215332,34.939998626708984,35.2400016784668,34.6688117980957,4472900
2024-05-15,35.36000061035156,35.56999969482422,35.2400016784668,35.43000030517578,34.85573196411133,4906900
2024-05-16,35.47999954223633,35.58000183105469,35.119998931884766,35.16999816894531,34.599945068359375,5884000
2024-05-17,35.18000030517578,35.439998626708984,34.880001068115234,35.25,34.678646087646484,3583400
2024-05-20,35.20000076293945,35.34000015258789,34.91999816894531,35.02000045776367,34.4523811340332,2307400
2024-05-21,35.02000045776367,35.099998474121094,34.41999816894531,34.45000076293945,33.89161682128906,4961100
2024-05-22,34.380001068115234,34.70000076293945,34.349998474121094,34.349998474121094,33.793235778808594,2781300
2024-05-23,34.040000915527344,34.20000076293945,33.58000183105469,34.0,33.448909759521484,6329300
2024-05-24,34.36000061035156,34.38999938964844,33.779998779296875,33.900001525878906,33.35053253173828,4982200
2024-05-28,33.7599983215332,34.09000015258789,33.52000045776367,33.849998474121094,33.30133819580078,3571400
2024-05-29,33.70000076293945,33.869998931884766,33.150001525878906,33.189998626708984,32.652034759521484,4258800
2024-05-30,33.0,33.58000183105469,33.0,33.43000030517578,32.88814926147461,3888900
2024-05-31,33.22999954223633,34.11000061035156,33.20000076293945,34.09000015258789,33.830928802490234,5923100
2024-06-03,33.900001525878906,34.380001068115234,33.709999084472656,34.08000183105469,33.821006774902344,4443500
2024-06-04,34.0,34.15999984741211,33.2400016784668,33.29999923706055,33.046932220458984,5622200
2024-06-05,33.27000045776367,33.27000045776367,32.7599983215332,33.189998626708984,32.937767028808594,7123300
2024-06-06,33.150001525878906,33.529998779296875,32.959999084472656,33.31999969482422,33.06678009033203,4845900
2024-06-07,33.150001525878906,33.40999984741211,32.880001068115234,33.15999984741211,32.907997131347656,5069500
2024-06-10,33.08000183105469,33.130001068115234,32.689998626708984,32.88999938964844,32.64004898071289,4333600
2024-06-11,32.84000015258789,32.88999938964844,32.47999954223633,32.869998931884766,32.620201110839844,4440000
2024-06-12,33.15999984741211,33.52000045776367,32.900001525878906,33.310001373291016,33.05685806274414,4349100
2024-06-13,33.150001525878906,33.790000915527344,32.90999984741211,33.7400016784668,33.48359298706055,5476800
2024-06-14,33.560001373291016,33.83000183105469,33.40999984741211,33.779998779296875,33.523284912109375,4085300
2024-06-17,33.5099983215332,34.189998626708984,33.459999084472656,33.90999984741211,33.65229797363281,4010300
2024-06-18,34.0,34.15999984741211,33.66999816894531,33.72999954223633,33.47366714477539,4219500
2024-06-20,33.58000183105469,34.2400016784668,33.5,34.0,33.741615295410156,3964700
2024-06-21,34.09000015258789,34.36000061035156,33.95000076293945,34.290000915527344,34.02941131591797,6949900
2024-06-24,34.27000045776367,34.369998931884766,33.91999816894531,34.189998626708984,33.93016815185547,3766600
2024-06-25,34.08000183105469,34.220001220703125,33.84000015258789,33.959999084472656,33.7019157409668,3691100
2024-06-26,33.65999984741211,33.970001220703125,33.470001220703125,33.900001525878906,33.64237594604492,3279900
2024-06-27,33.900001525878906,33.900001525878906,33.41999816894531,33.52000045776367,33.265262603759766,3628000
2024-06-28,33.65999984741211,33.75,33.099998474121094,33.45000076293945,33.19579315185547,7320100
2024-07-01,33.5,34.18000030517578,33.060001373291016,33.060001373291016,32.80875778198242,4474800
2024-07-02,33.099998474121094,33.279998779296875,32.689998626708984,32.849998474121094,32.6003532409668,3932200
2024-07-03,32.900001525878906,33.209999084472656,32.72999954223633,33.15999984741211,32.907997131347656,1988700
2024-07-05,33.279998779296875,35.20000076293945,32.79999923706055,34.90999984741211,34.64469909667969,11285400
2024-07-08,34.77000045776367,34.869998931884766,33.40999984741211,33.61000061035156,33.35457992553711,7364000
2024-07-09,33.790000915527344,34.11000061035156,33.380001068115234,34.0099983215332,33.75153732299805,4687400
2024-07-10,33.900001525878906,34.29999923706055,33.66999816894531,34.25,33.989715576171875,2990000
2024-07-11,34.47999954223633,35.38999938964844,34.47999954223633,35.220001220703125,34.95234298706055,4238600
2024-07-12,35.2599983215332,35.540000915527344,35.02000045776367,35.31999969482422,35.05158233642578,3670900
2024-07-15,34.20000076293945,34.900001525878906,33.939998626708984,33.970001220703125,33.71184158325195,3645000
2024-07-16,34.099998474121094,35.56999969482422,33.880001068115234,35.540000915527344,35.26991271972656,11147600
2024-07-17,35.619998931884766,36.369998931884766,35.459999084472656,35.68000030517578,35.40884780883789,6069100
2024-07-18,35.52000045776367,36.369998931884766,35.47999954223633,35.68000030517578,35.40884780883789,5912100
2024-07-19,35.869998931884766,35.869998931884766,35.16999816894531,35.349998474121094,35.08135223388672,4497400
2024-07-22,35.43000030517578,35.529998779296875,34.959999084472656,35.36000061035156,35.091278076171875,3177200
2024-07-23,35.40999984741211,35.43000030517578,35.119998931884766,35.27000045776367,35.0019645690918,4712700
2024-07-24,35.43000030517578,35.619998931884766,35.130001068115234,35.4900016784668,35.22029113769531,3977900
2024-07-25,35.45000076293945,36.099998474121094,35.06999969482422,35.09000015258789,34.82332992553711,3403400
2024-07-26,35.349998474121094,35.86000061035156,35.099998474121094,35.5099983215332,35.240135192871094,3470500
2024-07-29,35.560001373291016,36.20000076293945,35.43000030517578,36.02000045776367,35.74626159667969,3824900
2024-07-30,35.790000915527344,36.2400016784668,35.77000045776367,35.90999984741211,35.63710021972656,3242900
2024-07-31,35.90999984741211,36.34000015258789,35.720001220703125,35.81999969482422,35.54778289794922,5261000
2024-08-01,35.95000076293945,36.08000183105469,34.779998779296875,36.0099983215332,35.73633575439453,9462800
2024-08-02,35.959999084472656,36.060001373291016,34.90999984741211,35.27000045776367,35.0019645690918,6025400
2024-08-05,35.2599983215332,35.5,34.16999816894531,34.63999938964844,34.37675094604492,6023100
2024-08-06,34.97999954223633,37.65999984741211,33.95000076293945,36.91999816894531,36.63941955566406,11776700
2024-08-07,37.52000045776367,37.88999938964844,36.529998779296875,36.59000015258789,36.31193161010742,5157400
2024-08-08,36.68000030517578,37.540000915527344,36.439998626708984,37.41999816894531,37.1356201171875,3730600
2024-08-09,37.400001525878906,37.689998626708984,37.06999969482422,37.150001525878906,36.86767578125,3892900
2024-08-12,37.150001525878906,37.5,36.900001525878906,36.93000030517578,36.649349212646484,2839800
2024-08-13,35.5,36.18000030517578,33.849998474121094,34.5099983215332,34.247737884521484,9722800
2024-08-14,34.81999969482422,35.630001068115234,34.58000183105469,35.529998779296875,35.259986877441406,6968700
2024-08-15,35.77000045776367,36.099998474121094,35.58000183105469,35.72999954223633,35.458465576171875,4298200
2024-08-16,35.79999923706055,36.2599983215332,35.61000061035156,36.119998931884766,35.84550094604492,2923900
2024-08-19,36.119998931884766,36.4900016784668,36.099998474121094,36.459999084472656,36.182918548583984,2477000
2024-08-20,36.34000015258789,36.45000076293945,35.97999954223633,36.220001220703125,35.94474411010742,2947200
2024-08-21,36.36000061035156,36.5,36.040000915527344,36.18000030517578,35.90504837036133,2577700
2024-08-22,36.38999938964844,36.72999954223633,36.279998779296875,36.4900016784668,36.21269226074219,3393200
2024-08-23,36.65999984741211,37.59000015258789,36.54999923706055,37.540000915527344,37.25471115112305,2702100
2024-08-26,37.619998931884766,38.38999938964844,37.45000076293945,37.93000030517578,37.641746520996094,2397100
2024-08-27,37.939998626708984,38.119998931884766,37.810001373291016,37.90999984741211,37.62189865112305,2621900
2024-08-28,37.939998626708984,38.099998474121094,37.439998626708984,37.81999969482422,37.5325813293457,2339900
2024-08-29,38.04999923706055,38.40999984741211,37.61000061035156,38.15999984741211,37.869998931884766,2353400
2024-08-30,37.959999084472656,38.470001220703125,37.7400016784668,37.939998626708984,37.939998626708984,4248900
2024-09-03,37.83000183105469,38.400001525878906,37.720001220703125,37.849998474121094,37.849998474121094,3255400
2024-09-04,37.599998474121094,38.34000015258789,37.380001068115234,37.529998779296875,37.529998779296875,2640000
2024-09-05,37.56999969482422,39.0099983215332,37.130001068115234,38.81999969482422,38.81999969482422,6375700
2024-09-06,38.81999969482422,39.47999954223633,38.40999984741211,38.959999084472656,38.959999084472656,6154900
2024-09-09,39.04999923706055,39.720001220703125,38.599998474121094,39.22999954223633,39.22999954223633,3392900
2024-09-10,39.22999954223633,39.41999816894531,38.900001525878906,39.209999084472656,39.209999084472656,4576000
2024-09-11,39.029998779296875,39.349998474121094,38.4900016784668,39.27000045776367,39.27000045776367,3649300
2024-09-12,39.189998626708984,39.400001525878906,38.540000915527344,39.380001068115234,39.380001068115234,2877300
2024-09-13,39.5,40.060001373291016,39.470001220703125,39.720001220703125,39.720001220703125,3239800
2024-09-16,39.880001068115234,40.310001373291016,39.709999084472656,40.2599983215332,40.2599983215332,2617900
2024-09-17,40.15999984741211,40.4900016784668,39.65999984741211,39.810001373291016,39.810001373291016,2198600
2024-09-18,39.75,40.04999923706055,39.20000076293945,39.369998931884766,39.369998931884766,3101200
2024-09-19,39.68000030517578,39.709999084472656,38.619998931884766,38.7599983215332,38.7599983215332,3340900
2024-09-20,38.5,38.79999923706055,38.27000045776367,38.4900016784668,38.4900016784668,5224000
2024-09-23,38.709999084472656,39.22999954223633,38.2599983215332,39.0,39.0,3278800
2024-09-24,38.95000076293945,39.220001220703125,38.849998474121094,38.97999954223633,38.97999954223633,1754400
2024-09-25,39.16999816894531,39.16999816894531,37.91999816894531,38.34000015258789,38.34000015258789,3648900
2024-09-26,38.43000030517578,38.810001373291016,38.41999816894531,38.709999084472656,38.709999084472656,2558700
2024-09-27,38.970001220703125,39.56999969482422,38.599998474121094,38.90999984741211,38.90999984741211,2662600
2024-09-30,37.75,38.130001068115234,37.31999969482422,37.970001220703125,37.970001220703125,4866400
2024-10-01,38.0099983215332,38.09000015258789,36.70000076293945,36.90999984741211,36.90999984741211,4316300
2024-10-02,36.849998474121094,36.849998474121094,35.86000061035156,35.970001220703125,35.970001220703125,6463000
2024-10-03,35.90999984741211,36.04999923706055,34.939998626708984,35.08000183105469,35.08000183105469,4135400
2024-10-04,35.25,36.369998931884766,34.939998626708984,36.31999969482422,36.31999969482422,5152700
2024-10-07,36.02000045776367,36.33000183105469,35.59000015258789,35.77000045776367,35.77000045776367,3850700
2024-10-08,35.959999084472656,37.38999938964844,35.939998626708984,37.119998931884766,37.119998931884766,5034200
2024-10-09,36.86000061035156,38.279998779296875,36.849998474121094,37.84000015258789,37.84000015258789,4758300
2024-10-10,37.779998779296875,38.040000915527344,36.90999984741211,37.029998779296875,37.029998779296875,3764400
2024-10-11,37.13999938964844,37.369998931884766,36.4900016784668,36.540000915527344,36.540000915527344,3294800
2024-10-14,36.59000015258789,36.97999954223633,36.310001373291016,36.90999984741211,36.90999984741211,2045600
2024-10-15,36.91999816894531,37.540000915527344,36.59000015258789,36.650001525878906,36.650001525878906,3927300
2024-10-16,36.77000045776367,37.15999984741211,36.650001525878906,36.7599983215332,36.7599983215332,2832100
2024-10-17,36.52000045776367,37.0,36.0099983215332,36.650001525878906,36.650001525878906,3868900
2024-10-18,36.900001525878906,36.9900016784668,36.599998474121094,36.86000061035156,36.86000061035156,1984300
2024-10-21,36.790000915527344,36.849998474121094,36.43000030517578,36.56999969482422,36.56999969482422,1593200
2024-10-22,36.619998931884766,36.75,36.22999954223633,36.59000015258789,36.59000015258789,1827200
2024-10-23,36.439998626708984,36.68000030517578,36.22999954223633,36.470001220703125,36.470001220703125,1818500
2024-10-24,36.709999084472656,37.099998474121094,36.47999954223633,36.72999954223633,36.72999954223633,2767200
2024-10-25,36.599998474121094,36.779998779296875,35.84000015258789,35.970001220703125,35.970001220703125,2171900
2024-10-28,36.22999954223633,36.470001220703125,35.9900016784668,36.0099983215332,36.0099983215332,1886500
2024-10-29,35.95000076293945,36.349998474121094,35.900001525878906,35.9900016784668,35.9900016784668,2515300
2024-10-30,35.79999923706055,36.189998626708984,35.709999084472656,35.86000061035156,35.86000061035156,2671800
2024-10-31,35.70000076293945,36.02000045776367,35.59000015258789,35.70000076293945,35.70000076293945,2722400
2024-11-01,36.0,36.4900016784668,35.81999969482422,35.869998931884766,35.869998931884766,3167100
2024-11-04,36.0099983215332,36.2400016784668,35.779998779296875,35.79999923706055,35.79999923706055,2725800
2024-11-05,35.70000076293945,36.099998474121094,35.29999923706055,36.099998474121094,36.099998474121094,2615200
2024-11-06,36.779998779296875,36.81999969482422,35.689998626708984,36.11000061035156,36.11000061035156,3696300
2024-11-07,35.70000076293945,36.119998931884766,35.119998931884766,36.040000915527344,36.040000915527344,5612400
2024-11-08,35.459999084472656,35.459999084472656,33.779998779296875,34.63999938964844,34.63999938964844,6636800
2024-11-11,35.0,35.0,33.869998931884766,34.220001220703125,34.220001220703125,5636800
2024-11-12,34.220001220703125,34.220001220703125,33.459999084472656,33.83000183105469,33.83000183105469,6113100
2024-11-13,33.709999084472656,33.84000015258789,32.619998931884766,32.630001068115234,32.630001068115234,5369100
2024-11-14,32.68000030517578,32.68000030517578,31.610000610351562,31.700000762939453,31.700000762939453,5660000
2024-11-15,31.75,32.25,31.600000381469727,31.959999084472656,31.959999084472656,4847300
2024-11-18,31.770000457763672,33.220001220703125,31.75,33.02000045776367,33.02000045776367,7004300
2024-11-19,32.709999084472656,32.9900016784668,32.310001373291016,32.52000045776367,32.52000045776367,4518600
2024-11-20,32.52000045776367,32.66999816894531,31.760000228881836,32.630001068115234,32.630001068115234,6315400
2024-11-21,32.4900016784668,33.150001525878906,32.33000183105469,32.9900016784668,32.9900016784668,3782800
2024-11-22,33.040000915527344,33.70000076293945,33.0099983215332,33.209999084472656,33.209999084472656,4646300
2024-11-25,33.540000915527344,33.66999816894531,33.25,33.41999816894531,33.41999816894531,5928900
2024-11-26,33.40999984741211,33.599998474121094,32.599998474121094,32.869998931884766,32.869998931884766,4311100
2024-11-27,33.150001525878906,33.369998931884766,32.97999954223633,33.310001373291016,33.310001373291016,3605700
2024-11-29,33.11000061035156,33.810001373291016,33.11000061035156,33.709999084472656,33.709999084472656,2928300
2024-12-02,33.689998626708984,33.779998779296875,33.36000061035156,33.54999923706055,33.54999923706055,4065100
2024-12-03,33.5099983215332,33.58000183105469,33.099998474121094,33.130001068115234,33.130001068115234,3717600
2024-12-04,33.11000061035156,33.209999084472656,32.68000030517578,33.02000045776367,33.02000045776367,3554400
2024-12-05,32.81999969482422,33.130001068115234,31.889999389648438,31.899999618530273,31.899999618530273,3549100
2024-12-06,31.969999313354492,32.119998931884766,31.649999618530273,31.799999237060547,31.799999237060547,3573600
2024-12-09,31.8700008392334,32.4900016784668,31.670000076293945,31.850000381469727,31.850000381469727,4419300
2024-12-10,31.829999923706055,31.860000610351562,31.280000686645508,31.440000534057617,31.440000534057617,3730700
2024-12-11,31.479999542236328,31.549999237060547,30.770000457763672,31.0,31.0,6650800
2024-12-12,31.110000610351562,31.3799991607666,30.790000915527344,30.84000015258789,30.84000015258789,3785900
2024-12-13,30.700000762939453,30.809999465942383,30.059999465942383,30.31999969482422,30.31999969482422,4259300
2024-12-16,30.020000457763672,30.149999618530273,29.299999237060547,29.420000076293945,29.420000076293945,6759000
2024-12-17,29.170000076293945,30.290000915527344,29.149999618530273,29.639999389648438,29.639999389648438,4614300
2024-12-18,29.59000015258789,29.709999084472656,28.899999618530273,28.90999984741211,28.90999984741211,4872300
2024-12-19,28.719999313354492,29.40999984741211,28.6200008392334,28.899999618530273,28.899999618530273,8152100
2024-12-20,29.34000015258789,29.989999771118164,29.170000076293945,29.5,29.5,12194900
2024-12-23,29.299999237060547,29.540000915527344,28.75,29.18000030517578,29.18000030517578,4988400
2024-12-24,29.010000228881836,29.170000076293945,28.8700008392334,29.079999923706055,29.079999923706055,1577900
2024-12-26,29.0,29.440000534057617,28.799999237060547,29.299999237060547,29.299999237060547,2534200
2024-12-27,29.079999923706055,29.360000610351562,29.020000457763672,29.200000762939453,29.200000762939453,2773300
2024-12-30,29.059999465942383,29.100000381469727,28.34000015258789,28.6299991607666,28.6299991607666,4993700
2024-12-31,28.8700008392334,29.25,28.780000686645508,29.15999984741211,29.15999984741211,3524200
2025-01-02,29.40999984741211,29.75,29.030000686645508,29.260000228881836,29.260000228881836,4014400
2025-01-03,29.280000686645508,29.600000381469727,29.079999923706055,29.5,29.5,2821200
